ISO-10303-21;
HEADER;
/*Generated by software containing ST-Developer
 * from STEP Tools, Inc. (www.steptools.com) 
 */
/*OPTION: using custom renumber hook */
/*description */
/*implementation_level */
FILE_DESCRIPTION(('STEP AP242 Edition 2','STEP AP242 Edition 2''CAx-IF Rec.Pracs.---Representation and Presentation of Product Manufa
cturing Information (PMI)---4.0---2014-10-13','STEP AP242 Edition 2''CAx-IF Rec.Pracs.---Representation and Presentation of Product Manufa
cturing Information (PMI)---4.0---2014-10-13''CAx-IF Rec.Pracs.---3D Tessellated Geometry---0.4---2014-09-14','STEP AP242 Edition 2''CAx-IF Rec.Pracs.---Representation and Presentation of Product Manufa
cturing Information (PMI)---4.0---2014-10-13''CAx-IF Rec.Pracs.---3D Tessellated Geometry---0.4---2014-09-14''2;1','STEP AP242 Edition 2''CAx-IF Rec.Pracs.---Representation and Presentation of Product Manufa
cturing Information (PMI)---4.0---2014-10-13''CAx-IF Rec.Pracs.---3D Tessellated Geometry---0.4---2014-09-14''2;1''CAx-IF Rec.Pracs.---User Defined Attributes---1.5---2016-08-15'),'2;1');
/*name */
/*time_stamp */
/*author */
/*organization */
/*preprocessor_version */
/*originating_system */
/*authorisation */
FILE_NAME('/vol/tmp/translate-8762990399859658370/69a76d47653d10c9e1381043.step','2026-03-03T23:22:48',(''),(''),'ST-DEVELOPER v20','ONSHAPE BY PTC INC, 1.211','  ');
FILE_SCHEMA(('AP242_MANAGED_MODEL_BASED_3D_ENGINEERING_MIM_LF { 1 0 10303 442 3 1 4 }'));
ENDSEC;
DATA;
#10=CONTEXT_DEPENDENT_SHAPE_REPRESENTATION(#16,#16017);
#11=CONTEXT_DEPENDENT_SHAPE_REPRESENTATION(#17,#16019);
#12=CONTEXT_DEPENDENT_SHAPE_REPRESENTATION(#18,#16021);
#13=NEXT_ASSEMBLY_USAGE_OCCURRENCE('NAUO1','difference','difference',#16022,#16023,'');
#14=NEXT_ASSEMBLY_USAGE_OCCURRENCE('NAUO2','difference','difference',#16022,#16024,'');
#15=NEXT_ASSEMBLY_USAGE_OCCURRENCE('NAUO3','BackOfScope','BackOfScope',#16022,#16025,'');
#16=(
REPRESENTATION_RELATIONSHIP(' ',' ',#9870,#9869)
REPRESENTATION_RELATIONSHIP_WITH_TRANSFORMATION(#19)
SHAPE_REPRESENTATION_RELATIONSHIP()
);
#17=(
REPRESENTATION_RELATIONSHIP(' ',' ',#9871,#9869)
REPRESENTATION_RELATIONSHIP_WITH_TRANSFORMATION(#20)
SHAPE_REPRESENTATION_RELATIONSHIP()
);
#18=(
REPRESENTATION_RELATIONSHIP(' ',' ',#9872,#9869)
REPRESENTATION_RELATIONSHIP_WITH_TRANSFORMATION(#21)
SHAPE_REPRESENTATION_RELATIONSHIP()
);
#19=ITEM_DEFINED_TRANSFORMATION(' ',' ',#9873,#9918);
#20=ITEM_DEFINED_TRANSFORMATION(' ',' ',#9873,#10360);
#21=ITEM_DEFINED_TRANSFORMATION(' ',' ',#9873,#10401);
#22=SHAPE_REPRESENTATION_RELATIONSHIP('','',#9870,#25);
#23=SHAPE_REPRESENTATION_RELATIONSHIP('','',#9871,#26);
#24=SHAPE_REPRESENTATION_RELATIONSHIP('','',#9872,#27);
#25=ADVANCED_BREP_SHAPE_REPRESENTATION('',(#9862),#16005);
#26=ADVANCED_BREP_SHAPE_REPRESENTATION('',(#9863),#16006);
#27=ADVANCED_BREP_SHAPE_REPRESENTATION('',(#9864),#16007);
#28=B_SPLINE_CURVE_WITH_KNOTS('',7,(#12851,#12852,#12853,#12854,#12855,#12856,#12857,#12858,#12859,#12860,#12861,#12862,#12863,#12864),.UNSPECIFIED.,.F.,.F.,(8,6,8),(0.,0.463502608988,1.),.UNSPECIFIED.);
#29=B_SPLINE_CURVE_WITH_KNOTS('',7,(#12866,#12867,#12868,#12869,#12870,#12871,#12872,#12873,#12874,#12875,#12876,#12877,#12878,#12879),.UNSPECIFIED.,.F.,.F.,(8,6,8),(0.,0.745749314426,1.),.UNSPECIFIED.);
#30=B_SPLINE_CURVE_WITH_KNOTS('',7,(#13011,#13012,#13013,#13014,#13015,#13016,#13017,#13018,#13019,#13020,#13021,#13022,#13023,#13024,#13025,#13026,#13027,#13028,#13029,#13030,#13031,#13032,#13033,#13034,#13035,#13036,#13037,#13038,#13039,#13040,#13041,#13042,#13043,#13044,#13045,#13046,#13047,#13048,#13049,#13050,#13051,#13052,#13053,#13054,#13055,#13056,#13057,#13058,#13059,#13060),.UNSPECIFIED.,.T.,.F.,(8,6,6,6,6,6,6,6,8),(0.,0.142429470821,0.27638939914,0.443958017201,0.590675632478,0.685926300668,0.790712782254,0.892137994762,1.),.UNSPECIFIED.);
#31=B_SPLINE_CURVE_WITH_KNOTS('',7,(#13063,#13064,#13065,#13066,#13067,#13068,#13069,#13070,#13071,#13072,#13073,#13074,#13075,#13076,#13077,#13078,#13079,#13080,#13081,#13082,#13083,#13084,#13085,#13086,#13087,#13088,#13089,#13090,#13091,#13092,#13093,#13094,#13095,#13096,#13097,#13098,#13099,#13100,#13101,#13102,#13103,#13104,#13105,#13106,#13107,#13108,#13109,#13110,#13111,#13112),.UNSPECIFIED.,.T.,.F.,(8,6,6,6,6,6,6,6,8),(0.,0.128079985511,0.248543718047,0.368890381655,0.4635401859,0.583031278369,0.687625903885,0.839783173785,1.),.UNSPECIFIED.);
#32=B_SPLINE_CURVE_WITH_KNOTS('',7,(#13115,#13116,#13117,#13118,#13119,#13120,#13121,#13122,#13123,#13124,#13125,#13126,#13127,#13128,#13129,#13130,#13131,#13132,#13133,#13134,#13135,#13136,#13137,#13138,#13139,#13140,#13141,#13142,#13143,#13144,#13145,#13146,#13147,#13148,#13149,#13150,#13151,#13152,#13153,#13154,#13155,#13156,#13157,#13158,#13159,#13160,#13161,#13162,#13163,#13164),.UNSPECIFIED.,.T.,.F.,(8,6,6,6,6,6,6,6,8),(0.,0.142429475552,0.276389404454,0.443958019011,0.59067563122,0.685926297443,0.790712776836,0.892137990301,1.),.UNSPECIFIED.);
#33=B_SPLINE_CURVE_WITH_KNOTS('',8,(#13167,#13168,#13169,#13170,#13171,#13172,#13173,#13174,#13175,#13176,#13177,#13178,#13179,#13180,#13181,#13182,#13183,#13184,#13185,#13186,#13187,#13188,#13189,#13190,#13191,#13192,#13193,#13194,#13195,#13196,#13197,#13198,#13199,#13200,#13201,#13202,#13203,#13204,#13205,#13206,#13207,#13208,#13209,#13210,#13211,#13212,#13213,#13214,#13215,#13216,#13217,#13218,#13219,#13220,#13221,#13222,#13223,#13224,#13225,#13226,#13227,#13228,#13229,#13230,#13231,#13232,#13233,#13234,#13235,#13236,#13237,#13238,#13239,#13240,#13241,#13242,#13243,#13244,#13245),.UNSPECIFIED.,.T.,.F.,(9,7,7,7,7,7,7,7,7,7,7,9),(0.,0.04739212660371,0.120335941083,0.180875655077,0.250381591638,0.424916525809,0.550097209145,0.678160812961,0.821781051847,0.881431647678,0.953304165886,1.),.UNSPECIFIED.);
#34=B_SPLINE_CURVE_WITH_KNOTS('',7,(#13248,#13249,#13250,#13251,#13252,#13253,#13254,#13255,#13256,#13257,#13258,#13259,#13260,#13261,#13262,#13263,#13264,#13265,#13266,#13267,#13268,#13269,#13270,#13271,#13272,#13273,#13274,#13275,#13276,#13277,#13278,#13279,#13280,#13281,#13282,#13283,#13284,#13285,#13286,#13287,#13288,#13289,#13290,#13291,#13292,#13293,#13294,#13295,#13296,#13297,#13298,#13299,#13300,#13301,#13302,#13303,#13304,#13305,#13306,#13307,#13308,#13309,#13310,#13311,#13312,#13313,#13314,#13315,#13316,#13317,#13318,#13319,#13320,#13321,#13322,#13323,#13324,#13325,#13326,#13327,#13328,#13329,#13330,#13331,#13332,#13333),.UNSPECIFIED.,.T.,.F.,(8,6,6,6,6,6,6,6,6,6,6,6,6,6,8),(0.,0.04693291977714,0.119169943927,0.179123061461,0.249654175769,0.346070080029,0.420541131725,0.477493119455,0.546426505755,0.618884607485,0.679021208355,0.749768179396,0.846479159416,0.921178125815,1.),.UNSPECIFIED.);
#35=B_SPLINE_CURVE_WITH_KNOTS('',8,(#13336,#13337,#13338,#13339,#13340,#13341,#13342,#13343,#13344,#13345,#13346,#13347,#13348,#13349,#13350,#13351,#13352,#13353,#13354,#13355,#13356,#13357,#13358,#13359,#13360,#13361,#13362,#13363,#13364,#13365,#13366,#13367,#13368,#13369,#13370,#13371,#13372,#13373,#13374,#13375,#13376,#13377,#13378,#13379,#13380,#13381,#13382,#13383,#13384,#13385,#13386,#13387,#13388,#13389,#13390,#13391,#13392,#13393,#13394,#13395,#13396,#13397,#13398,#13399,#13400,#13401,#13402,#13403,#13404,#13405,#13406,#13407,#13408,#13409,#13410,#13411,#13412,#13413,#13414),.UNSPECIFIED.,.T.,.F.,(9,7,7,7,7,7,7,7,7,7,7,9),(0.,0.04739212636109,0.120335940475,0.180875658342,0.25038159463,0.424916528117,0.550097210959,0.678160814269,0.821781052587,0.881431648183,0.95330416609,1.),.UNSPECIFIED.);
#36=CYLINDRICAL_SURFACE('',#9885,0.00225);
#37=CYLINDRICAL_SURFACE('',#9889,0.00225);
#38=CYLINDRICAL_SURFACE('',#9899,0.060959);
#39=CYLINDRICAL_SURFACE('',#9905,0.053059);
#40=CYLINDRICAL_SURFACE('',#9911,0.060959);
#41=CYLINDRICAL_SURFACE('',#9928,0.0016);
#42=CYLINDRICAL_SURFACE('',#9929,0.0016);
#43=CYLINDRICAL_SURFACE('',#9930,0.0016);
#44=CYLINDRICAL_SURFACE('',#9931,0.00425);
#45=CYLINDRICAL_SURFACE('',#9932,0.00425);
#46=CYLINDRICAL_SURFACE('',#9933,0.00425);
#47=CYLINDRICAL_SURFACE('',#9937,0.019939);
#48=CYLINDRICAL_SURFACE('',#10065,0.0115);
#49=CYLINDRICAL_SURFACE('',#10353,0.031115);
#50=CYLINDRICAL_SURFACE('',#10361,0.028575);
#51=CYLINDRICAL_SURFACE('',#10368,0.142367);
#52=CYLINDRICAL_SURFACE('',#10373,0.073787);
#53=CYLINDRICAL_SURFACE('',#10377,0.052959);
#54=CYLINDRICAL_SURFACE('',#10381,0.043434);
#55=CYLINDRICAL_SURFACE('',#10384,0.019685);
#56=CYLINDRICAL_SURFACE('',#10388,0.017145);
#57=CYLINDRICAL_SURFACE('',#10398,0.0254);
#58=ELLIPSE('',#9879,0.070389398323831,0.060959);
#59=ELLIPSE('',#9884,0.070389381914295,0.060959);
#60=CIRCLE('',#9876,0.00225);
#61=CIRCLE('',#9886,0.00225);
#62=CIRCLE('',#9888,0.00225);
#63=CIRCLE('',#9890,0.00225);
#64=CIRCLE('',#9891,0.00225);
#65=CIRCLE('',#9900,0.060959);
#66=CIRCLE('',#9901,0.060959);
#67=CIRCLE('',#9906,0.053059);
#68=CIRCLE('',#9907,0.053059);
#69=CIRCLE('',#9912,0.060959);
#70=CIRCLE('',#9913,0.060959);
#71=CIRCLE('',#9920,0.0016);
#72=CIRCLE('',#9921,0.00425);
#73=CIRCLE('',#9923,0.0016);
#74=CIRCLE('',#9924,0.00425);
#75=CIRCLE('',#9926,0.0016);
#76=CIRCLE('',#9927,0.00425);
#77=CIRCLE('',#9935,0.019939);
#78=CIRCLE('',#9936,0.031115);
#79=CIRCLE('',#9938,0.019939);
#80=CIRCLE('',#10066,0.0115);
#81=CIRCLE('',#10067,0.0115);
#82=CIRCLE('',#10354,0.031115);
#83=CIRCLE('',#10355,0.031115);
#84=CIRCLE('',#10362,0.028575);
#85=CIRCLE('',#10363,0.028575);
#86=CIRCLE('',#10365,0.0254);
#87=CIRCLE('',#10367,0.142367);
#88=CIRCLE('',#10369,0.142367);
#89=CIRCLE('',#10371,0.019685);
#90=CIRCLE('',#10372,0.073787);
#91=CIRCLE('',#10374,0.073787);
#92=CIRCLE('',#10376,0.052959);
#93=CIRCLE('',#10378,0.052959);
#94=CIRCLE('',#10380,0.043434);
#95=CIRCLE('',#10382,0.043434);
#96=CIRCLE('',#10385,0.019685);
#97=CIRCLE('',#10387,0.017145);
#98=CIRCLE('',#10389,0.017145);
#99=CIRCLE('',#10399,0.0254);
#100=ORIENTED_EDGE('',*,*,#2860,.T.);
#101=ORIENTED_EDGE('',*,*,#2861,.T.);
#102=ORIENTED_EDGE('',*,*,#2862,.F.);
#103=ORIENTED_EDGE('',*,*,#2863,.F.);
#104=ORIENTED_EDGE('',*,*,#2864,.T.);
#105=ORIENTED_EDGE('',*,*,#2863,.T.);
#106=ORIENTED_EDGE('',*,*,#2865,.T.);
#107=ORIENTED_EDGE('',*,*,#2866,.T.);
#108=ORIENTED_EDGE('',*,*,#2867,.T.);
#109=ORIENTED_EDGE('',*,*,#2868,.T.);
#110=ORIENTED_EDGE('',*,*,#2869,.T.);
#111=ORIENTED_EDGE('',*,*,#2870,.F.);
#112=ORIENTED_EDGE('',*,*,#2871,.F.);
#113=ORIENTED_EDGE('',*,*,#2861,.F.);
#114=ORIENTED_EDGE('',*,*,#2872,.F.);
#115=ORIENTED_EDGE('',*,*,#2865,.F.);
#116=ORIENTED_EDGE('',*,*,#2862,.T.);
#117=ORIENTED_EDGE('',*,*,#2871,.T.);
#118=ORIENTED_EDGE('',*,*,#2873,.T.);
#119=ORIENTED_EDGE('',*,*,#2874,.T.);
#120=ORIENTED_EDGE('',*,*,#2875,.F.);
#121=ORIENTED_EDGE('',*,*,#2866,.F.);
#122=ORIENTED_EDGE('',*,*,#2875,.T.);
#123=ORIENTED_EDGE('',*,*,#2876,.T.);
#124=ORIENTED_EDGE('',*,*,#2877,.F.);
#125=ORIENTED_EDGE('',*,*,#2867,.F.);
#126=ORIENTED_EDGE('',*,*,#2877,.T.);
#127=ORIENTED_EDGE('',*,*,#2878,.T.);
#128=ORIENTED_EDGE('',*,*,#2879,.F.);
#129=ORIENTED_EDGE('',*,*,#2868,.F.);
#130=ORIENTED_EDGE('',*,*,#2879,.T.);
#131=ORIENTED_EDGE('',*,*,#2880,.T.);
#132=ORIENTED_EDGE('',*,*,#2881,.F.);
#133=ORIENTED_EDGE('',*,*,#2869,.F.);
#134=ORIENTED_EDGE('',*,*,#2881,.T.);
#135=ORIENTED_EDGE('',*,*,#2882,.T.);
#136=ORIENTED_EDGE('',*,*,#2883,.T.);
#137=ORIENTED_EDGE('',*,*,#2872,.T.);
#138=ORIENTED_EDGE('',*,*,#2860,.F.);
#139=ORIENTED_EDGE('',*,*,#2864,.F.);
#140=ORIENTED_EDGE('',*,*,#2884,.T.);
#141=ORIENTED_EDGE('',*,*,#2885,.T.);
#142=ORIENTED_EDGE('',*,*,#2886,.T.);
#143=ORIENTED_EDGE('',*,*,#2887,.F.);
#144=ORIENTED_EDGE('',*,*,#2888,.F.);
#145=ORIENTED_EDGE('',*,*,#2885,.F.);
#146=ORIENTED_EDGE('',*,*,#2889,.F.);
#147=ORIENTED_EDGE('',*,*,#2890,.T.);
#148=ORIENTED_EDGE('',*,*,#2891,.T.);
#149=ORIENTED_EDGE('',*,*,#2892,.T.);
#150=ORIENTED_EDGE('',*,*,#2893,.T.);
#151=ORIENTED_EDGE('',*,*,#2894,.T.);
#152=ORIENTED_EDGE('',*,*,#2895,.T.);
#153=ORIENTED_EDGE('',*,*,#2894,.F.);
#154=ORIENTED_EDGE('',*,*,#2896,.T.);
#155=ORIENTED_EDGE('',*,*,#2897,.F.);
#156=ORIENTED_EDGE('',*,*,#2898,.T.);
#157=ORIENTED_EDGE('',*,*,#2899,.F.);
#158=ORIENTED_EDGE('',*,*,#2900,.T.);
#159=ORIENTED_EDGE('',*,*,#2897,.T.);
#160=ORIENTED_EDGE('',*,*,#2901,.T.);
#161=ORIENTED_EDGE('',*,*,#2902,.T.);
#162=ORIENTED_EDGE('',*,*,#2899,.T.);
#163=ORIENTED_EDGE('',*,*,#2903,.T.);
#164=ORIENTED_EDGE('',*,*,#2904,.T.);
#165=ORIENTED_EDGE('',*,*,#2905,.T.);
#166=ORIENTED_EDGE('',*,*,#2906,.T.);
#167=ORIENTED_EDGE('',*,*,#2901,.F.);
#168=ORIENTED_EDGE('',*,*,#2907,.F.);
#169=ORIENTED_EDGE('',*,*,#2908,.F.);
#170=ORIENTED_EDGE('',*,*,#2909,.T.);
#171=ORIENTED_EDGE('',*,*,#2905,.F.);
#172=ORIENTED_EDGE('',*,*,#2908,.T.);
#173=ORIENTED_EDGE('',*,*,#2910,.F.);
#174=ORIENTED_EDGE('',*,*,#2911,.T.);
#175=ORIENTED_EDGE('',*,*,#2912,.T.);
#176=ORIENTED_EDGE('',*,*,#2913,.T.);
#177=ORIENTED_EDGE('',*,*,#2873,.F.);
#178=ORIENTED_EDGE('',*,*,#2870,.T.);
#179=ORIENTED_EDGE('',*,*,#2883,.F.);
#180=ORIENTED_EDGE('',*,*,#2914,.T.);
#181=ORIENTED_EDGE('',*,*,#2915,.T.);
#182=ORIENTED_EDGE('',*,*,#2911,.F.);
#183=ORIENTED_EDGE('',*,*,#2916,.F.);
#184=ORIENTED_EDGE('',*,*,#2914,.F.);
#185=ORIENTED_EDGE('',*,*,#2882,.F.);
#186=ORIENTED_EDGE('',*,*,#2880,.F.);
#187=ORIENTED_EDGE('',*,*,#2878,.F.);
#188=ORIENTED_EDGE('',*,*,#2876,.F.);
#189=ORIENTED_EDGE('',*,*,#2874,.F.);
#190=ORIENTED_EDGE('',*,*,#2913,.F.);
#191=ORIENTED_EDGE('',*,*,#2917,.F.);
#192=ORIENTED_EDGE('',*,*,#2918,.F.);
#193=ORIENTED_EDGE('',*,*,#2919,.T.);
#194=ORIENTED_EDGE('',*,*,#2920,.F.);
#195=ORIENTED_EDGE('',*,*,#2921,.F.);
#196=ORIENTED_EDGE('',*,*,#2918,.T.);
#197=ORIENTED_EDGE('',*,*,#2922,.T.);
#198=ORIENTED_EDGE('',*,*,#2884,.F.);
#199=ORIENTED_EDGE('',*,*,#2923,.T.);
#200=ORIENTED_EDGE('',*,*,#2924,.F.);
#201=ORIENTED_EDGE('',*,*,#2920,.T.);
#202=ORIENTED_EDGE('',*,*,#2925,.F.);
#203=ORIENTED_EDGE('',*,*,#2923,.F.);
#204=ORIENTED_EDGE('',*,*,#2926,.F.);
#205=ORIENTED_EDGE('',*,*,#2927,.T.);
#206=ORIENTED_EDGE('',*,*,#2928,.T.);
#207=ORIENTED_EDGE('',*,*,#2887,.T.);
#208=ORIENTED_EDGE('',*,*,#2929,.T.);
#209=ORIENTED_EDGE('',*,*,#2930,.F.);
#210=ORIENTED_EDGE('',*,*,#2931,.T.);
#211=ORIENTED_EDGE('',*,*,#2927,.F.);
#212=ORIENTED_EDGE('',*,*,#2932,.F.);
#213=ORIENTED_EDGE('',*,*,#2933,.F.);
#214=ORIENTED_EDGE('',*,*,#2930,.T.);
#215=ORIENTED_EDGE('',*,*,#2934,.T.);
#216=ORIENTED_EDGE('',*,*,#2935,.F.);
#217=ORIENTED_EDGE('',*,*,#2932,.T.);
#218=ORIENTED_EDGE('',*,*,#2936,.T.);
#219=ORIENTED_EDGE('',*,*,#2937,.T.);
#220=ORIENTED_EDGE('',*,*,#2890,.F.);
#221=ORIENTED_EDGE('',*,*,#2938,.T.);
#222=ORIENTED_EDGE('',*,*,#2938,.F.);
#223=ORIENTED_EDGE('',*,*,#2889,.T.);
#224=ORIENTED_EDGE('',*,*,#2886,.F.);
#225=ORIENTED_EDGE('',*,*,#2888,.T.);
#226=ORIENTED_EDGE('',*,*,#2937,.F.);
#227=ORIENTED_EDGE('',*,*,#2939,.F.);
#228=ORIENTED_EDGE('',*,*,#2940,.T.);
#229=ORIENTED_EDGE('',*,*,#2941,.T.);
#230=ORIENTED_EDGE('',*,*,#2942,.F.);
#231=ORIENTED_EDGE('',*,*,#2939,.T.);
#232=ORIENTED_EDGE('',*,*,#2936,.F.);
#233=ORIENTED_EDGE('',*,*,#2934,.F.);
#234=ORIENTED_EDGE('',*,*,#2929,.F.);
#235=ORIENTED_EDGE('',*,*,#2926,.T.);
#236=ORIENTED_EDGE('',*,*,#2925,.T.);
#237=ORIENTED_EDGE('',*,*,#2922,.F.);
#238=ORIENTED_EDGE('',*,*,#2917,.T.);
#239=ORIENTED_EDGE('',*,*,#2916,.T.);
#240=ORIENTED_EDGE('',*,*,#2910,.T.);
#241=ORIENTED_EDGE('',*,*,#2907,.T.);
#242=ORIENTED_EDGE('',*,*,#2904,.F.);
#243=ORIENTED_EDGE('',*,*,#2903,.F.);
#244=ORIENTED_EDGE('',*,*,#2898,.F.);
#245=ORIENTED_EDGE('',*,*,#2896,.F.);
#246=ORIENTED_EDGE('',*,*,#2893,.F.);
#247=ORIENTED_EDGE('',*,*,#2943,.T.);
#248=ORIENTED_EDGE('',*,*,#2943,.F.);
#249=ORIENTED_EDGE('',*,*,#2892,.F.);
#250=ORIENTED_EDGE('',*,*,#2944,.T.);
#251=ORIENTED_EDGE('',*,*,#2945,.T.);
#252=ORIENTED_EDGE('',*,*,#2941,.F.);
#253=ORIENTED_EDGE('',*,*,#2946,.T.);
#254=ORIENTED_EDGE('',*,*,#2944,.F.);
#255=ORIENTED_EDGE('',*,*,#2891,.F.);
#256=ORIENTED_EDGE('',*,*,#2895,.F.);
#257=ORIENTED_EDGE('',*,*,#2900,.F.);
#258=ORIENTED_EDGE('',*,*,#2902,.F.);
#259=ORIENTED_EDGE('',*,*,#2906,.F.);
#260=ORIENTED_EDGE('',*,*,#2909,.F.);
#261=ORIENTED_EDGE('',*,*,#2912,.F.);
#262=ORIENTED_EDGE('',*,*,#2915,.F.);
#263=ORIENTED_EDGE('',*,*,#2919,.F.);
#264=ORIENTED_EDGE('',*,*,#2921,.T.);
#265=ORIENTED_EDGE('',*,*,#2924,.T.);
#266=ORIENTED_EDGE('',*,*,#2928,.F.);
#267=ORIENTED_EDGE('',*,*,#2931,.F.);
#268=ORIENTED_EDGE('',*,*,#2933,.T.);
#269=ORIENTED_EDGE('',*,*,#2935,.T.);
#270=ORIENTED_EDGE('',*,*,#2946,.F.);
#271=ORIENTED_EDGE('',*,*,#2940,.F.);
#272=ORIENTED_EDGE('',*,*,#2942,.T.);
#273=ORIENTED_EDGE('',*,*,#2945,.F.);
#274=ORIENTED_EDGE('',*,*,#2947,.T.);
#275=ORIENTED_EDGE('',*,*,#2948,.T.);
#276=ORIENTED_EDGE('',*,*,#2949,.T.);
#277=ORIENTED_EDGE('',*,*,#2950,.T.);
#278=ORIENTED_EDGE('',*,*,#2951,.T.);
#279=ORIENTED_EDGE('',*,*,#2952,.T.);
#280=ORIENTED_EDGE('',*,*,#2947,.F.);
#281=ORIENTED_EDGE('',*,*,#2953,.F.);
#282=ORIENTED_EDGE('',*,*,#2949,.F.);
#283=ORIENTED_EDGE('',*,*,#2954,.F.);
#284=ORIENTED_EDGE('',*,*,#2951,.F.);
#285=ORIENTED_EDGE('',*,*,#2955,.F.);
#286=ORIENTED_EDGE('',*,*,#2956,.T.);
#287=ORIENTED_EDGE('',*,*,#2948,.F.);
#288=ORIENTED_EDGE('',*,*,#2957,.T.);
#289=ORIENTED_EDGE('',*,*,#2950,.F.);
#290=ORIENTED_EDGE('',*,*,#2958,.T.);
#291=ORIENTED_EDGE('',*,*,#2952,.F.);
#292=ORIENTED_EDGE('',*,*,#2959,.T.);
#293=ORIENTED_EDGE('',*,*,#2960,.T.);
#294=ORIENTED_EDGE('',*,*,#2959,.F.);
#295=ORIENTED_EDGE('',*,*,#2953,.T.);
#296=ORIENTED_EDGE('',*,*,#2954,.T.);
#297=ORIENTED_EDGE('',*,*,#2955,.T.);
#298=ORIENTED_EDGE('',*,*,#2961,.T.);
#299=ORIENTED_EDGE('',*,*,#2962,.F.);
#300=ORIENTED_EDGE('',*,*,#2963,.T.);
#301=ORIENTED_EDGE('',*,*,#2964,.F.);
#302=ORIENTED_EDGE('',*,*,#2965,.T.);
#303=ORIENTED_EDGE('',*,*,#2964,.T.);
#304=ORIENTED_EDGE('',*,*,#2966,.T.);
#305=ORIENTED_EDGE('',*,*,#2967,.F.);
#306=ORIENTED_EDGE('',*,*,#2968,.T.);
#307=ORIENTED_EDGE('',*,*,#2969,.T.);
#308=ORIENTED_EDGE('',*,*,#2970,.F.);
#309=ORIENTED_EDGE('',*,*,#2971,.T.);
#310=ORIENTED_EDGE('',*,*,#2967,.T.);
#311=ORIENTED_EDGE('',*,*,#2972,.T.);
#312=ORIENTED_EDGE('',*,*,#2973,.F.);
#313=ORIENTED_EDGE('',*,*,#2974,.T.);
#314=ORIENTED_EDGE('',*,*,#2970,.T.);
#315=ORIENTED_EDGE('',*,*,#2973,.T.);
#316=ORIENTED_EDGE('',*,*,#2975,.T.);
#317=ORIENTED_EDGE('',*,*,#2976,.F.);
#318=ORIENTED_EDGE('',*,*,#2977,.T.);
#319=ORIENTED_EDGE('',*,*,#2976,.T.);
#320=ORIENTED_EDGE('',*,*,#2978,.T.);
#321=ORIENTED_EDGE('',*,*,#2979,.F.);
#322=ORIENTED_EDGE('',*,*,#2980,.T.);
#323=ORIENTED_EDGE('',*,*,#2981,.T.);
#324=ORIENTED_EDGE('',*,*,#2982,.T.);
#325=ORIENTED_EDGE('',*,*,#2979,.T.);
#326=ORIENTED_EDGE('',*,*,#2983,.T.);
#327=ORIENTED_EDGE('',*,*,#2984,.T.);
#328=ORIENTED_EDGE('',*,*,#2981,.F.);
#329=ORIENTED_EDGE('',*,*,#2985,.T.);
#330=ORIENTED_EDGE('',*,*,#2986,.T.);
#331=ORIENTED_EDGE('',*,*,#2987,.F.);
#332=ORIENTED_EDGE('',*,*,#2988,.T.);
#333=ORIENTED_EDGE('',*,*,#2986,.F.);
#334=ORIENTED_EDGE('',*,*,#2989,.T.);
#335=ORIENTED_EDGE('',*,*,#2990,.T.);
#336=ORIENTED_EDGE('',*,*,#2991,.F.);
#337=ORIENTED_EDGE('',*,*,#2992,.T.);
#338=ORIENTED_EDGE('',*,*,#2987,.T.);
#339=ORIENTED_EDGE('',*,*,#2991,.T.);
#340=ORIENTED_EDGE('',*,*,#2993,.T.);
#341=ORIENTED_EDGE('',*,*,#2994,.T.);
#342=ORIENTED_EDGE('',*,*,#2995,.T.);
#343=ORIENTED_EDGE('',*,*,#2994,.F.);
#344=ORIENTED_EDGE('',*,*,#2996,.T.);
#345=ORIENTED_EDGE('',*,*,#2997,.F.);
#346=ORIENTED_EDGE('',*,*,#2998,.T.);
#347=ORIENTED_EDGE('',*,*,#2997,.T.);
#348=ORIENTED_EDGE('',*,*,#2999,.T.);
#349=ORIENTED_EDGE('',*,*,#3000,.F.);
#350=ORIENTED_EDGE('',*,*,#3001,.T.);
#351=ORIENTED_EDGE('',*,*,#3002,.T.);
#352=ORIENTED_EDGE('',*,*,#3003,.F.);
#353=ORIENTED_EDGE('',*,*,#3004,.T.);
#354=ORIENTED_EDGE('',*,*,#3000,.T.);
#355=ORIENTED_EDGE('',*,*,#3005,.T.);
#356=ORIENTED_EDGE('',*,*,#3003,.T.);
#357=ORIENTED_EDGE('',*,*,#3006,.T.);
#358=ORIENTED_EDGE('',*,*,#3007,.T.);
#359=ORIENTED_EDGE('',*,*,#3008,.T.);
#360=ORIENTED_EDGE('',*,*,#3007,.F.);
#361=ORIENTED_EDGE('',*,*,#3009,.T.);
#362=ORIENTED_EDGE('',*,*,#3010,.T.);
#363=ORIENTED_EDGE('',*,*,#3011,.T.);
#364=ORIENTED_EDGE('',*,*,#3012,.T.);
#365=ORIENTED_EDGE('',*,*,#3010,.F.);
#366=ORIENTED_EDGE('',*,*,#3013,.T.);
#367=ORIENTED_EDGE('',*,*,#3014,.T.);
#368=ORIENTED_EDGE('',*,*,#3015,.T.);
#369=ORIENTED_EDGE('',*,*,#3011,.F.);
#370=ORIENTED_EDGE('',*,*,#3016,.T.);
#371=ORIENTED_EDGE('',*,*,#3017,.T.);
#372=ORIENTED_EDGE('',*,*,#3018,.F.);
#373=ORIENTED_EDGE('',*,*,#3019,.T.);
#374=ORIENTED_EDGE('',*,*,#3014,.F.);
#375=ORIENTED_EDGE('',*,*,#3020,.T.);
#376=ORIENTED_EDGE('',*,*,#3021,.T.);
#377=ORIENTED_EDGE('',*,*,#3022,.T.);
#378=ORIENTED_EDGE('',*,*,#3018,.T.);
#379=ORIENTED_EDGE('',*,*,#3023,.T.);
#380=ORIENTED_EDGE('',*,*,#3024,.T.);
#381=ORIENTED_EDGE('',*,*,#3025,.T.);
#382=ORIENTED_EDGE('',*,*,#3021,.F.);
#383=ORIENTED_EDGE('',*,*,#3026,.T.);
#384=ORIENTED_EDGE('',*,*,#3027,.T.);
#385=ORIENTED_EDGE('',*,*,#3024,.F.);
#386=ORIENTED_EDGE('',*,*,#3028,.T.);
#387=ORIENTED_EDGE('',*,*,#3026,.F.);
#388=ORIENTED_EDGE('',*,*,#3029,.T.);
#389=ORIENTED_EDGE('',*,*,#3030,.T.);
#390=ORIENTED_EDGE('',*,*,#3031,.T.);
#391=ORIENTED_EDGE('',*,*,#3032,.T.);
#392=ORIENTED_EDGE('',*,*,#3030,.F.);
#393=ORIENTED_EDGE('',*,*,#3033,.T.);
#394=ORIENTED_EDGE('',*,*,#3034,.F.);
#395=ORIENTED_EDGE('',*,*,#3035,.T.);
#396=ORIENTED_EDGE('',*,*,#3036,.F.);
#397=ORIENTED_EDGE('',*,*,#3037,.T.);
#398=ORIENTED_EDGE('',*,*,#3034,.T.);
#399=ORIENTED_EDGE('',*,*,#3038,.T.);
#400=ORIENTED_EDGE('',*,*,#3036,.T.);
#401=ORIENTED_EDGE('',*,*,#3039,.T.);
#402=ORIENTED_EDGE('',*,*,#3040,.T.);
#403=ORIENTED_EDGE('',*,*,#3041,.T.);
#404=ORIENTED_EDGE('',*,*,#3042,.T.);
#405=ORIENTED_EDGE('',*,*,#3040,.F.);
#406=ORIENTED_EDGE('',*,*,#3043,.T.);
#407=ORIENTED_EDGE('',*,*,#3044,.F.);
#408=ORIENTED_EDGE('',*,*,#3045,.T.);
#409=ORIENTED_EDGE('',*,*,#3041,.F.);
#410=ORIENTED_EDGE('',*,*,#3046,.T.);
#411=ORIENTED_EDGE('',*,*,#3044,.T.);
#412=ORIENTED_EDGE('',*,*,#3047,.T.);
#413=ORIENTED_EDGE('',*,*,#3048,.F.);
#414=ORIENTED_EDGE('',*,*,#3049,.T.);
#415=ORIENTED_EDGE('',*,*,#3048,.T.);
#416=ORIENTED_EDGE('',*,*,#3050,.T.);
#417=ORIENTED_EDGE('',*,*,#3051,.T.);
#418=ORIENTED_EDGE('',*,*,#3052,.T.);
#419=ORIENTED_EDGE('',*,*,#3053,.T.);
#420=ORIENTED_EDGE('',*,*,#3054,.F.);
#421=ORIENTED_EDGE('',*,*,#3055,.T.);
#422=ORIENTED_EDGE('',*,*,#3051,.F.);
#423=ORIENTED_EDGE('',*,*,#3056,.T.);
#424=ORIENTED_EDGE('',*,*,#3057,.T.);
#425=ORIENTED_EDGE('',*,*,#3058,.T.);
#426=ORIENTED_EDGE('',*,*,#3054,.T.);
#427=ORIENTED_EDGE('',*,*,#3059,.T.);
#428=ORIENTED_EDGE('',*,*,#3060,.T.);
#429=ORIENTED_EDGE('',*,*,#3061,.T.);
#430=ORIENTED_EDGE('',*,*,#3057,.F.);
#431=ORIENTED_EDGE('',*,*,#3062,.T.);
#432=ORIENTED_EDGE('',*,*,#3063,.T.);
#433=ORIENTED_EDGE('',*,*,#3060,.F.);
#434=ORIENTED_EDGE('',*,*,#3064,.T.);
#435=ORIENTED_EDGE('',*,*,#3062,.F.);
#436=ORIENTED_EDGE('',*,*,#3065,.T.);
#437=ORIENTED_EDGE('',*,*,#3066,.F.);
#438=ORIENTED_EDGE('',*,*,#3067,.T.);
#439=ORIENTED_EDGE('',*,*,#3068,.T.);
#440=ORIENTED_EDGE('',*,*,#3069,.F.);
#441=ORIENTED_EDGE('',*,*,#3070,.T.);
#442=ORIENTED_EDGE('',*,*,#3066,.T.);
#443=ORIENTED_EDGE('',*,*,#3071,.T.);
#444=ORIENTED_EDGE('',*,*,#3072,.F.);
#445=ORIENTED_EDGE('',*,*,#3073,.T.);
#446=ORIENTED_EDGE('',*,*,#3069,.T.);
#447=ORIENTED_EDGE('',*,*,#3074,.T.);
#448=ORIENTED_EDGE('',*,*,#3075,.T.);
#449=ORIENTED_EDGE('',*,*,#3076,.T.);
#450=ORIENTED_EDGE('',*,*,#3072,.T.);
#451=ORIENTED_EDGE('',*,*,#3075,.F.);
#452=ORIENTED_EDGE('',*,*,#3077,.T.);
#453=ORIENTED_EDGE('',*,*,#3078,.T.);
#454=ORIENTED_EDGE('',*,*,#3079,.T.);
#455=ORIENTED_EDGE('',*,*,#3078,.F.);
#456=ORIENTED_EDGE('',*,*,#3080,.T.);
#457=ORIENTED_EDGE('',*,*,#3081,.F.);
#458=ORIENTED_EDGE('',*,*,#3082,.T.);
#459=ORIENTED_EDGE('',*,*,#3083,.T.);
#460=ORIENTED_EDGE('',*,*,#3084,.F.);
#461=ORIENTED_EDGE('',*,*,#3085,.T.);
#462=ORIENTED_EDGE('',*,*,#3081,.T.);
#463=ORIENTED_EDGE('',*,*,#3084,.T.);
#464=ORIENTED_EDGE('',*,*,#3086,.T.);
#465=ORIENTED_EDGE('',*,*,#3087,.T.);
#466=ORIENTED_EDGE('',*,*,#3088,.T.);
#467=ORIENTED_EDGE('',*,*,#3089,.T.);
#468=ORIENTED_EDGE('',*,*,#3087,.F.);
#469=ORIENTED_EDGE('',*,*,#3090,.T.);
#470=ORIENTED_EDGE('',*,*,#3091,.T.);
#471=ORIENTED_EDGE('',*,*,#3092,.T.);
#472=ORIENTED_EDGE('',*,*,#3091,.F.);
#473=ORIENTED_EDGE('',*,*,#3093,.T.);
#474=ORIENTED_EDGE('',*,*,#3094,.T.);
#475=ORIENTED_EDGE('',*,*,#3095,.F.);
#476=ORIENTED_EDGE('',*,*,#3096,.T.);
#477=ORIENTED_EDGE('',*,*,#3094,.F.);
#478=ORIENTED_EDGE('',*,*,#3097,.T.);
#479=ORIENTED_EDGE('',*,*,#3098,.T.);
#480=ORIENTED_EDGE('',*,*,#3099,.F.);
#481=ORIENTED_EDGE('',*,*,#3100,.T.);
#482=ORIENTED_EDGE('',*,*,#3095,.T.);
#483=ORIENTED_EDGE('',*,*,#3099,.T.);
#484=ORIENTED_EDGE('',*,*,#3101,.T.);
#485=ORIENTED_EDGE('',*,*,#3102,.F.);
#486=ORIENTED_EDGE('',*,*,#3103,.T.);
#487=ORIENTED_EDGE('',*,*,#3104,.T.);
#488=ORIENTED_EDGE('',*,*,#3102,.T.);
#489=ORIENTED_EDGE('',*,*,#3105,.T.);
#490=ORIENTED_EDGE('',*,*,#3106,.T.);
#491=ORIENTED_EDGE('',*,*,#3107,.T.);
#492=ORIENTED_EDGE('',*,*,#3106,.F.);
#493=ORIENTED_EDGE('',*,*,#3108,.T.);
#494=ORIENTED_EDGE('',*,*,#3109,.T.);
#495=ORIENTED_EDGE('',*,*,#3110,.T.);
#496=ORIENTED_EDGE('',*,*,#3109,.F.);
#497=ORIENTED_EDGE('',*,*,#3111,.T.);
#498=ORIENTED_EDGE('',*,*,#3112,.T.);
#499=ORIENTED_EDGE('',*,*,#3112,.F.);
#500=ORIENTED_EDGE('',*,*,#3113,.T.);
#501=ORIENTED_EDGE('',*,*,#3114,.F.);
#502=ORIENTED_EDGE('',*,*,#3115,.T.);
#503=ORIENTED_EDGE('',*,*,#3116,.T.);
#504=ORIENTED_EDGE('',*,*,#3117,.F.);
#505=ORIENTED_EDGE('',*,*,#3118,.T.);
#506=ORIENTED_EDGE('',*,*,#3114,.T.);
#507=ORIENTED_EDGE('',*,*,#3119,.T.);
#508=ORIENTED_EDGE('',*,*,#3120,.F.);
#509=ORIENTED_EDGE('',*,*,#3121,.T.);
#510=ORIENTED_EDGE('',*,*,#3117,.T.);
#511=ORIENTED_EDGE('',*,*,#3122,.T.);
#512=ORIENTED_EDGE('',*,*,#3123,.F.);
#513=ORIENTED_EDGE('',*,*,#3124,.T.);
#514=ORIENTED_EDGE('',*,*,#3120,.T.);
#515=ORIENTED_EDGE('',*,*,#3125,.T.);
#516=ORIENTED_EDGE('',*,*,#3126,.F.);
#517=ORIENTED_EDGE('',*,*,#3127,.T.);
#518=ORIENTED_EDGE('',*,*,#3123,.T.);
#519=ORIENTED_EDGE('',*,*,#3128,.T.);
#520=ORIENTED_EDGE('',*,*,#3129,.F.);
#521=ORIENTED_EDGE('',*,*,#3130,.T.);
#522=ORIENTED_EDGE('',*,*,#3126,.T.);
#523=ORIENTED_EDGE('',*,*,#3129,.T.);
#524=ORIENTED_EDGE('',*,*,#3131,.T.);
#525=ORIENTED_EDGE('',*,*,#3132,.F.);
#526=ORIENTED_EDGE('',*,*,#3133,.T.);
#527=ORIENTED_EDGE('',*,*,#3132,.T.);
#528=ORIENTED_EDGE('',*,*,#3134,.T.);
#529=ORIENTED_EDGE('',*,*,#3135,.F.);
#530=ORIENTED_EDGE('',*,*,#3136,.T.);
#531=ORIENTED_EDGE('',*,*,#3135,.T.);
#532=ORIENTED_EDGE('',*,*,#3137,.T.);
#533=ORIENTED_EDGE('',*,*,#3138,.F.);
#534=ORIENTED_EDGE('',*,*,#3139,.T.);
#535=ORIENTED_EDGE('',*,*,#3138,.T.);
#536=ORIENTED_EDGE('',*,*,#3140,.T.);
#537=ORIENTED_EDGE('',*,*,#3141,.F.);
#538=ORIENTED_EDGE('',*,*,#3142,.T.);
#539=ORIENTED_EDGE('',*,*,#3141,.T.);
#540=ORIENTED_EDGE('',*,*,#3143,.T.);
#541=ORIENTED_EDGE('',*,*,#3144,.F.);
#542=ORIENTED_EDGE('',*,*,#3145,.T.);
#543=ORIENTED_EDGE('',*,*,#3146,.T.);
#544=ORIENTED_EDGE('',*,*,#3147,.F.);
#545=ORIENTED_EDGE('',*,*,#3148,.T.);
#546=ORIENTED_EDGE('',*,*,#3144,.T.);
#547=ORIENTED_EDGE('',*,*,#3147,.T.);
#548=ORIENTED_EDGE('',*,*,#3149,.T.);
#549=ORIENTED_EDGE('',*,*,#3150,.F.);
#550=ORIENTED_EDGE('',*,*,#3151,.T.);
#551=ORIENTED_EDGE('',*,*,#3152,.T.);
#552=ORIENTED_EDGE('',*,*,#3153,.F.);
#553=ORIENTED_EDGE('',*,*,#3154,.T.);
#554=ORIENTED_EDGE('',*,*,#3150,.T.);
#555=ORIENTED_EDGE('',*,*,#3155,.T.);
#556=ORIENTED_EDGE('',*,*,#3156,.F.);
#557=ORIENTED_EDGE('',*,*,#3157,.T.);
#558=ORIENTED_EDGE('',*,*,#3153,.T.);
#559=ORIENTED_EDGE('',*,*,#3156,.T.);
#560=ORIENTED_EDGE('',*,*,#3158,.T.);
#561=ORIENTED_EDGE('',*,*,#3159,.F.);
#562=ORIENTED_EDGE('',*,*,#3160,.T.);
#563=ORIENTED_EDGE('',*,*,#3159,.T.);
#564=ORIENTED_EDGE('',*,*,#3161,.T.);
#565=ORIENTED_EDGE('',*,*,#3162,.F.);
#566=ORIENTED_EDGE('',*,*,#3163,.T.);
#567=ORIENTED_EDGE('',*,*,#3164,.T.);
#568=ORIENTED_EDGE('',*,*,#3165,.F.);
#569=ORIENTED_EDGE('',*,*,#3166,.T.);
#570=ORIENTED_EDGE('',*,*,#3162,.T.);
#571=ORIENTED_EDGE('',*,*,#3165,.T.);
#572=ORIENTED_EDGE('',*,*,#3167,.T.);
#573=ORIENTED_EDGE('',*,*,#3168,.F.);
#574=ORIENTED_EDGE('',*,*,#3169,.T.);
#575=ORIENTED_EDGE('',*,*,#3168,.T.);
#576=ORIENTED_EDGE('',*,*,#3170,.T.);
#577=ORIENTED_EDGE('',*,*,#3171,.F.);
#578=ORIENTED_EDGE('',*,*,#3172,.T.);
#579=ORIENTED_EDGE('',*,*,#3173,.T.);
#580=ORIENTED_EDGE('',*,*,#3174,.F.);
#581=ORIENTED_EDGE('',*,*,#3175,.T.);
#582=ORIENTED_EDGE('',*,*,#3171,.T.);
#583=ORIENTED_EDGE('',*,*,#3176,.T.);
#584=ORIENTED_EDGE('',*,*,#3177,.F.);
#585=ORIENTED_EDGE('',*,*,#3178,.T.);
#586=ORIENTED_EDGE('',*,*,#3174,.T.);
#587=ORIENTED_EDGE('',*,*,#3177,.T.);
#588=ORIENTED_EDGE('',*,*,#3179,.T.);
#589=ORIENTED_EDGE('',*,*,#3180,.F.);
#590=ORIENTED_EDGE('',*,*,#3181,.T.);
#591=ORIENTED_EDGE('',*,*,#3180,.T.);
#592=ORIENTED_EDGE('',*,*,#3182,.T.);
#593=ORIENTED_EDGE('',*,*,#3183,.F.);
#594=ORIENTED_EDGE('',*,*,#3184,.T.);
#595=ORIENTED_EDGE('',*,*,#3185,.T.);
#596=ORIENTED_EDGE('',*,*,#3186,.F.);
#597=ORIENTED_EDGE('',*,*,#3187,.T.);
#598=ORIENTED_EDGE('',*,*,#3183,.T.);
#599=ORIENTED_EDGE('',*,*,#3186,.T.);
#600=ORIENTED_EDGE('',*,*,#3188,.T.);
#601=ORIENTED_EDGE('',*,*,#3189,.F.);
#602=ORIENTED_EDGE('',*,*,#3190,.T.);
#603=ORIENTED_EDGE('',*,*,#3189,.T.);
#604=ORIENTED_EDGE('',*,*,#3191,.T.);
#605=ORIENTED_EDGE('',*,*,#3192,.F.);
#606=ORIENTED_EDGE('',*,*,#3193,.T.);
#607=ORIENTED_EDGE('',*,*,#3192,.T.);
#608=ORIENTED_EDGE('',*,*,#3194,.T.);
#609=ORIENTED_EDGE('',*,*,#3195,.F.);
#610=ORIENTED_EDGE('',*,*,#3196,.T.);
#611=ORIENTED_EDGE('',*,*,#3195,.T.);
#612=ORIENTED_EDGE('',*,*,#3197,.T.);
#613=ORIENTED_EDGE('',*,*,#3198,.F.);
#614=ORIENTED_EDGE('',*,*,#3199,.T.);
#615=ORIENTED_EDGE('',*,*,#3200,.T.);
#616=ORIENTED_EDGE('',*,*,#3201,.F.);
#617=ORIENTED_EDGE('',*,*,#3202,.T.);
#618=ORIENTED_EDGE('',*,*,#3198,.T.);
#619=ORIENTED_EDGE('',*,*,#3203,.T.);
#620=ORIENTED_EDGE('',*,*,#3204,.T.);
#621=ORIENTED_EDGE('',*,*,#3201,.T.);
#622=ORIENTED_EDGE('',*,*,#3205,.T.);
#623=ORIENTED_EDGE('',*,*,#3206,.T.);
#624=ORIENTED_EDGE('',*,*,#3207,.F.);
#625=ORIENTED_EDGE('',*,*,#3208,.T.);
#626=ORIENTED_EDGE('',*,*,#3203,.F.);
#627=ORIENTED_EDGE('',*,*,#3209,.T.);
#628=ORIENTED_EDGE('',*,*,#3210,.T.);
#629=ORIENTED_EDGE('',*,*,#3211,.T.);
#630=ORIENTED_EDGE('',*,*,#3207,.T.);
#631=ORIENTED_EDGE('',*,*,#3212,.T.);
#632=ORIENTED_EDGE('',*,*,#3213,.T.);
#633=ORIENTED_EDGE('',*,*,#3214,.T.);
#634=ORIENTED_EDGE('',*,*,#3210,.F.);
#635=ORIENTED_EDGE('',*,*,#3215,.T.);
#636=ORIENTED_EDGE('',*,*,#3216,.T.);
#637=ORIENTED_EDGE('',*,*,#3213,.F.);
#638=ORIENTED_EDGE('',*,*,#3217,.T.);
#639=ORIENTED_EDGE('',*,*,#3215,.F.);
#640=ORIENTED_EDGE('',*,*,#3218,.T.);
#641=ORIENTED_EDGE('',*,*,#3219,.T.);
#642=ORIENTED_EDGE('',*,*,#3220,.T.);
#643=ORIENTED_EDGE('',*,*,#3221,.T.);
#644=ORIENTED_EDGE('',*,*,#3219,.F.);
#645=ORIENTED_EDGE('',*,*,#3222,.T.);
#646=ORIENTED_EDGE('',*,*,#3223,.F.);
#647=ORIENTED_EDGE('',*,*,#3224,.T.);
#648=ORIENTED_EDGE('',*,*,#3225,.F.);
#649=ORIENTED_EDGE('',*,*,#3226,.T.);
#650=ORIENTED_EDGE('',*,*,#3223,.T.);
#651=ORIENTED_EDGE('',*,*,#3227,.T.);
#652=ORIENTED_EDGE('',*,*,#3225,.T.);
#653=ORIENTED_EDGE('',*,*,#3228,.T.);
#654=ORIENTED_EDGE('',*,*,#3229,.T.);
#655=ORIENTED_EDGE('',*,*,#3230,.T.);
#656=ORIENTED_EDGE('',*,*,#3231,.T.);
#657=ORIENTED_EDGE('',*,*,#3229,.F.);
#658=ORIENTED_EDGE('',*,*,#3232,.T.);
#659=ORIENTED_EDGE('',*,*,#3233,.F.);
#660=ORIENTED_EDGE('',*,*,#3234,.T.);
#661=ORIENTED_EDGE('',*,*,#3230,.F.);
#662=ORIENTED_EDGE('',*,*,#3235,.T.);
#663=ORIENTED_EDGE('',*,*,#3236,.T.);
#664=ORIENTED_EDGE('',*,*,#3233,.T.);
#665=ORIENTED_EDGE('',*,*,#3237,.T.);
#666=ORIENTED_EDGE('',*,*,#3238,.T.);
#667=ORIENTED_EDGE('',*,*,#3239,.T.);
#668=ORIENTED_EDGE('',*,*,#3240,.T.);
#669=ORIENTED_EDGE('',*,*,#3238,.F.);
#670=ORIENTED_EDGE('',*,*,#3241,.T.);
#671=ORIENTED_EDGE('',*,*,#3242,.T.);
#672=ORIENTED_EDGE('',*,*,#3243,.F.);
#673=ORIENTED_EDGE('',*,*,#3244,.T.);
#674=ORIENTED_EDGE('',*,*,#3239,.F.);
#675=ORIENTED_EDGE('',*,*,#3243,.T.);
#676=ORIENTED_EDGE('',*,*,#3245,.T.);
#677=ORIENTED_EDGE('',*,*,#3246,.F.);
#678=ORIENTED_EDGE('',*,*,#3247,.T.);
#679=ORIENTED_EDGE('',*,*,#3248,.T.);
#680=ORIENTED_EDGE('',*,*,#3249,.T.);
#681=ORIENTED_EDGE('',*,*,#3250,.T.);
#682=ORIENTED_EDGE('',*,*,#3246,.T.);
#683=ORIENTED_EDGE('',*,*,#3251,.T.);
#684=ORIENTED_EDGE('',*,*,#3252,.T.);
#685=ORIENTED_EDGE('',*,*,#3249,.F.);
#686=ORIENTED_EDGE('',*,*,#3253,.T.);
#687=ORIENTED_EDGE('',*,*,#3251,.F.);
#688=ORIENTED_EDGE('',*,*,#3254,.T.);
#689=ORIENTED_EDGE('',*,*,#3255,.F.);
#690=ORIENTED_EDGE('',*,*,#3256,.T.);
#691=ORIENTED_EDGE('',*,*,#3257,.T.);
#692=ORIENTED_EDGE('',*,*,#3258,.F.);
#693=ORIENTED_EDGE('',*,*,#3259,.T.);
#694=ORIENTED_EDGE('',*,*,#3255,.T.);
#695=ORIENTED_EDGE('',*,*,#3260,.T.);
#696=ORIENTED_EDGE('',*,*,#3261,.F.);
#697=ORIENTED_EDGE('',*,*,#3262,.T.);
#698=ORIENTED_EDGE('',*,*,#3258,.T.);
#699=ORIENTED_EDGE('',*,*,#3263,.T.);
#700=ORIENTED_EDGE('',*,*,#3264,.T.);
#701=ORIENTED_EDGE('',*,*,#3265,.T.);
#702=ORIENTED_EDGE('',*,*,#3261,.T.);
#703=ORIENTED_EDGE('',*,*,#3264,.F.);
#704=ORIENTED_EDGE('',*,*,#3266,.T.);
#705=ORIENTED_EDGE('',*,*,#3267,.T.);
#706=ORIENTED_EDGE('',*,*,#3268,.T.);
#707=ORIENTED_EDGE('',*,*,#3267,.F.);
#708=ORIENTED_EDGE('',*,*,#3269,.T.);
#709=ORIENTED_EDGE('',*,*,#3270,.F.);
#710=ORIENTED_EDGE('',*,*,#3271,.T.);
#711=ORIENTED_EDGE('',*,*,#3272,.T.);
#712=ORIENTED_EDGE('',*,*,#3273,.F.);
#713=ORIENTED_EDGE('',*,*,#3274,.T.);
#714=ORIENTED_EDGE('',*,*,#3270,.T.);
#715=ORIENTED_EDGE('',*,*,#3273,.T.);
#716=ORIENTED_EDGE('',*,*,#3275,.T.);
#717=ORIENTED_EDGE('',*,*,#3276,.T.);
#718=ORIENTED_EDGE('',*,*,#3277,.T.);
#719=ORIENTED_EDGE('',*,*,#3278,.T.);
#720=ORIENTED_EDGE('',*,*,#3276,.F.);
#721=ORIENTED_EDGE('',*,*,#3279,.T.);
#722=ORIENTED_EDGE('',*,*,#3280,.T.);
#723=ORIENTED_EDGE('',*,*,#3281,.T.);
#724=ORIENTED_EDGE('',*,*,#3280,.F.);
#725=ORIENTED_EDGE('',*,*,#3282,.T.);
#726=ORIENTED_EDGE('',*,*,#3283,.T.);
#727=ORIENTED_EDGE('',*,*,#3283,.F.);
#728=ORIENTED_EDGE('',*,*,#3284,.T.);
#729=ORIENTED_EDGE('',*,*,#3285,.F.);
#730=ORIENTED_EDGE('',*,*,#3286,.T.);
#731=ORIENTED_EDGE('',*,*,#3287,.T.);
#732=ORIENTED_EDGE('',*,*,#3288,.T.);
#733=ORIENTED_EDGE('',*,*,#3289,.T.);
#734=ORIENTED_EDGE('',*,*,#3285,.T.);
#735=ORIENTED_EDGE('',*,*,#3290,.T.);
#736=ORIENTED_EDGE('',*,*,#3288,.F.);
#737=ORIENTED_EDGE('',*,*,#3291,.T.);
#738=ORIENTED_EDGE('',*,*,#3292,.T.);
#739=ORIENTED_EDGE('',*,*,#3293,.T.);
#740=ORIENTED_EDGE('',*,*,#3294,.T.);
#741=ORIENTED_EDGE('',*,*,#3295,.T.);
#742=ORIENTED_EDGE('',*,*,#3292,.F.);
#743=ORIENTED_EDGE('',*,*,#3294,.F.);
#744=ORIENTED_EDGE('',*,*,#3296,.T.);
#745=ORIENTED_EDGE('',*,*,#3297,.F.);
#746=ORIENTED_EDGE('',*,*,#3298,.T.);
#747=ORIENTED_EDGE('',*,*,#3297,.T.);
#748=ORIENTED_EDGE('',*,*,#3299,.T.);
#749=ORIENTED_EDGE('',*,*,#3300,.F.);
#750=ORIENTED_EDGE('',*,*,#3301,.T.);
#751=ORIENTED_EDGE('',*,*,#3302,.T.);
#752=ORIENTED_EDGE('',*,*,#3303,.F.);
#753=ORIENTED_EDGE('',*,*,#3304,.T.);
#754=ORIENTED_EDGE('',*,*,#3300,.T.);
#755=ORIENTED_EDGE('',*,*,#3305,.T.);
#756=ORIENTED_EDGE('',*,*,#3306,.F.);
#757=ORIENTED_EDGE('',*,*,#3307,.T.);
#758=ORIENTED_EDGE('',*,*,#3303,.T.);
#759=ORIENTED_EDGE('',*,*,#3308,.T.);
#760=ORIENTED_EDGE('',*,*,#3309,.F.);
#761=ORIENTED_EDGE('',*,*,#3310,.T.);
#762=ORIENTED_EDGE('',*,*,#3306,.T.);
#763=ORIENTED_EDGE('',*,*,#3309,.T.);
#764=ORIENTED_EDGE('',*,*,#3311,.T.);
#765=ORIENTED_EDGE('',*,*,#3312,.T.);
#766=ORIENTED_EDGE('',*,*,#3313,.T.);
#767=ORIENTED_EDGE('',*,*,#3312,.F.);
#768=ORIENTED_EDGE('',*,*,#3314,.T.);
#769=ORIENTED_EDGE('',*,*,#3315,.F.);
#770=ORIENTED_EDGE('',*,*,#3316,.T.);
#771=ORIENTED_EDGE('',*,*,#3315,.T.);
#772=ORIENTED_EDGE('',*,*,#3317,.T.);
#773=ORIENTED_EDGE('',*,*,#3318,.T.);
#774=ORIENTED_EDGE('',*,*,#3319,.T.);
#775=ORIENTED_EDGE('',*,*,#3320,.T.);
#776=ORIENTED_EDGE('',*,*,#3318,.F.);
#777=ORIENTED_EDGE('',*,*,#3321,.T.);
#778=ORIENTED_EDGE('',*,*,#3322,.T.);
#779=ORIENTED_EDGE('',*,*,#3322,.F.);
#780=ORIENTED_EDGE('',*,*,#3323,.T.);
#781=ORIENTED_EDGE('',*,*,#3324,.F.);
#782=ORIENTED_EDGE('',*,*,#3325,.T.);
#783=ORIENTED_EDGE('',*,*,#3326,.T.);
#784=ORIENTED_EDGE('',*,*,#3324,.T.);
#785=ORIENTED_EDGE('',*,*,#3327,.T.);
#786=ORIENTED_EDGE('',*,*,#3328,.F.);
#787=ORIENTED_EDGE('',*,*,#3329,.T.);
#788=ORIENTED_EDGE('',*,*,#3330,.F.);
#789=ORIENTED_EDGE('',*,*,#3331,.T.);
#790=ORIENTED_EDGE('',*,*,#3328,.T.);
#791=ORIENTED_EDGE('',*,*,#3330,.T.);
#792=ORIENTED_EDGE('',*,*,#3332,.T.);
#793=ORIENTED_EDGE('',*,*,#3333,.T.);
#794=ORIENTED_EDGE('',*,*,#3334,.T.);
#795=ORIENTED_EDGE('',*,*,#3335,.T.);
#796=ORIENTED_EDGE('',*,*,#3336,.T.);
#797=ORIENTED_EDGE('',*,*,#3333,.F.);
#798=ORIENTED_EDGE('',*,*,#3337,.T.);
#799=ORIENTED_EDGE('',*,*,#3338,.T.);
#800=ORIENTED_EDGE('',*,*,#3335,.F.);
#801=ORIENTED_EDGE('',*,*,#3339,.T.);
#802=ORIENTED_EDGE('',*,*,#2962,.T.);
#803=ORIENTED_EDGE('',*,*,#3340,.F.);
#804=ORIENTED_EDGE('',*,*,#3341,.T.);
#805=ORIENTED_EDGE('',*,*,#3342,.F.);
#806=ORIENTED_EDGE('',*,*,#3343,.T.);
#807=ORIENTED_EDGE('',*,*,#3344,.F.);
#808=ORIENTED_EDGE('',*,*,#3345,.T.);
#809=ORIENTED_EDGE('',*,*,#3344,.T.);
#810=ORIENTED_EDGE('',*,*,#3346,.T.);
#811=ORIENTED_EDGE('',*,*,#3347,.F.);
#812=ORIENTED_EDGE('',*,*,#3348,.T.);
#813=ORIENTED_EDGE('',*,*,#3349,.T.);
#814=ORIENTED_EDGE('',*,*,#3350,.F.);
#815=ORIENTED_EDGE('',*,*,#3351,.T.);
#816=ORIENTED_EDGE('',*,*,#3347,.T.);
#817=ORIENTED_EDGE('',*,*,#3352,.T.);
#818=ORIENTED_EDGE('',*,*,#3353,.F.);
#819=ORIENTED_EDGE('',*,*,#3354,.T.);
#820=ORIENTED_EDGE('',*,*,#3350,.T.);
#821=ORIENTED_EDGE('',*,*,#3353,.T.);
#822=ORIENTED_EDGE('',*,*,#3355,.T.);
#823=ORIENTED_EDGE('',*,*,#3356,.F.);
#824=ORIENTED_EDGE('',*,*,#3357,.T.);
#825=ORIENTED_EDGE('',*,*,#3356,.T.);
#826=ORIENTED_EDGE('',*,*,#3358,.T.);
#827=ORIENTED_EDGE('',*,*,#3359,.F.);
#828=ORIENTED_EDGE('',*,*,#3360,.T.);
#829=ORIENTED_EDGE('',*,*,#3361,.T.);
#830=ORIENTED_EDGE('',*,*,#3362,.T.);
#831=ORIENTED_EDGE('',*,*,#3359,.T.);
#832=ORIENTED_EDGE('',*,*,#3363,.T.);
#833=ORIENTED_EDGE('',*,*,#3364,.T.);
#834=ORIENTED_EDGE('',*,*,#3361,.F.);
#835=ORIENTED_EDGE('',*,*,#3365,.T.);
#836=ORIENTED_EDGE('',*,*,#3366,.T.);
#837=ORIENTED_EDGE('',*,*,#3367,.F.);
#838=ORIENTED_EDGE('',*,*,#3368,.T.);
#839=ORIENTED_EDGE('',*,*,#3366,.F.);
#840=ORIENTED_EDGE('',*,*,#3369,.T.);
#841=ORIENTED_EDGE('',*,*,#3370,.T.);
#842=ORIENTED_EDGE('',*,*,#3371,.F.);
#843=ORIENTED_EDGE('',*,*,#3372,.T.);
#844=ORIENTED_EDGE('',*,*,#3367,.T.);
#845=ORIENTED_EDGE('',*,*,#3371,.T.);
#846=ORIENTED_EDGE('',*,*,#3373,.T.);
#847=ORIENTED_EDGE('',*,*,#3374,.T.);
#848=ORIENTED_EDGE('',*,*,#3375,.T.);
#849=ORIENTED_EDGE('',*,*,#3374,.F.);
#850=ORIENTED_EDGE('',*,*,#3376,.T.);
#851=ORIENTED_EDGE('',*,*,#3377,.F.);
#852=ORIENTED_EDGE('',*,*,#3378,.T.);
#853=ORIENTED_EDGE('',*,*,#3377,.T.);
#854=ORIENTED_EDGE('',*,*,#3379,.T.);
#855=ORIENTED_EDGE('',*,*,#3380,.F.);
#856=ORIENTED_EDGE('',*,*,#3381,.T.);
#857=ORIENTED_EDGE('',*,*,#3382,.T.);
#858=ORIENTED_EDGE('',*,*,#3383,.F.);
#859=ORIENTED_EDGE('',*,*,#3384,.T.);
#860=ORIENTED_EDGE('',*,*,#3380,.T.);
#861=ORIENTED_EDGE('',*,*,#3385,.T.);
#862=ORIENTED_EDGE('',*,*,#3383,.T.);
#863=ORIENTED_EDGE('',*,*,#3386,.T.);
#864=ORIENTED_EDGE('',*,*,#3387,.T.);
#865=ORIENTED_EDGE('',*,*,#3388,.T.);
#866=ORIENTED_EDGE('',*,*,#3387,.F.);
#867=ORIENTED_EDGE('',*,*,#3389,.T.);
#868=ORIENTED_EDGE('',*,*,#3390,.T.);
#869=ORIENTED_EDGE('',*,*,#3391,.T.);
#870=ORIENTED_EDGE('',*,*,#3392,.T.);
#871=ORIENTED_EDGE('',*,*,#3390,.F.);
#872=ORIENTED_EDGE('',*,*,#3393,.T.);
#873=ORIENTED_EDGE('',*,*,#3394,.T.);
#874=ORIENTED_EDGE('',*,*,#3395,.T.);
#875=ORIENTED_EDGE('',*,*,#3391,.F.);
#876=ORIENTED_EDGE('',*,*,#3396,.T.);
#877=ORIENTED_EDGE('',*,*,#3397,.T.);
#878=ORIENTED_EDGE('',*,*,#3398,.F.);
#879=ORIENTED_EDGE('',*,*,#3399,.T.);
#880=ORIENTED_EDGE('',*,*,#3394,.F.);
#881=ORIENTED_EDGE('',*,*,#3400,.T.);
#882=ORIENTED_EDGE('',*,*,#3401,.T.);
#883=ORIENTED_EDGE('',*,*,#3402,.T.);
#884=ORIENTED_EDGE('',*,*,#3398,.T.);
#885=ORIENTED_EDGE('',*,*,#3403,.T.);
#886=ORIENTED_EDGE('',*,*,#3404,.T.);
#887=ORIENTED_EDGE('',*,*,#3405,.T.);
#888=ORIENTED_EDGE('',*,*,#3401,.F.);
#889=ORIENTED_EDGE('',*,*,#3406,.T.);
#890=ORIENTED_EDGE('',*,*,#3407,.T.);
#891=ORIENTED_EDGE('',*,*,#3404,.F.);
#892=ORIENTED_EDGE('',*,*,#3408,.T.);
#893=ORIENTED_EDGE('',*,*,#3406,.F.);
#894=ORIENTED_EDGE('',*,*,#3409,.T.);
#895=ORIENTED_EDGE('',*,*,#3410,.T.);
#896=ORIENTED_EDGE('',*,*,#3411,.T.);
#897=ORIENTED_EDGE('',*,*,#3412,.T.);
#898=ORIENTED_EDGE('',*,*,#3410,.F.);
#899=ORIENTED_EDGE('',*,*,#3413,.T.);
#900=ORIENTED_EDGE('',*,*,#3414,.F.);
#901=ORIENTED_EDGE('',*,*,#3415,.T.);
#902=ORIENTED_EDGE('',*,*,#3416,.F.);
#903=ORIENTED_EDGE('',*,*,#3417,.T.);
#904=ORIENTED_EDGE('',*,*,#3414,.T.);
#905=ORIENTED_EDGE('',*,*,#3418,.T.);
#906=ORIENTED_EDGE('',*,*,#3416,.T.);
#907=ORIENTED_EDGE('',*,*,#3419,.T.);
#908=ORIENTED_EDGE('',*,*,#3420,.T.);
#909=ORIENTED_EDGE('',*,*,#3421,.T.);
#910=ORIENTED_EDGE('',*,*,#3422,.T.);
#911=ORIENTED_EDGE('',*,*,#3420,.F.);
#912=ORIENTED_EDGE('',*,*,#3423,.T.);
#913=ORIENTED_EDGE('',*,*,#3424,.F.);
#914=ORIENTED_EDGE('',*,*,#3425,.T.);
#915=ORIENTED_EDGE('',*,*,#3421,.F.);
#916=ORIENTED_EDGE('',*,*,#3426,.T.);
#917=ORIENTED_EDGE('',*,*,#3424,.T.);
#918=ORIENTED_EDGE('',*,*,#3427,.T.);
#919=ORIENTED_EDGE('',*,*,#3428,.F.);
#920=ORIENTED_EDGE('',*,*,#3429,.T.);
#921=ORIENTED_EDGE('',*,*,#3428,.T.);
#922=ORIENTED_EDGE('',*,*,#3430,.T.);
#923=ORIENTED_EDGE('',*,*,#3431,.T.);
#924=ORIENTED_EDGE('',*,*,#3432,.T.);
#925=ORIENTED_EDGE('',*,*,#3433,.T.);
#926=ORIENTED_EDGE('',*,*,#3434,.F.);
#927=ORIENTED_EDGE('',*,*,#3435,.T.);
#928=ORIENTED_EDGE('',*,*,#3431,.F.);
#929=ORIENTED_EDGE('',*,*,#3436,.T.);
#930=ORIENTED_EDGE('',*,*,#3437,.T.);
#931=ORIENTED_EDGE('',*,*,#3438,.T.);
#932=ORIENTED_EDGE('',*,*,#3434,.T.);
#933=ORIENTED_EDGE('',*,*,#3439,.T.);
#934=ORIENTED_EDGE('',*,*,#3440,.T.);
#935=ORIENTED_EDGE('',*,*,#3441,.T.);
#936=ORIENTED_EDGE('',*,*,#3437,.F.);
#937=ORIENTED_EDGE('',*,*,#3442,.T.);
#938=ORIENTED_EDGE('',*,*,#3443,.T.);
#939=ORIENTED_EDGE('',*,*,#3440,.F.);
#940=ORIENTED_EDGE('',*,*,#3444,.T.);
#941=ORIENTED_EDGE('',*,*,#3442,.F.);
#942=ORIENTED_EDGE('',*,*,#3445,.T.);
#943=ORIENTED_EDGE('',*,*,#3446,.F.);
#944=ORIENTED_EDGE('',*,*,#3447,.T.);
#945=ORIENTED_EDGE('',*,*,#3448,.T.);
#946=ORIENTED_EDGE('',*,*,#3449,.F.);
#947=ORIENTED_EDGE('',*,*,#3450,.T.);
#948=ORIENTED_EDGE('',*,*,#3446,.T.);
#949=ORIENTED_EDGE('',*,*,#3451,.T.);
#950=ORIENTED_EDGE('',*,*,#3452,.F.);
#951=ORIENTED_EDGE('',*,*,#3453,.T.);
#952=ORIENTED_EDGE('',*,*,#3449,.T.);
#953=ORIENTED_EDGE('',*,*,#3454,.T.);
#954=ORIENTED_EDGE('',*,*,#3455,.T.);
#955=ORIENTED_EDGE('',*,*,#3456,.T.);
#956=ORIENTED_EDGE('',*,*,#3452,.T.);
#957=ORIENTED_EDGE('',*,*,#3455,.F.);
#958=ORIENTED_EDGE('',*,*,#3457,.T.);
#959=ORIENTED_EDGE('',*,*,#3458,.T.);
#960=ORIENTED_EDGE('',*,*,#3459,.T.);
#961=ORIENTED_EDGE('',*,*,#3458,.F.);
#962=ORIENTED_EDGE('',*,*,#3460,.T.);
#963=ORIENTED_EDGE('',*,*,#3461,.F.);
#964=ORIENTED_EDGE('',*,*,#3462,.T.);
#965=ORIENTED_EDGE('',*,*,#3463,.T.);
#966=ORIENTED_EDGE('',*,*,#3464,.F.);
#967=ORIENTED_EDGE('',*,*,#3465,.T.);
#968=ORIENTED_EDGE('',*,*,#3461,.T.);
#969=ORIENTED_EDGE('',*,*,#3464,.T.);
#970=ORIENTED_EDGE('',*,*,#3466,.T.);
#971=ORIENTED_EDGE('',*,*,#3467,.T.);
#972=ORIENTED_EDGE('',*,*,#3468,.T.);
#973=ORIENTED_EDGE('',*,*,#3469,.T.);
#974=ORIENTED_EDGE('',*,*,#3467,.F.);
#975=ORIENTED_EDGE('',*,*,#3470,.T.);
#976=ORIENTED_EDGE('',*,*,#3471,.T.);
#977=ORIENTED_EDGE('',*,*,#3472,.T.);
#978=ORIENTED_EDGE('',*,*,#3471,.F.);
#979=ORIENTED_EDGE('',*,*,#3473,.T.);
#980=ORIENTED_EDGE('',*,*,#3474,.T.);
#981=ORIENTED_EDGE('',*,*,#3475,.F.);
#982=ORIENTED_EDGE('',*,*,#3476,.T.);
#983=ORIENTED_EDGE('',*,*,#3474,.F.);
#984=ORIENTED_EDGE('',*,*,#3477,.T.);
#985=ORIENTED_EDGE('',*,*,#3478,.T.);
#986=ORIENTED_EDGE('',*,*,#3479,.F.);
#987=ORIENTED_EDGE('',*,*,#3480,.T.);
#988=ORIENTED_EDGE('',*,*,#3475,.T.);
#989=ORIENTED_EDGE('',*,*,#3479,.T.);
#990=ORIENTED_EDGE('',*,*,#3481,.T.);
#991=ORIENTED_EDGE('',*,*,#3482,.F.);
#992=ORIENTED_EDGE('',*,*,#3483,.T.);
#993=ORIENTED_EDGE('',*,*,#3484,.T.);
#994=ORIENTED_EDGE('',*,*,#3482,.T.);
#995=ORIENTED_EDGE('',*,*,#3485,.T.);
#996=ORIENTED_EDGE('',*,*,#3486,.T.);
#997=ORIENTED_EDGE('',*,*,#3487,.T.);
#998=ORIENTED_EDGE('',*,*,#3486,.F.);
#999=ORIENTED_EDGE('',*,*,#3488,.T.);
#1000=ORIENTED_EDGE('',*,*,#3489,.T.);
#1001=ORIENTED_EDGE('',*,*,#3490,.T.);
#1002=ORIENTED_EDGE('',*,*,#3489,.F.);
#1003=ORIENTED_EDGE('',*,*,#3491,.T.);
#1004=ORIENTED_EDGE('',*,*,#3492,.T.);
#1005=ORIENTED_EDGE('',*,*,#3492,.F.);
#1006=ORIENTED_EDGE('',*,*,#3493,.T.);
#1007=ORIENTED_EDGE('',*,*,#3494,.F.);
#1008=ORIENTED_EDGE('',*,*,#3495,.T.);
#1009=ORIENTED_EDGE('',*,*,#3496,.T.);
#1010=ORIENTED_EDGE('',*,*,#3497,.F.);
#1011=ORIENTED_EDGE('',*,*,#3498,.T.);
#1012=ORIENTED_EDGE('',*,*,#3494,.T.);
#1013=ORIENTED_EDGE('',*,*,#3499,.T.);
#1014=ORIENTED_EDGE('',*,*,#3500,.F.);
#1015=ORIENTED_EDGE('',*,*,#3501,.T.);
#1016=ORIENTED_EDGE('',*,*,#3497,.T.);
#1017=ORIENTED_EDGE('',*,*,#3502,.T.);
#1018=ORIENTED_EDGE('',*,*,#3503,.F.);
#1019=ORIENTED_EDGE('',*,*,#3504,.T.);
#1020=ORIENTED_EDGE('',*,*,#3500,.T.);
#1021=ORIENTED_EDGE('',*,*,#3505,.T.);
#1022=ORIENTED_EDGE('',*,*,#3506,.F.);
#1023=ORIENTED_EDGE('',*,*,#3507,.T.);
#1024=ORIENTED_EDGE('',*,*,#3503,.T.);
#1025=ORIENTED_EDGE('',*,*,#3508,.T.);
#1026=ORIENTED_EDGE('',*,*,#3509,.F.);
#1027=ORIENTED_EDGE('',*,*,#3510,.T.);
#1028=ORIENTED_EDGE('',*,*,#3506,.T.);
#1029=ORIENTED_EDGE('',*,*,#3509,.T.);
#1030=ORIENTED_EDGE('',*,*,#3511,.T.);
#1031=ORIENTED_EDGE('',*,*,#3512,.F.);
#1032=ORIENTED_EDGE('',*,*,#3513,.T.);
#1033=ORIENTED_EDGE('',*,*,#3512,.T.);
#1034=ORIENTED_EDGE('',*,*,#3514,.T.);
#1035=ORIENTED_EDGE('',*,*,#3515,.F.);
#1036=ORIENTED_EDGE('',*,*,#3516,.T.);
#1037=ORIENTED_EDGE('',*,*,#3515,.T.);
#1038=ORIENTED_EDGE('',*,*,#3517,.T.);
#1039=ORIENTED_EDGE('',*,*,#3518,.F.);
#1040=ORIENTED_EDGE('',*,*,#3519,.T.);
#1041=ORIENTED_EDGE('',*,*,#3518,.T.);
#1042=ORIENTED_EDGE('',*,*,#3520,.T.);
#1043=ORIENTED_EDGE('',*,*,#3521,.F.);
#1044=ORIENTED_EDGE('',*,*,#3522,.T.);
#1045=ORIENTED_EDGE('',*,*,#3521,.T.);
#1046=ORIENTED_EDGE('',*,*,#3523,.T.);
#1047=ORIENTED_EDGE('',*,*,#3524,.F.);
#1048=ORIENTED_EDGE('',*,*,#3525,.T.);
#1049=ORIENTED_EDGE('',*,*,#3526,.T.);
#1050=ORIENTED_EDGE('',*,*,#3527,.F.);
#1051=ORIENTED_EDGE('',*,*,#3528,.T.);
#1052=ORIENTED_EDGE('',*,*,#3524,.T.);
#1053=ORIENTED_EDGE('',*,*,#3527,.T.);
#1054=ORIENTED_EDGE('',*,*,#3529,.T.);
#1055=ORIENTED_EDGE('',*,*,#3530,.F.);
#1056=ORIENTED_EDGE('',*,*,#3531,.T.);
#1057=ORIENTED_EDGE('',*,*,#3532,.T.);
#1058=ORIENTED_EDGE('',*,*,#3533,.F.);
#1059=ORIENTED_EDGE('',*,*,#3534,.T.);
#1060=ORIENTED_EDGE('',*,*,#3530,.T.);
#1061=ORIENTED_EDGE('',*,*,#3535,.T.);
#1062=ORIENTED_EDGE('',*,*,#3536,.F.);
#1063=ORIENTED_EDGE('',*,*,#3537,.T.);
#1064=ORIENTED_EDGE('',*,*,#3533,.T.);
#1065=ORIENTED_EDGE('',*,*,#3536,.T.);
#1066=ORIENTED_EDGE('',*,*,#3538,.T.);
#1067=ORIENTED_EDGE('',*,*,#3539,.F.);
#1068=ORIENTED_EDGE('',*,*,#3540,.T.);
#1069=ORIENTED_EDGE('',*,*,#3539,.T.);
#1070=ORIENTED_EDGE('',*,*,#3541,.T.);
#1071=ORIENTED_EDGE('',*,*,#3542,.F.);
#1072=ORIENTED_EDGE('',*,*,#3543,.T.);
#1073=ORIENTED_EDGE('',*,*,#3544,.T.);
#1074=ORIENTED_EDGE('',*,*,#3545,.F.);
#1075=ORIENTED_EDGE('',*,*,#3546,.T.);
#1076=ORIENTED_EDGE('',*,*,#3542,.T.);
#1077=ORIENTED_EDGE('',*,*,#3545,.T.);
#1078=ORIENTED_EDGE('',*,*,#3547,.T.);
#1079=ORIENTED_EDGE('',*,*,#3548,.F.);
#1080=ORIENTED_EDGE('',*,*,#3549,.T.);
#1081=ORIENTED_EDGE('',*,*,#3548,.T.);
#1082=ORIENTED_EDGE('',*,*,#3550,.T.);
#1083=ORIENTED_EDGE('',*,*,#3551,.F.);
#1084=ORIENTED_EDGE('',*,*,#3552,.T.);
#1085=ORIENTED_EDGE('',*,*,#3553,.T.);
#1086=ORIENTED_EDGE('',*,*,#3554,.F.);
#1087=ORIENTED_EDGE('',*,*,#3555,.T.);
#1088=ORIENTED_EDGE('',*,*,#3551,.T.);
#1089=ORIENTED_EDGE('',*,*,#3556,.T.);
#1090=ORIENTED_EDGE('',*,*,#3557,.F.);
#1091=ORIENTED_EDGE('',*,*,#3558,.T.);
#1092=ORIENTED_EDGE('',*,*,#3554,.T.);
#1093=ORIENTED_EDGE('',*,*,#3557,.T.);
#1094=ORIENTED_EDGE('',*,*,#3559,.T.);
#1095=ORIENTED_EDGE('',*,*,#3560,.F.);
#1096=ORIENTED_EDGE('',*,*,#3561,.T.);
#1097=ORIENTED_EDGE('',*,*,#3560,.T.);
#1098=ORIENTED_EDGE('',*,*,#3562,.T.);
#1099=ORIENTED_EDGE('',*,*,#3563,.F.);
#1100=ORIENTED_EDGE('',*,*,#3564,.T.);
#1101=ORIENTED_EDGE('',*,*,#3565,.T.);
#1102=ORIENTED_EDGE('',*,*,#3566,.F.);
#1103=ORIENTED_EDGE('',*,*,#3567,.T.);
#1104=ORIENTED_EDGE('',*,*,#3563,.T.);
#1105=ORIENTED_EDGE('',*,*,#3566,.T.);
#1106=ORIENTED_EDGE('',*,*,#3568,.T.);
#1107=ORIENTED_EDGE('',*,*,#3569,.F.);
#1108=ORIENTED_EDGE('',*,*,#3570,.T.);
#1109=ORIENTED_EDGE('',*,*,#3569,.T.);
#1110=ORIENTED_EDGE('',*,*,#3571,.T.);
#1111=ORIENTED_EDGE('',*,*,#3572,.F.);
#1112=ORIENTED_EDGE('',*,*,#3573,.T.);
#1113=ORIENTED_EDGE('',*,*,#3572,.T.);
#1114=ORIENTED_EDGE('',*,*,#3574,.T.);
#1115=ORIENTED_EDGE('',*,*,#3575,.F.);
#1116=ORIENTED_EDGE('',*,*,#3576,.T.);
#1117=ORIENTED_EDGE('',*,*,#3575,.T.);
#1118=ORIENTED_EDGE('',*,*,#3577,.T.);
#1119=ORIENTED_EDGE('',*,*,#3578,.F.);
#1120=ORIENTED_EDGE('',*,*,#3579,.T.);
#1121=ORIENTED_EDGE('',*,*,#3580,.T.);
#1122=ORIENTED_EDGE('',*,*,#3581,.F.);
#1123=ORIENTED_EDGE('',*,*,#3582,.T.);
#1124=ORIENTED_EDGE('',*,*,#3578,.T.);
#1125=ORIENTED_EDGE('',*,*,#3583,.T.);
#1126=ORIENTED_EDGE('',*,*,#3584,.T.);
#1127=ORIENTED_EDGE('',*,*,#3581,.T.);
#1128=ORIENTED_EDGE('',*,*,#3585,.T.);
#1129=ORIENTED_EDGE('',*,*,#3586,.T.);
#1130=ORIENTED_EDGE('',*,*,#3587,.F.);
#1131=ORIENTED_EDGE('',*,*,#3588,.T.);
#1132=ORIENTED_EDGE('',*,*,#3583,.F.);
#1133=ORIENTED_EDGE('',*,*,#3589,.T.);
#1134=ORIENTED_EDGE('',*,*,#3590,.T.);
#1135=ORIENTED_EDGE('',*,*,#3591,.T.);
#1136=ORIENTED_EDGE('',*,*,#3587,.T.);
#1137=ORIENTED_EDGE('',*,*,#3592,.T.);
#1138=ORIENTED_EDGE('',*,*,#3593,.T.);
#1139=ORIENTED_EDGE('',*,*,#3594,.T.);
#1140=ORIENTED_EDGE('',*,*,#3590,.F.);
#1141=ORIENTED_EDGE('',*,*,#3595,.T.);
#1142=ORIENTED_EDGE('',*,*,#3596,.T.);
#1143=ORIENTED_EDGE('',*,*,#3593,.F.);
#1144=ORIENTED_EDGE('',*,*,#3597,.T.);
#1145=ORIENTED_EDGE('',*,*,#3595,.F.);
#1146=ORIENTED_EDGE('',*,*,#3598,.T.);
#1147=ORIENTED_EDGE('',*,*,#3599,.T.);
#1148=ORIENTED_EDGE('',*,*,#3600,.T.);
#1149=ORIENTED_EDGE('',*,*,#3601,.T.);
#1150=ORIENTED_EDGE('',*,*,#3599,.F.);
#1151=ORIENTED_EDGE('',*,*,#3602,.T.);
#1152=ORIENTED_EDGE('',*,*,#3603,.F.);
#1153=ORIENTED_EDGE('',*,*,#3604,.T.);
#1154=ORIENTED_EDGE('',*,*,#3605,.F.);
#1155=ORIENTED_EDGE('',*,*,#3606,.T.);
#1156=ORIENTED_EDGE('',*,*,#3603,.T.);
#1157=ORIENTED_EDGE('',*,*,#3607,.T.);
#1158=ORIENTED_EDGE('',*,*,#3605,.T.);
#1159=ORIENTED_EDGE('',*,*,#3608,.T.);
#1160=ORIENTED_EDGE('',*,*,#3609,.T.);
#1161=ORIENTED_EDGE('',*,*,#3610,.T.);
#1162=ORIENTED_EDGE('',*,*,#3611,.T.);
#1163=ORIENTED_EDGE('',*,*,#3609,.F.);
#1164=ORIENTED_EDGE('',*,*,#3612,.T.);
#1165=ORIENTED_EDGE('',*,*,#3613,.F.);
#1166=ORIENTED_EDGE('',*,*,#3614,.T.);
#1167=ORIENTED_EDGE('',*,*,#3610,.F.);
#1168=ORIENTED_EDGE('',*,*,#3615,.T.);
#1169=ORIENTED_EDGE('',*,*,#3616,.T.);
#1170=ORIENTED_EDGE('',*,*,#3613,.T.);
#1171=ORIENTED_EDGE('',*,*,#3617,.T.);
#1172=ORIENTED_EDGE('',*,*,#3618,.T.);
#1173=ORIENTED_EDGE('',*,*,#3619,.T.);
#1174=ORIENTED_EDGE('',*,*,#3620,.T.);
#1175=ORIENTED_EDGE('',*,*,#3618,.F.);
#1176=ORIENTED_EDGE('',*,*,#3621,.T.);
#1177=ORIENTED_EDGE('',*,*,#3622,.T.);
#1178=ORIENTED_EDGE('',*,*,#3623,.F.);
#1179=ORIENTED_EDGE('',*,*,#3624,.T.);
#1180=ORIENTED_EDGE('',*,*,#3619,.F.);
#1181=ORIENTED_EDGE('',*,*,#3623,.T.);
#1182=ORIENTED_EDGE('',*,*,#3625,.T.);
#1183=ORIENTED_EDGE('',*,*,#3626,.F.);
#1184=ORIENTED_EDGE('',*,*,#3627,.T.);
#1185=ORIENTED_EDGE('',*,*,#3628,.T.);
#1186=ORIENTED_EDGE('',*,*,#3629,.T.);
#1187=ORIENTED_EDGE('',*,*,#3630,.T.);
#1188=ORIENTED_EDGE('',*,*,#3626,.T.);
#1189=ORIENTED_EDGE('',*,*,#3631,.T.);
#1190=ORIENTED_EDGE('',*,*,#3632,.T.);
#1191=ORIENTED_EDGE('',*,*,#3629,.F.);
#1192=ORIENTED_EDGE('',*,*,#3633,.T.);
#1193=ORIENTED_EDGE('',*,*,#3631,.F.);
#1194=ORIENTED_EDGE('',*,*,#3634,.T.);
#1195=ORIENTED_EDGE('',*,*,#3635,.F.);
#1196=ORIENTED_EDGE('',*,*,#3636,.T.);
#1197=ORIENTED_EDGE('',*,*,#3637,.T.);
#1198=ORIENTED_EDGE('',*,*,#3638,.F.);
#1199=ORIENTED_EDGE('',*,*,#3639,.T.);
#1200=ORIENTED_EDGE('',*,*,#3635,.T.);
#1201=ORIENTED_EDGE('',*,*,#3640,.T.);
#1202=ORIENTED_EDGE('',*,*,#3641,.F.);
#1203=ORIENTED_EDGE('',*,*,#3642,.T.);
#1204=ORIENTED_EDGE('',*,*,#3638,.T.);
#1205=ORIENTED_EDGE('',*,*,#3643,.T.);
#1206=ORIENTED_EDGE('',*,*,#3644,.T.);
#1207=ORIENTED_EDGE('',*,*,#3645,.T.);
#1208=ORIENTED_EDGE('',*,*,#3641,.T.);
#1209=ORIENTED_EDGE('',*,*,#3644,.F.);
#1210=ORIENTED_EDGE('',*,*,#3646,.T.);
#1211=ORIENTED_EDGE('',*,*,#3647,.T.);
#1212=ORIENTED_EDGE('',*,*,#3648,.T.);
#1213=ORIENTED_EDGE('',*,*,#3647,.F.);
#1214=ORIENTED_EDGE('',*,*,#3649,.T.);
#1215=ORIENTED_EDGE('',*,*,#3650,.F.);
#1216=ORIENTED_EDGE('',*,*,#3651,.T.);
#1217=ORIENTED_EDGE('',*,*,#3652,.T.);
#1218=ORIENTED_EDGE('',*,*,#3653,.F.);
#1219=ORIENTED_EDGE('',*,*,#3654,.T.);
#1220=ORIENTED_EDGE('',*,*,#3650,.T.);
#1221=ORIENTED_EDGE('',*,*,#3653,.T.);
#1222=ORIENTED_EDGE('',*,*,#3655,.T.);
#1223=ORIENTED_EDGE('',*,*,#3656,.T.);
#1224=ORIENTED_EDGE('',*,*,#3657,.T.);
#1225=ORIENTED_EDGE('',*,*,#3658,.T.);
#1226=ORIENTED_EDGE('',*,*,#3656,.F.);
#1227=ORIENTED_EDGE('',*,*,#3659,.T.);
#1228=ORIENTED_EDGE('',*,*,#3660,.T.);
#1229=ORIENTED_EDGE('',*,*,#3661,.T.);
#1230=ORIENTED_EDGE('',*,*,#3660,.F.);
#1231=ORIENTED_EDGE('',*,*,#3662,.T.);
#1232=ORIENTED_EDGE('',*,*,#3663,.T.);
#1233=ORIENTED_EDGE('',*,*,#3663,.F.);
#1234=ORIENTED_EDGE('',*,*,#3664,.T.);
#1235=ORIENTED_EDGE('',*,*,#3665,.F.);
#1236=ORIENTED_EDGE('',*,*,#3666,.T.);
#1237=ORIENTED_EDGE('',*,*,#3667,.T.);
#1238=ORIENTED_EDGE('',*,*,#3668,.T.);
#1239=ORIENTED_EDGE('',*,*,#3669,.T.);
#1240=ORIENTED_EDGE('',*,*,#3665,.T.);
#1241=ORIENTED_EDGE('',*,*,#3670,.T.);
#1242=ORIENTED_EDGE('',*,*,#3668,.F.);
#1243=ORIENTED_EDGE('',*,*,#3671,.T.);
#1244=ORIENTED_EDGE('',*,*,#3672,.T.);
#1245=ORIENTED_EDGE('',*,*,#3673,.T.);
#1246=ORIENTED_EDGE('',*,*,#3674,.T.);
#1247=ORIENTED_EDGE('',*,*,#3675,.T.);
#1248=ORIENTED_EDGE('',*,*,#3672,.F.);
#1249=ORIENTED_EDGE('',*,*,#3674,.F.);
#1250=ORIENTED_EDGE('',*,*,#3676,.T.);
#1251=ORIENTED_EDGE('',*,*,#3677,.F.);
#1252=ORIENTED_EDGE('',*,*,#3678,.T.);
#1253=ORIENTED_EDGE('',*,*,#3677,.T.);
#1254=ORIENTED_EDGE('',*,*,#3679,.T.);
#1255=ORIENTED_EDGE('',*,*,#3680,.F.);
#1256=ORIENTED_EDGE('',*,*,#3681,.T.);
#1257=ORIENTED_EDGE('',*,*,#3682,.T.);
#1258=ORIENTED_EDGE('',*,*,#3683,.F.);
#1259=ORIENTED_EDGE('',*,*,#3684,.T.);
#1260=ORIENTED_EDGE('',*,*,#3680,.T.);
#1261=ORIENTED_EDGE('',*,*,#3685,.T.);
#1262=ORIENTED_EDGE('',*,*,#3686,.F.);
#1263=ORIENTED_EDGE('',*,*,#3687,.T.);
#1264=ORIENTED_EDGE('',*,*,#3683,.T.);
#1265=ORIENTED_EDGE('',*,*,#3688,.T.);
#1266=ORIENTED_EDGE('',*,*,#3689,.F.);
#1267=ORIENTED_EDGE('',*,*,#3690,.T.);
#1268=ORIENTED_EDGE('',*,*,#3686,.T.);
#1269=ORIENTED_EDGE('',*,*,#3689,.T.);
#1270=ORIENTED_EDGE('',*,*,#3691,.T.);
#1271=ORIENTED_EDGE('',*,*,#3692,.T.);
#1272=ORIENTED_EDGE('',*,*,#3693,.T.);
#1273=ORIENTED_EDGE('',*,*,#3692,.F.);
#1274=ORIENTED_EDGE('',*,*,#3694,.T.);
#1275=ORIENTED_EDGE('',*,*,#3695,.F.);
#1276=ORIENTED_EDGE('',*,*,#3696,.T.);
#1277=ORIENTED_EDGE('',*,*,#3695,.T.);
#1278=ORIENTED_EDGE('',*,*,#3697,.T.);
#1279=ORIENTED_EDGE('',*,*,#3698,.T.);
#1280=ORIENTED_EDGE('',*,*,#3699,.T.);
#1281=ORIENTED_EDGE('',*,*,#3700,.T.);
#1282=ORIENTED_EDGE('',*,*,#3698,.F.);
#1283=ORIENTED_EDGE('',*,*,#3701,.T.);
#1284=ORIENTED_EDGE('',*,*,#3702,.T.);
#1285=ORIENTED_EDGE('',*,*,#3702,.F.);
#1286=ORIENTED_EDGE('',*,*,#3703,.T.);
#1287=ORIENTED_EDGE('',*,*,#3704,.F.);
#1288=ORIENTED_EDGE('',*,*,#3705,.T.);
#1289=ORIENTED_EDGE('',*,*,#3706,.T.);
#1290=ORIENTED_EDGE('',*,*,#3704,.T.);
#1291=ORIENTED_EDGE('',*,*,#3707,.T.);
#1292=ORIENTED_EDGE('',*,*,#3708,.F.);
#1293=ORIENTED_EDGE('',*,*,#3709,.T.);
#1294=ORIENTED_EDGE('',*,*,#3710,.F.);
#1295=ORIENTED_EDGE('',*,*,#3711,.T.);
#1296=ORIENTED_EDGE('',*,*,#3708,.T.);
#1297=ORIENTED_EDGE('',*,*,#3710,.T.);
#1298=ORIENTED_EDGE('',*,*,#3712,.T.);
#1299=ORIENTED_EDGE('',*,*,#3713,.T.);
#1300=ORIENTED_EDGE('',*,*,#3714,.T.);
#1301=ORIENTED_EDGE('',*,*,#3715,.T.);
#1302=ORIENTED_EDGE('',*,*,#3716,.T.);
#1303=ORIENTED_EDGE('',*,*,#3713,.F.);
#1304=ORIENTED_EDGE('',*,*,#3717,.T.);
#1305=ORIENTED_EDGE('',*,*,#3718,.T.);
#1306=ORIENTED_EDGE('',*,*,#3715,.F.);
#1307=ORIENTED_EDGE('',*,*,#3719,.T.);
#1308=ORIENTED_EDGE('',*,*,#3342,.T.);
#1309=ORIENTED_EDGE('',*,*,#3720,.T.);
#1310=ORIENTED_EDGE('',*,*,#3721,.T.);
#1311=ORIENTED_EDGE('',*,*,#3722,.T.);
#1312=ORIENTED_EDGE('',*,*,#3723,.T.);
#1313=ORIENTED_EDGE('',*,*,#3722,.F.);
#1314=ORIENTED_EDGE('',*,*,#3724,.T.);
#1315=ORIENTED_EDGE('',*,*,#3725,.F.);
#1316=ORIENTED_EDGE('',*,*,#3726,.T.);
#1317=ORIENTED_EDGE('',*,*,#3725,.T.);
#1318=ORIENTED_EDGE('',*,*,#3727,.T.);
#1319=ORIENTED_EDGE('',*,*,#3728,.F.);
#1320=ORIENTED_EDGE('',*,*,#3729,.T.);
#1321=ORIENTED_EDGE('',*,*,#3730,.T.);
#1322=ORIENTED_EDGE('',*,*,#3731,.F.);
#1323=ORIENTED_EDGE('',*,*,#3732,.T.);
#1324=ORIENTED_EDGE('',*,*,#3728,.T.);
#1325=ORIENTED_EDGE('',*,*,#3733,.T.);
#1326=ORIENTED_EDGE('',*,*,#3731,.T.);
#1327=ORIENTED_EDGE('',*,*,#3734,.T.);
#1328=ORIENTED_EDGE('',*,*,#3735,.T.);
#1329=ORIENTED_EDGE('',*,*,#3736,.T.);
#1330=ORIENTED_EDGE('',*,*,#3735,.F.);
#1331=ORIENTED_EDGE('',*,*,#3737,.T.);
#1332=ORIENTED_EDGE('',*,*,#3738,.T.);
#1333=ORIENTED_EDGE('',*,*,#3739,.T.);
#1334=ORIENTED_EDGE('',*,*,#3740,.T.);
#1335=ORIENTED_EDGE('',*,*,#3738,.F.);
#1336=ORIENTED_EDGE('',*,*,#3741,.T.);
#1337=ORIENTED_EDGE('',*,*,#3742,.T.);
#1338=ORIENTED_EDGE('',*,*,#3743,.T.);
#1339=ORIENTED_EDGE('',*,*,#3739,.F.);
#1340=ORIENTED_EDGE('',*,*,#3744,.T.);
#1341=ORIENTED_EDGE('',*,*,#3745,.T.);
#1342=ORIENTED_EDGE('',*,*,#3746,.F.);
#1343=ORIENTED_EDGE('',*,*,#3747,.T.);
#1344=ORIENTED_EDGE('',*,*,#3742,.F.);
#1345=ORIENTED_EDGE('',*,*,#3748,.T.);
#1346=ORIENTED_EDGE('',*,*,#3749,.T.);
#1347=ORIENTED_EDGE('',*,*,#3750,.T.);
#1348=ORIENTED_EDGE('',*,*,#3746,.T.);
#1349=ORIENTED_EDGE('',*,*,#3751,.T.);
#1350=ORIENTED_EDGE('',*,*,#3752,.T.);
#1351=ORIENTED_EDGE('',*,*,#3753,.T.);
#1352=ORIENTED_EDGE('',*,*,#3749,.F.);
#1353=ORIENTED_EDGE('',*,*,#3754,.T.);
#1354=ORIENTED_EDGE('',*,*,#3755,.T.);
#1355=ORIENTED_EDGE('',*,*,#3752,.F.);
#1356=ORIENTED_EDGE('',*,*,#3756,.T.);
#1357=ORIENTED_EDGE('',*,*,#3754,.F.);
#1358=ORIENTED_EDGE('',*,*,#3757,.T.);
#1359=ORIENTED_EDGE('',*,*,#3758,.T.);
#1360=ORIENTED_EDGE('',*,*,#3759,.T.);
#1361=ORIENTED_EDGE('',*,*,#3760,.T.);
#1362=ORIENTED_EDGE('',*,*,#3758,.F.);
#1363=ORIENTED_EDGE('',*,*,#3761,.T.);
#1364=ORIENTED_EDGE('',*,*,#3762,.F.);
#1365=ORIENTED_EDGE('',*,*,#3763,.T.);
#1366=ORIENTED_EDGE('',*,*,#3764,.F.);
#1367=ORIENTED_EDGE('',*,*,#3765,.T.);
#1368=ORIENTED_EDGE('',*,*,#3762,.T.);
#1369=ORIENTED_EDGE('',*,*,#3766,.T.);
#1370=ORIENTED_EDGE('',*,*,#3764,.T.);
#1371=ORIENTED_EDGE('',*,*,#3767,.T.);
#1372=ORIENTED_EDGE('',*,*,#3768,.T.);
#1373=ORIENTED_EDGE('',*,*,#3769,.T.);
#1374=ORIENTED_EDGE('',*,*,#3770,.T.);
#1375=ORIENTED_EDGE('',*,*,#3768,.F.);
#1376=ORIENTED_EDGE('',*,*,#3771,.T.);
#1377=ORIENTED_EDGE('',*,*,#3772,.F.);
#1378=ORIENTED_EDGE('',*,*,#3773,.T.);
#1379=ORIENTED_EDGE('',*,*,#3769,.F.);
#1380=ORIENTED_EDGE('',*,*,#3774,.T.);
#1381=ORIENTED_EDGE('',*,*,#3772,.T.);
#1382=ORIENTED_EDGE('',*,*,#3775,.T.);
#1383=ORIENTED_EDGE('',*,*,#3776,.F.);
#1384=ORIENTED_EDGE('',*,*,#3777,.T.);
#1385=ORIENTED_EDGE('',*,*,#3776,.T.);
#1386=ORIENTED_EDGE('',*,*,#3778,.T.);
#1387=ORIENTED_EDGE('',*,*,#3779,.T.);
#1388=ORIENTED_EDGE('',*,*,#3780,.T.);
#1389=ORIENTED_EDGE('',*,*,#3781,.T.);
#1390=ORIENTED_EDGE('',*,*,#3782,.F.);
#1391=ORIENTED_EDGE('',*,*,#3783,.T.);
#1392=ORIENTED_EDGE('',*,*,#3779,.F.);
#1393=ORIENTED_EDGE('',*,*,#3784,.T.);
#1394=ORIENTED_EDGE('',*,*,#3785,.T.);
#1395=ORIENTED_EDGE('',*,*,#3786,.T.);
#1396=ORIENTED_EDGE('',*,*,#3782,.T.);
#1397=ORIENTED_EDGE('',*,*,#3787,.T.);
#1398=ORIENTED_EDGE('',*,*,#3788,.T.);
#1399=ORIENTED_EDGE('',*,*,#3789,.T.);
#1400=ORIENTED_EDGE('',*,*,#3785,.F.);
#1401=ORIENTED_EDGE('',*,*,#3790,.T.);
#1402=ORIENTED_EDGE('',*,*,#3791,.T.);
#1403=ORIENTED_EDGE('',*,*,#3788,.F.);
#1404=ORIENTED_EDGE('',*,*,#3792,.T.);
#1405=ORIENTED_EDGE('',*,*,#3790,.F.);
#1406=ORIENTED_EDGE('',*,*,#3793,.T.);
#1407=ORIENTED_EDGE('',*,*,#3794,.F.);
#1408=ORIENTED_EDGE('',*,*,#3795,.T.);
#1409=ORIENTED_EDGE('',*,*,#3796,.T.);
#1410=ORIENTED_EDGE('',*,*,#3797,.F.);
#1411=ORIENTED_EDGE('',*,*,#3798,.T.);
#1412=ORIENTED_EDGE('',*,*,#3794,.T.);
#1413=ORIENTED_EDGE('',*,*,#3799,.T.);
#1414=ORIENTED_EDGE('',*,*,#3800,.F.);
#1415=ORIENTED_EDGE('',*,*,#3801,.T.);
#1416=ORIENTED_EDGE('',*,*,#3797,.T.);
#1417=ORIENTED_EDGE('',*,*,#3802,.T.);
#1418=ORIENTED_EDGE('',*,*,#3803,.T.);
#1419=ORIENTED_EDGE('',*,*,#3804,.T.);
#1420=ORIENTED_EDGE('',*,*,#3800,.T.);
#1421=ORIENTED_EDGE('',*,*,#3803,.F.);
#1422=ORIENTED_EDGE('',*,*,#3805,.T.);
#1423=ORIENTED_EDGE('',*,*,#3806,.T.);
#1424=ORIENTED_EDGE('',*,*,#3807,.T.);
#1425=ORIENTED_EDGE('',*,*,#3806,.F.);
#1426=ORIENTED_EDGE('',*,*,#3808,.T.);
#1427=ORIENTED_EDGE('',*,*,#3809,.F.);
#1428=ORIENTED_EDGE('',*,*,#3810,.T.);
#1429=ORIENTED_EDGE('',*,*,#3811,.T.);
#1430=ORIENTED_EDGE('',*,*,#3812,.F.);
#1431=ORIENTED_EDGE('',*,*,#3813,.T.);
#1432=ORIENTED_EDGE('',*,*,#3809,.T.);
#1433=ORIENTED_EDGE('',*,*,#3812,.T.);
#1434=ORIENTED_EDGE('',*,*,#3814,.T.);
#1435=ORIENTED_EDGE('',*,*,#3815,.T.);
#1436=ORIENTED_EDGE('',*,*,#3816,.T.);
#1437=ORIENTED_EDGE('',*,*,#3817,.T.);
#1438=ORIENTED_EDGE('',*,*,#3815,.F.);
#1439=ORIENTED_EDGE('',*,*,#3818,.T.);
#1440=ORIENTED_EDGE('',*,*,#3819,.T.);
#1441=ORIENTED_EDGE('',*,*,#3820,.T.);
#1442=ORIENTED_EDGE('',*,*,#3819,.F.);
#1443=ORIENTED_EDGE('',*,*,#3821,.T.);
#1444=ORIENTED_EDGE('',*,*,#3822,.T.);
#1445=ORIENTED_EDGE('',*,*,#3823,.F.);
#1446=ORIENTED_EDGE('',*,*,#3824,.T.);
#1447=ORIENTED_EDGE('',*,*,#3822,.F.);
#1448=ORIENTED_EDGE('',*,*,#3825,.T.);
#1449=ORIENTED_EDGE('',*,*,#3826,.T.);
#1450=ORIENTED_EDGE('',*,*,#3827,.F.);
#1451=ORIENTED_EDGE('',*,*,#3828,.T.);
#1452=ORIENTED_EDGE('',*,*,#3823,.T.);
#1453=ORIENTED_EDGE('',*,*,#3827,.T.);
#1454=ORIENTED_EDGE('',*,*,#3829,.T.);
#1455=ORIENTED_EDGE('',*,*,#3830,.F.);
#1456=ORIENTED_EDGE('',*,*,#3831,.T.);
#1457=ORIENTED_EDGE('',*,*,#3832,.T.);
#1458=ORIENTED_EDGE('',*,*,#3830,.T.);
#1459=ORIENTED_EDGE('',*,*,#3833,.T.);
#1460=ORIENTED_EDGE('',*,*,#3834,.T.);
#1461=ORIENTED_EDGE('',*,*,#3835,.T.);
#1462=ORIENTED_EDGE('',*,*,#3834,.F.);
#1463=ORIENTED_EDGE('',*,*,#3836,.T.);
#1464=ORIENTED_EDGE('',*,*,#3837,.T.);
#1465=ORIENTED_EDGE('',*,*,#3838,.T.);
#1466=ORIENTED_EDGE('',*,*,#3837,.F.);
#1467=ORIENTED_EDGE('',*,*,#3839,.T.);
#1468=ORIENTED_EDGE('',*,*,#3840,.T.);
#1469=ORIENTED_EDGE('',*,*,#3840,.F.);
#1470=ORIENTED_EDGE('',*,*,#3841,.T.);
#1471=ORIENTED_EDGE('',*,*,#3842,.F.);
#1472=ORIENTED_EDGE('',*,*,#3843,.T.);
#1473=ORIENTED_EDGE('',*,*,#3844,.T.);
#1474=ORIENTED_EDGE('',*,*,#3845,.F.);
#1475=ORIENTED_EDGE('',*,*,#3846,.T.);
#1476=ORIENTED_EDGE('',*,*,#3842,.T.);
#1477=ORIENTED_EDGE('',*,*,#3847,.T.);
#1478=ORIENTED_EDGE('',*,*,#3848,.F.);
#1479=ORIENTED_EDGE('',*,*,#3849,.T.);
#1480=ORIENTED_EDGE('',*,*,#3845,.T.);
#1481=ORIENTED_EDGE('',*,*,#3850,.T.);
#1482=ORIENTED_EDGE('',*,*,#3851,.F.);
#1483=ORIENTED_EDGE('',*,*,#3852,.T.);
#1484=ORIENTED_EDGE('',*,*,#3848,.T.);
#1485=ORIENTED_EDGE('',*,*,#3853,.T.);
#1486=ORIENTED_EDGE('',*,*,#3854,.F.);
#1487=ORIENTED_EDGE('',*,*,#3855,.T.);
#1488=ORIENTED_EDGE('',*,*,#3851,.T.);
#1489=ORIENTED_EDGE('',*,*,#3856,.T.);
#1490=ORIENTED_EDGE('',*,*,#3857,.F.);
#1491=ORIENTED_EDGE('',*,*,#3858,.T.);
#1492=ORIENTED_EDGE('',*,*,#3854,.T.);
#1493=ORIENTED_EDGE('',*,*,#3857,.T.);
#1494=ORIENTED_EDGE('',*,*,#3859,.T.);
#1495=ORIENTED_EDGE('',*,*,#3860,.F.);
#1496=ORIENTED_EDGE('',*,*,#3861,.T.);
#1497=ORIENTED_EDGE('',*,*,#3860,.T.);
#1498=ORIENTED_EDGE('',*,*,#3862,.T.);
#1499=ORIENTED_EDGE('',*,*,#3863,.F.);
#1500=ORIENTED_EDGE('',*,*,#3864,.T.);
#1501=ORIENTED_EDGE('',*,*,#3863,.T.);
#1502=ORIENTED_EDGE('',*,*,#3865,.T.);
#1503=ORIENTED_EDGE('',*,*,#3866,.F.);
#1504=ORIENTED_EDGE('',*,*,#3867,.T.);
#1505=ORIENTED_EDGE('',*,*,#3866,.T.);
#1506=ORIENTED_EDGE('',*,*,#3868,.T.);
#1507=ORIENTED_EDGE('',*,*,#3869,.F.);
#1508=ORIENTED_EDGE('',*,*,#3870,.T.);
#1509=ORIENTED_EDGE('',*,*,#3869,.T.);
#1510=ORIENTED_EDGE('',*,*,#3871,.T.);
#1511=ORIENTED_EDGE('',*,*,#3872,.F.);
#1512=ORIENTED_EDGE('',*,*,#3873,.T.);
#1513=ORIENTED_EDGE('',*,*,#3874,.T.);
#1514=ORIENTED_EDGE('',*,*,#3875,.F.);
#1515=ORIENTED_EDGE('',*,*,#3876,.T.);
#1516=ORIENTED_EDGE('',*,*,#3872,.T.);
#1517=ORIENTED_EDGE('',*,*,#3875,.T.);
#1518=ORIENTED_EDGE('',*,*,#3877,.T.);
#1519=ORIENTED_EDGE('',*,*,#3878,.F.);
#1520=ORIENTED_EDGE('',*,*,#3879,.T.);
#1521=ORIENTED_EDGE('',*,*,#3880,.T.);
#1522=ORIENTED_EDGE('',*,*,#3881,.F.);
#1523=ORIENTED_EDGE('',*,*,#3882,.T.);
#1524=ORIENTED_EDGE('',*,*,#3878,.T.);
#1525=ORIENTED_EDGE('',*,*,#3883,.T.);
#1526=ORIENTED_EDGE('',*,*,#3884,.F.);
#1527=ORIENTED_EDGE('',*,*,#3885,.T.);
#1528=ORIENTED_EDGE('',*,*,#3881,.T.);
#1529=ORIENTED_EDGE('',*,*,#3884,.T.);
#1530=ORIENTED_EDGE('',*,*,#3886,.T.);
#1531=ORIENTED_EDGE('',*,*,#3887,.F.);
#1532=ORIENTED_EDGE('',*,*,#3888,.T.);
#1533=ORIENTED_EDGE('',*,*,#3887,.T.);
#1534=ORIENTED_EDGE('',*,*,#3889,.T.);
#1535=ORIENTED_EDGE('',*,*,#3890,.F.);
#1536=ORIENTED_EDGE('',*,*,#3891,.T.);
#1537=ORIENTED_EDGE('',*,*,#3892,.T.);
#1538=ORIENTED_EDGE('',*,*,#3893,.F.);
#1539=ORIENTED_EDGE('',*,*,#3894,.T.);
#1540=ORIENTED_EDGE('',*,*,#3890,.T.);
#1541=ORIENTED_EDGE('',*,*,#3893,.T.);
#1542=ORIENTED_EDGE('',*,*,#3895,.T.);
#1543=ORIENTED_EDGE('',*,*,#3896,.F.);
#1544=ORIENTED_EDGE('',*,*,#3897,.T.);
#1545=ORIENTED_EDGE('',*,*,#3896,.T.);
#1546=ORIENTED_EDGE('',*,*,#3898,.T.);
#1547=ORIENTED_EDGE('',*,*,#3899,.F.);
#1548=ORIENTED_EDGE('',*,*,#3900,.T.);
#1549=ORIENTED_EDGE('',*,*,#3901,.T.);
#1550=ORIENTED_EDGE('',*,*,#3902,.F.);
#1551=ORIENTED_EDGE('',*,*,#3903,.T.);
#1552=ORIENTED_EDGE('',*,*,#3899,.T.);
#1553=ORIENTED_EDGE('',*,*,#3904,.T.);
#1554=ORIENTED_EDGE('',*,*,#3905,.F.);
#1555=ORIENTED_EDGE('',*,*,#3906,.T.);
#1556=ORIENTED_EDGE('',*,*,#3902,.T.);
#1557=ORIENTED_EDGE('',*,*,#3905,.T.);
#1558=ORIENTED_EDGE('',*,*,#3907,.T.);
#1559=ORIENTED_EDGE('',*,*,#3908,.F.);
#1560=ORIENTED_EDGE('',*,*,#3909,.T.);
#1561=ORIENTED_EDGE('',*,*,#3908,.T.);
#1562=ORIENTED_EDGE('',*,*,#3910,.T.);
#1563=ORIENTED_EDGE('',*,*,#3911,.F.);
#1564=ORIENTED_EDGE('',*,*,#3912,.T.);
#1565=ORIENTED_EDGE('',*,*,#3913,.T.);
#1566=ORIENTED_EDGE('',*,*,#3914,.F.);
#1567=ORIENTED_EDGE('',*,*,#3915,.T.);
#1568=ORIENTED_EDGE('',*,*,#3911,.T.);
#1569=ORIENTED_EDGE('',*,*,#3914,.T.);
#1570=ORIENTED_EDGE('',*,*,#3916,.T.);
#1571=ORIENTED_EDGE('',*,*,#3917,.F.);
#1572=ORIENTED_EDGE('',*,*,#3918,.T.);
#1573=ORIENTED_EDGE('',*,*,#3917,.T.);
#1574=ORIENTED_EDGE('',*,*,#3919,.T.);
#1575=ORIENTED_EDGE('',*,*,#3920,.F.);
#1576=ORIENTED_EDGE('',*,*,#3921,.T.);
#1577=ORIENTED_EDGE('',*,*,#3920,.T.);
#1578=ORIENTED_EDGE('',*,*,#3922,.T.);
#1579=ORIENTED_EDGE('',*,*,#3923,.F.);
#1580=ORIENTED_EDGE('',*,*,#3924,.T.);
#1581=ORIENTED_EDGE('',*,*,#3923,.T.);
#1582=ORIENTED_EDGE('',*,*,#3925,.T.);
#1583=ORIENTED_EDGE('',*,*,#3926,.F.);
#1584=ORIENTED_EDGE('',*,*,#3927,.T.);
#1585=ORIENTED_EDGE('',*,*,#3928,.T.);
#1586=ORIENTED_EDGE('',*,*,#3929,.F.);
#1587=ORIENTED_EDGE('',*,*,#3930,.T.);
#1588=ORIENTED_EDGE('',*,*,#3926,.T.);
#1589=ORIENTED_EDGE('',*,*,#3931,.T.);
#1590=ORIENTED_EDGE('',*,*,#3932,.T.);
#1591=ORIENTED_EDGE('',*,*,#3929,.T.);
#1592=ORIENTED_EDGE('',*,*,#3933,.T.);
#1593=ORIENTED_EDGE('',*,*,#3934,.T.);
#1594=ORIENTED_EDGE('',*,*,#3935,.F.);
#1595=ORIENTED_EDGE('',*,*,#3936,.T.);
#1596=ORIENTED_EDGE('',*,*,#3931,.F.);
#1597=ORIENTED_EDGE('',*,*,#3937,.T.);
#1598=ORIENTED_EDGE('',*,*,#3938,.T.);
#1599=ORIENTED_EDGE('',*,*,#3939,.T.);
#1600=ORIENTED_EDGE('',*,*,#3935,.T.);
#1601=ORIENTED_EDGE('',*,*,#3940,.T.);
#1602=ORIENTED_EDGE('',*,*,#3941,.T.);
#1603=ORIENTED_EDGE('',*,*,#3942,.T.);
#1604=ORIENTED_EDGE('',*,*,#3938,.F.);
#1605=ORIENTED_EDGE('',*,*,#3943,.T.);
#1606=ORIENTED_EDGE('',*,*,#3944,.T.);
#1607=ORIENTED_EDGE('',*,*,#3941,.F.);
#1608=ORIENTED_EDGE('',*,*,#3945,.T.);
#1609=ORIENTED_EDGE('',*,*,#3943,.F.);
#1610=ORIENTED_EDGE('',*,*,#3946,.T.);
#1611=ORIENTED_EDGE('',*,*,#3947,.T.);
#1612=ORIENTED_EDGE('',*,*,#3948,.T.);
#1613=ORIENTED_EDGE('',*,*,#3949,.T.);
#1614=ORIENTED_EDGE('',*,*,#3947,.F.);
#1615=ORIENTED_EDGE('',*,*,#3950,.T.);
#1616=ORIENTED_EDGE('',*,*,#3951,.F.);
#1617=ORIENTED_EDGE('',*,*,#3952,.T.);
#1618=ORIENTED_EDGE('',*,*,#3953,.T.);
#1619=ORIENTED_EDGE('',*,*,#3954,.T.);
#1620=ORIENTED_EDGE('',*,*,#3951,.T.);
#1621=ORIENTED_EDGE('',*,*,#3955,.F.);
#1622=ORIENTED_EDGE('',*,*,#3956,.F.);
#1623=ORIENTED_EDGE('',*,*,#3957,.T.);
#1624=ORIENTED_EDGE('',*,*,#3953,.F.);
#1625=ORIENTED_EDGE('',*,*,#3956,.T.);
#1626=ORIENTED_EDGE('',*,*,#3958,.T.);
#1627=ORIENTED_EDGE('',*,*,#3959,.T.);
#1628=ORIENTED_EDGE('',*,*,#3960,.T.);
#1629=ORIENTED_EDGE('',*,*,#3959,.F.);
#1630=ORIENTED_EDGE('',*,*,#3961,.T.);
#1631=ORIENTED_EDGE('',*,*,#3962,.F.);
#1632=ORIENTED_EDGE('',*,*,#3963,.T.);
#1633=ORIENTED_EDGE('',*,*,#3962,.T.);
#1634=ORIENTED_EDGE('',*,*,#3964,.T.);
#1635=ORIENTED_EDGE('',*,*,#3965,.F.);
#1636=ORIENTED_EDGE('',*,*,#3966,.T.);
#1637=ORIENTED_EDGE('',*,*,#3967,.T.);
#1638=ORIENTED_EDGE('',*,*,#3968,.F.);
#1639=ORIENTED_EDGE('',*,*,#3969,.T.);
#1640=ORIENTED_EDGE('',*,*,#3965,.T.);
#1641=ORIENTED_EDGE('',*,*,#3970,.T.);
#1642=ORIENTED_EDGE('',*,*,#3968,.T.);
#1643=ORIENTED_EDGE('',*,*,#3971,.T.);
#1644=ORIENTED_EDGE('',*,*,#3972,.T.);
#1645=ORIENTED_EDGE('',*,*,#3973,.T.);
#1646=ORIENTED_EDGE('',*,*,#3972,.F.);
#1647=ORIENTED_EDGE('',*,*,#3974,.T.);
#1648=ORIENTED_EDGE('',*,*,#3975,.T.);
#1649=ORIENTED_EDGE('',*,*,#3976,.T.);
#1650=ORIENTED_EDGE('',*,*,#3977,.T.);
#1651=ORIENTED_EDGE('',*,*,#3975,.F.);
#1652=ORIENTED_EDGE('',*,*,#3978,.T.);
#1653=ORIENTED_EDGE('',*,*,#3979,.T.);
#1654=ORIENTED_EDGE('',*,*,#3980,.T.);
#1655=ORIENTED_EDGE('',*,*,#3976,.F.);
#1656=ORIENTED_EDGE('',*,*,#3981,.T.);
#1657=ORIENTED_EDGE('',*,*,#3982,.T.);
#1658=ORIENTED_EDGE('',*,*,#3983,.F.);
#1659=ORIENTED_EDGE('',*,*,#3984,.T.);
#1660=ORIENTED_EDGE('',*,*,#3979,.F.);
#1661=ORIENTED_EDGE('',*,*,#3985,.T.);
#1662=ORIENTED_EDGE('',*,*,#3986,.T.);
#1663=ORIENTED_EDGE('',*,*,#3987,.T.);
#1664=ORIENTED_EDGE('',*,*,#3983,.T.);
#1665=ORIENTED_EDGE('',*,*,#3988,.T.);
#1666=ORIENTED_EDGE('',*,*,#3989,.T.);
#1667=ORIENTED_EDGE('',*,*,#3990,.T.);
#1668=ORIENTED_EDGE('',*,*,#3986,.F.);
#1669=ORIENTED_EDGE('',*,*,#3991,.T.);
#1670=ORIENTED_EDGE('',*,*,#3992,.T.);
#1671=ORIENTED_EDGE('',*,*,#3989,.F.);
#1672=ORIENTED_EDGE('',*,*,#3993,.T.);
#1673=ORIENTED_EDGE('',*,*,#3991,.F.);
#1674=ORIENTED_EDGE('',*,*,#3994,.T.);
#1675=ORIENTED_EDGE('',*,*,#3995,.T.);
#1676=ORIENTED_EDGE('',*,*,#3996,.T.);
#1677=ORIENTED_EDGE('',*,*,#3997,.T.);
#1678=ORIENTED_EDGE('',*,*,#3995,.F.);
#1679=ORIENTED_EDGE('',*,*,#3998,.T.);
#1680=ORIENTED_EDGE('',*,*,#3999,.F.);
#1681=ORIENTED_EDGE('',*,*,#4000,.T.);
#1682=ORIENTED_EDGE('',*,*,#4001,.F.);
#1683=ORIENTED_EDGE('',*,*,#4002,.T.);
#1684=ORIENTED_EDGE('',*,*,#3999,.T.);
#1685=ORIENTED_EDGE('',*,*,#4003,.T.);
#1686=ORIENTED_EDGE('',*,*,#4001,.T.);
#1687=ORIENTED_EDGE('',*,*,#4004,.T.);
#1688=ORIENTED_EDGE('',*,*,#4005,.T.);
#1689=ORIENTED_EDGE('',*,*,#4006,.T.);
#1690=ORIENTED_EDGE('',*,*,#4007,.T.);
#1691=ORIENTED_EDGE('',*,*,#4005,.F.);
#1692=ORIENTED_EDGE('',*,*,#4008,.T.);
#1693=ORIENTED_EDGE('',*,*,#4009,.F.);
#1694=ORIENTED_EDGE('',*,*,#4010,.T.);
#1695=ORIENTED_EDGE('',*,*,#4006,.F.);
#1696=ORIENTED_EDGE('',*,*,#4011,.T.);
#1697=ORIENTED_EDGE('',*,*,#4009,.T.);
#1698=ORIENTED_EDGE('',*,*,#4012,.T.);
#1699=ORIENTED_EDGE('',*,*,#4013,.F.);
#1700=ORIENTED_EDGE('',*,*,#4014,.T.);
#1701=ORIENTED_EDGE('',*,*,#4013,.T.);
#1702=ORIENTED_EDGE('',*,*,#4015,.T.);
#1703=ORIENTED_EDGE('',*,*,#4016,.T.);
#1704=ORIENTED_EDGE('',*,*,#4017,.T.);
#1705=ORIENTED_EDGE('',*,*,#4018,.T.);
#1706=ORIENTED_EDGE('',*,*,#4019,.F.);
#1707=ORIENTED_EDGE('',*,*,#4020,.T.);
#1708=ORIENTED_EDGE('',*,*,#4016,.F.);
#1709=ORIENTED_EDGE('',*,*,#4021,.T.);
#1710=ORIENTED_EDGE('',*,*,#4022,.T.);
#1711=ORIENTED_EDGE('',*,*,#4023,.T.);
#1712=ORIENTED_EDGE('',*,*,#4019,.T.);
#1713=ORIENTED_EDGE('',*,*,#4024,.T.);
#1714=ORIENTED_EDGE('',*,*,#4025,.T.);
#1715=ORIENTED_EDGE('',*,*,#4026,.T.);
#1716=ORIENTED_EDGE('',*,*,#4022,.F.);
#1717=ORIENTED_EDGE('',*,*,#4027,.T.);
#1718=ORIENTED_EDGE('',*,*,#4028,.T.);
#1719=ORIENTED_EDGE('',*,*,#4025,.F.);
#1720=ORIENTED_EDGE('',*,*,#4029,.T.);
#1721=ORIENTED_EDGE('',*,*,#4027,.F.);
#1722=ORIENTED_EDGE('',*,*,#4030,.T.);
#1723=ORIENTED_EDGE('',*,*,#4031,.F.);
#1724=ORIENTED_EDGE('',*,*,#4032,.T.);
#1725=ORIENTED_EDGE('',*,*,#4033,.T.);
#1726=ORIENTED_EDGE('',*,*,#4034,.F.);
#1727=ORIENTED_EDGE('',*,*,#4035,.T.);
#1728=ORIENTED_EDGE('',*,*,#4031,.T.);
#1729=ORIENTED_EDGE('',*,*,#4036,.T.);
#1730=ORIENTED_EDGE('',*,*,#4037,.F.);
#1731=ORIENTED_EDGE('',*,*,#4038,.T.);
#1732=ORIENTED_EDGE('',*,*,#4034,.T.);
#1733=ORIENTED_EDGE('',*,*,#4039,.T.);
#1734=ORIENTED_EDGE('',*,*,#4040,.T.);
#1735=ORIENTED_EDGE('',*,*,#4041,.T.);
#1736=ORIENTED_EDGE('',*,*,#4037,.T.);
#1737=ORIENTED_EDGE('',*,*,#4040,.F.);
#1738=ORIENTED_EDGE('',*,*,#4042,.T.);
#1739=ORIENTED_EDGE('',*,*,#4043,.T.);
#1740=ORIENTED_EDGE('',*,*,#4044,.T.);
#1741=ORIENTED_EDGE('',*,*,#4043,.F.);
#1742=ORIENTED_EDGE('',*,*,#4045,.T.);
#1743=ORIENTED_EDGE('',*,*,#4046,.F.);
#1744=ORIENTED_EDGE('',*,*,#4047,.T.);
#1745=ORIENTED_EDGE('',*,*,#4048,.T.);
#1746=ORIENTED_EDGE('',*,*,#4049,.F.);
#1747=ORIENTED_EDGE('',*,*,#4050,.T.);
#1748=ORIENTED_EDGE('',*,*,#4046,.T.);
#1749=ORIENTED_EDGE('',*,*,#4049,.T.);
#1750=ORIENTED_EDGE('',*,*,#4051,.T.);
#1751=ORIENTED_EDGE('',*,*,#4052,.T.);
#1752=ORIENTED_EDGE('',*,*,#4053,.T.);
#1753=ORIENTED_EDGE('',*,*,#4054,.T.);
#1754=ORIENTED_EDGE('',*,*,#4052,.F.);
#1755=ORIENTED_EDGE('',*,*,#4055,.T.);
#1756=ORIENTED_EDGE('',*,*,#4056,.T.);
#1757=ORIENTED_EDGE('',*,*,#4057,.T.);
#1758=ORIENTED_EDGE('',*,*,#4056,.F.);
#1759=ORIENTED_EDGE('',*,*,#4058,.T.);
#1760=ORIENTED_EDGE('',*,*,#4059,.T.);
#1761=ORIENTED_EDGE('',*,*,#4060,.F.);
#1762=ORIENTED_EDGE('',*,*,#4061,.T.);
#1763=ORIENTED_EDGE('',*,*,#4059,.F.);
#1764=ORIENTED_EDGE('',*,*,#4062,.T.);
#1765=ORIENTED_EDGE('',*,*,#4063,.T.);
#1766=ORIENTED_EDGE('',*,*,#4064,.F.);
#1767=ORIENTED_EDGE('',*,*,#4065,.T.);
#1768=ORIENTED_EDGE('',*,*,#4060,.T.);
#1769=ORIENTED_EDGE('',*,*,#4064,.T.);
#1770=ORIENTED_EDGE('',*,*,#4066,.T.);
#1771=ORIENTED_EDGE('',*,*,#4067,.F.);
#1772=ORIENTED_EDGE('',*,*,#4068,.T.);
#1773=ORIENTED_EDGE('',*,*,#4069,.T.);
#1774=ORIENTED_EDGE('',*,*,#4067,.T.);
#1775=ORIENTED_EDGE('',*,*,#4070,.T.);
#1776=ORIENTED_EDGE('',*,*,#4071,.T.);
#1777=ORIENTED_EDGE('',*,*,#4072,.T.);
#1778=ORIENTED_EDGE('',*,*,#4071,.F.);
#1779=ORIENTED_EDGE('',*,*,#4073,.T.);
#1780=ORIENTED_EDGE('',*,*,#4074,.T.);
#1781=ORIENTED_EDGE('',*,*,#4075,.T.);
#1782=ORIENTED_EDGE('',*,*,#4074,.F.);
#1783=ORIENTED_EDGE('',*,*,#4076,.T.);
#1784=ORIENTED_EDGE('',*,*,#4077,.T.);
#1785=ORIENTED_EDGE('',*,*,#4077,.F.);
#1786=ORIENTED_EDGE('',*,*,#4078,.T.);
#1787=ORIENTED_EDGE('',*,*,#4079,.F.);
#1788=ORIENTED_EDGE('',*,*,#4080,.T.);
#1789=ORIENTED_EDGE('',*,*,#4081,.T.);
#1790=ORIENTED_EDGE('',*,*,#4082,.F.);
#1791=ORIENTED_EDGE('',*,*,#4083,.T.);
#1792=ORIENTED_EDGE('',*,*,#4079,.T.);
#1793=ORIENTED_EDGE('',*,*,#4084,.T.);
#1794=ORIENTED_EDGE('',*,*,#4085,.F.);
#1795=ORIENTED_EDGE('',*,*,#4086,.T.);
#1796=ORIENTED_EDGE('',*,*,#4082,.T.);
#1797=ORIENTED_EDGE('',*,*,#4087,.T.);
#1798=ORIENTED_EDGE('',*,*,#4088,.F.);
#1799=ORIENTED_EDGE('',*,*,#4089,.T.);
#1800=ORIENTED_EDGE('',*,*,#4085,.T.);
#1801=ORIENTED_EDGE('',*,*,#4090,.T.);
#1802=ORIENTED_EDGE('',*,*,#4091,.F.);
#1803=ORIENTED_EDGE('',*,*,#4092,.T.);
#1804=ORIENTED_EDGE('',*,*,#4088,.T.);
#1805=ORIENTED_EDGE('',*,*,#4093,.T.);
#1806=ORIENTED_EDGE('',*,*,#4094,.F.);
#1807=ORIENTED_EDGE('',*,*,#4095,.T.);
#1808=ORIENTED_EDGE('',*,*,#4091,.T.);
#1809=ORIENTED_EDGE('',*,*,#4094,.T.);
#1810=ORIENTED_EDGE('',*,*,#4096,.T.);
#1811=ORIENTED_EDGE('',*,*,#4097,.F.);
#1812=ORIENTED_EDGE('',*,*,#4098,.T.);
#1813=ORIENTED_EDGE('',*,*,#4097,.T.);
#1814=ORIENTED_EDGE('',*,*,#4099,.T.);
#1815=ORIENTED_EDGE('',*,*,#4100,.F.);
#1816=ORIENTED_EDGE('',*,*,#4101,.T.);
#1817=ORIENTED_EDGE('',*,*,#4100,.T.);
#1818=ORIENTED_EDGE('',*,*,#4102,.T.);
#1819=ORIENTED_EDGE('',*,*,#4103,.F.);
#1820=ORIENTED_EDGE('',*,*,#4104,.T.);
#1821=ORIENTED_EDGE('',*,*,#4103,.T.);
#1822=ORIENTED_EDGE('',*,*,#4105,.T.);
#1823=ORIENTED_EDGE('',*,*,#4106,.F.);
#1824=ORIENTED_EDGE('',*,*,#4107,.T.);
#1825=ORIENTED_EDGE('',*,*,#4106,.T.);
#1826=ORIENTED_EDGE('',*,*,#4108,.T.);
#1827=ORIENTED_EDGE('',*,*,#4109,.F.);
#1828=ORIENTED_EDGE('',*,*,#4110,.T.);
#1829=ORIENTED_EDGE('',*,*,#4111,.T.);
#1830=ORIENTED_EDGE('',*,*,#4112,.F.);
#1831=ORIENTED_EDGE('',*,*,#4113,.T.);
#1832=ORIENTED_EDGE('',*,*,#4109,.T.);
#1833=ORIENTED_EDGE('',*,*,#4112,.T.);
#1834=ORIENTED_EDGE('',*,*,#4114,.T.);
#1835=ORIENTED_EDGE('',*,*,#4115,.F.);
#1836=ORIENTED_EDGE('',*,*,#4116,.T.);
#1837=ORIENTED_EDGE('',*,*,#4117,.T.);
#1838=ORIENTED_EDGE('',*,*,#4118,.F.);
#1839=ORIENTED_EDGE('',*,*,#4119,.T.);
#1840=ORIENTED_EDGE('',*,*,#4115,.T.);
#1841=ORIENTED_EDGE('',*,*,#4120,.T.);
#1842=ORIENTED_EDGE('',*,*,#4121,.F.);
#1843=ORIENTED_EDGE('',*,*,#4122,.T.);
#1844=ORIENTED_EDGE('',*,*,#4118,.T.);
#1845=ORIENTED_EDGE('',*,*,#4121,.T.);
#1846=ORIENTED_EDGE('',*,*,#4123,.T.);
#1847=ORIENTED_EDGE('',*,*,#4124,.F.);
#1848=ORIENTED_EDGE('',*,*,#4125,.T.);
#1849=ORIENTED_EDGE('',*,*,#4124,.T.);
#1850=ORIENTED_EDGE('',*,*,#4126,.T.);
#1851=ORIENTED_EDGE('',*,*,#4127,.F.);
#1852=ORIENTED_EDGE('',*,*,#4128,.T.);
#1853=ORIENTED_EDGE('',*,*,#4129,.T.);
#1854=ORIENTED_EDGE('',*,*,#4130,.F.);
#1855=ORIENTED_EDGE('',*,*,#4131,.T.);
#1856=ORIENTED_EDGE('',*,*,#4127,.T.);
#1857=ORIENTED_EDGE('',*,*,#4130,.T.);
#1858=ORIENTED_EDGE('',*,*,#4132,.T.);
#1859=ORIENTED_EDGE('',*,*,#4133,.F.);
#1860=ORIENTED_EDGE('',*,*,#4134,.T.);
#1861=ORIENTED_EDGE('',*,*,#4133,.T.);
#1862=ORIENTED_EDGE('',*,*,#4135,.T.);
#1863=ORIENTED_EDGE('',*,*,#4136,.F.);
#1864=ORIENTED_EDGE('',*,*,#4137,.T.);
#1865=ORIENTED_EDGE('',*,*,#4138,.T.);
#1866=ORIENTED_EDGE('',*,*,#4139,.F.);
#1867=ORIENTED_EDGE('',*,*,#4140,.T.);
#1868=ORIENTED_EDGE('',*,*,#4136,.T.);
#1869=ORIENTED_EDGE('',*,*,#4141,.T.);
#1870=ORIENTED_EDGE('',*,*,#4142,.F.);
#1871=ORIENTED_EDGE('',*,*,#4143,.T.);
#1872=ORIENTED_EDGE('',*,*,#4139,.T.);
#1873=ORIENTED_EDGE('',*,*,#4142,.T.);
#1874=ORIENTED_EDGE('',*,*,#4144,.T.);
#1875=ORIENTED_EDGE('',*,*,#4145,.F.);
#1876=ORIENTED_EDGE('',*,*,#4146,.T.);
#1877=ORIENTED_EDGE('',*,*,#4145,.T.);
#1878=ORIENTED_EDGE('',*,*,#4147,.T.);
#1879=ORIENTED_EDGE('',*,*,#4148,.F.);
#1880=ORIENTED_EDGE('',*,*,#4149,.T.);
#1881=ORIENTED_EDGE('',*,*,#4150,.T.);
#1882=ORIENTED_EDGE('',*,*,#4151,.F.);
#1883=ORIENTED_EDGE('',*,*,#4152,.T.);
#1884=ORIENTED_EDGE('',*,*,#4148,.T.);
#1885=ORIENTED_EDGE('',*,*,#4151,.T.);
#1886=ORIENTED_EDGE('',*,*,#4153,.T.);
#1887=ORIENTED_EDGE('',*,*,#4154,.F.);
#1888=ORIENTED_EDGE('',*,*,#4155,.T.);
#1889=ORIENTED_EDGE('',*,*,#4154,.T.);
#1890=ORIENTED_EDGE('',*,*,#4156,.T.);
#1891=ORIENTED_EDGE('',*,*,#4157,.F.);
#1892=ORIENTED_EDGE('',*,*,#4158,.T.);
#1893=ORIENTED_EDGE('',*,*,#4157,.T.);
#1894=ORIENTED_EDGE('',*,*,#4159,.T.);
#1895=ORIENTED_EDGE('',*,*,#4160,.F.);
#1896=ORIENTED_EDGE('',*,*,#4161,.T.);
#1897=ORIENTED_EDGE('',*,*,#4160,.T.);
#1898=ORIENTED_EDGE('',*,*,#4162,.T.);
#1899=ORIENTED_EDGE('',*,*,#4163,.F.);
#1900=ORIENTED_EDGE('',*,*,#4164,.T.);
#1901=ORIENTED_EDGE('',*,*,#4165,.T.);
#1902=ORIENTED_EDGE('',*,*,#4166,.F.);
#1903=ORIENTED_EDGE('',*,*,#4167,.T.);
#1904=ORIENTED_EDGE('',*,*,#4163,.T.);
#1905=ORIENTED_EDGE('',*,*,#4168,.T.);
#1906=ORIENTED_EDGE('',*,*,#4169,.T.);
#1907=ORIENTED_EDGE('',*,*,#4166,.T.);
#1908=ORIENTED_EDGE('',*,*,#4170,.T.);
#1909=ORIENTED_EDGE('',*,*,#4171,.T.);
#1910=ORIENTED_EDGE('',*,*,#4172,.F.);
#1911=ORIENTED_EDGE('',*,*,#4173,.T.);
#1912=ORIENTED_EDGE('',*,*,#4168,.F.);
#1913=ORIENTED_EDGE('',*,*,#4174,.T.);
#1914=ORIENTED_EDGE('',*,*,#4175,.T.);
#1915=ORIENTED_EDGE('',*,*,#4176,.T.);
#1916=ORIENTED_EDGE('',*,*,#4172,.T.);
#1917=ORIENTED_EDGE('',*,*,#4177,.T.);
#1918=ORIENTED_EDGE('',*,*,#4178,.T.);
#1919=ORIENTED_EDGE('',*,*,#4179,.T.);
#1920=ORIENTED_EDGE('',*,*,#4175,.F.);
#1921=ORIENTED_EDGE('',*,*,#4180,.T.);
#1922=ORIENTED_EDGE('',*,*,#4181,.T.);
#1923=ORIENTED_EDGE('',*,*,#4178,.F.);
#1924=ORIENTED_EDGE('',*,*,#4182,.T.);
#1925=ORIENTED_EDGE('',*,*,#4180,.F.);
#1926=ORIENTED_EDGE('',*,*,#4183,.T.);
#1927=ORIENTED_EDGE('',*,*,#4184,.T.);
#1928=ORIENTED_EDGE('',*,*,#4185,.T.);
#1929=ORIENTED_EDGE('',*,*,#4186,.T.);
#1930=ORIENTED_EDGE('',*,*,#4184,.F.);
#1931=ORIENTED_EDGE('',*,*,#4187,.T.);
#1932=ORIENTED_EDGE('',*,*,#4188,.F.);
#1933=ORIENTED_EDGE('',*,*,#4189,.T.);
#1934=ORIENTED_EDGE('',*,*,#4190,.T.);
#1935=ORIENTED_EDGE('',*,*,#4191,.T.);
#1936=ORIENTED_EDGE('',*,*,#4188,.T.);
#1937=ORIENTED_EDGE('',*,*,#4192,.F.);
#1938=ORIENTED_EDGE('',*,*,#4193,.F.);
#1939=ORIENTED_EDGE('',*,*,#4194,.T.);
#1940=ORIENTED_EDGE('',*,*,#4190,.F.);
#1941=ORIENTED_EDGE('',*,*,#4193,.T.);
#1942=ORIENTED_EDGE('',*,*,#4195,.F.);
#1943=ORIENTED_EDGE('',*,*,#4196,.T.);
#1944=ORIENTED_EDGE('',*,*,#4197,.T.);
#1945=ORIENTED_EDGE('',*,*,#2960,.F.);
#1946=ORIENTED_EDGE('',*,*,#2956,.F.);
#1947=ORIENTED_EDGE('',*,*,#2957,.F.);
#1948=ORIENTED_EDGE('',*,*,#2958,.F.);
#1949=ORIENTED_EDGE('',*,*,#4198,.T.);
#1950=ORIENTED_EDGE('',*,*,#4196,.F.);
#1951=ORIENTED_EDGE('',*,*,#4199,.F.);
#1952=ORIENTED_EDGE('',*,*,#4200,.T.);
#1953=ORIENTED_EDGE('',*,*,#3339,.F.);
#1954=ORIENTED_EDGE('',*,*,#3337,.F.);
#1955=ORIENTED_EDGE('',*,*,#3332,.F.);
#1956=ORIENTED_EDGE('',*,*,#3329,.F.);
#1957=ORIENTED_EDGE('',*,*,#3327,.F.);
#1958=ORIENTED_EDGE('',*,*,#3323,.F.);
#1959=ORIENTED_EDGE('',*,*,#3321,.F.);
#1960=ORIENTED_EDGE('',*,*,#3317,.F.);
#1961=ORIENTED_EDGE('',*,*,#3314,.F.);
#1962=ORIENTED_EDGE('',*,*,#3311,.F.);
#1963=ORIENTED_EDGE('',*,*,#3308,.F.);
#1964=ORIENTED_EDGE('',*,*,#3305,.F.);
#1965=ORIENTED_EDGE('',*,*,#3302,.F.);
#1966=ORIENTED_EDGE('',*,*,#3299,.F.);
#1967=ORIENTED_EDGE('',*,*,#3296,.F.);
#1968=ORIENTED_EDGE('',*,*,#3293,.F.);
#1969=ORIENTED_EDGE('',*,*,#3291,.F.);
#1970=ORIENTED_EDGE('',*,*,#3287,.F.);
#1971=ORIENTED_EDGE('',*,*,#3284,.F.);
#1972=ORIENTED_EDGE('',*,*,#3282,.F.);
#1973=ORIENTED_EDGE('',*,*,#3279,.F.);
#1974=ORIENTED_EDGE('',*,*,#3275,.F.);
#1975=ORIENTED_EDGE('',*,*,#3272,.F.);
#1976=ORIENTED_EDGE('',*,*,#3269,.F.);
#1977=ORIENTED_EDGE('',*,*,#3266,.F.);
#1978=ORIENTED_EDGE('',*,*,#3263,.F.);
#1979=ORIENTED_EDGE('',*,*,#3260,.F.);
#1980=ORIENTED_EDGE('',*,*,#3257,.F.);
#1981=ORIENTED_EDGE('',*,*,#3254,.F.);
#1982=ORIENTED_EDGE('',*,*,#3253,.F.);
#1983=ORIENTED_EDGE('',*,*,#3248,.F.);
#1984=ORIENTED_EDGE('',*,*,#3245,.F.);
#1985=ORIENTED_EDGE('',*,*,#3242,.F.);
#1986=ORIENTED_EDGE('',*,*,#3241,.F.);
#1987=ORIENTED_EDGE('',*,*,#3237,.F.);
#1988=ORIENTED_EDGE('',*,*,#3235,.F.);
#1989=ORIENTED_EDGE('',*,*,#3232,.F.);
#1990=ORIENTED_EDGE('',*,*,#3228,.F.);
#1991=ORIENTED_EDGE('',*,*,#3224,.F.);
#1992=ORIENTED_EDGE('',*,*,#3222,.F.);
#1993=ORIENTED_EDGE('',*,*,#3218,.F.);
#1994=ORIENTED_EDGE('',*,*,#3217,.F.);
#1995=ORIENTED_EDGE('',*,*,#3212,.F.);
#1996=ORIENTED_EDGE('',*,*,#3209,.F.);
#1997=ORIENTED_EDGE('',*,*,#3206,.F.);
#1998=ORIENTED_EDGE('',*,*,#3205,.F.);
#1999=ORIENTED_EDGE('',*,*,#3200,.F.);
#2000=ORIENTED_EDGE('',*,*,#3197,.F.);
#2001=ORIENTED_EDGE('',*,*,#3194,.F.);
#2002=ORIENTED_EDGE('',*,*,#3191,.F.);
#2003=ORIENTED_EDGE('',*,*,#3188,.F.);
#2004=ORIENTED_EDGE('',*,*,#3185,.F.);
#2005=ORIENTED_EDGE('',*,*,#3182,.F.);
#2006=ORIENTED_EDGE('',*,*,#3179,.F.);
#2007=ORIENTED_EDGE('',*,*,#3176,.F.);
#2008=ORIENTED_EDGE('',*,*,#3173,.F.);
#2009=ORIENTED_EDGE('',*,*,#3170,.F.);
#2010=ORIENTED_EDGE('',*,*,#3167,.F.);
#2011=ORIENTED_EDGE('',*,*,#3164,.F.);
#2012=ORIENTED_EDGE('',*,*,#3161,.F.);
#2013=ORIENTED_EDGE('',*,*,#3158,.F.);
#2014=ORIENTED_EDGE('',*,*,#3155,.F.);
#2015=ORIENTED_EDGE('',*,*,#3152,.F.);
#2016=ORIENTED_EDGE('',*,*,#3149,.F.);
#2017=ORIENTED_EDGE('',*,*,#3146,.F.);
#2018=ORIENTED_EDGE('',*,*,#3143,.F.);
#2019=ORIENTED_EDGE('',*,*,#3140,.F.);
#2020=ORIENTED_EDGE('',*,*,#3137,.F.);
#2021=ORIENTED_EDGE('',*,*,#3134,.F.);
#2022=ORIENTED_EDGE('',*,*,#3131,.F.);
#2023=ORIENTED_EDGE('',*,*,#3128,.F.);
#2024=ORIENTED_EDGE('',*,*,#3125,.F.);
#2025=ORIENTED_EDGE('',*,*,#3122,.F.);
#2026=ORIENTED_EDGE('',*,*,#3119,.F.);
#2027=ORIENTED_EDGE('',*,*,#3116,.F.);
#2028=ORIENTED_EDGE('',*,*,#3113,.F.);
#2029=ORIENTED_EDGE('',*,*,#3111,.F.);
#2030=ORIENTED_EDGE('',*,*,#3108,.F.);
#2031=ORIENTED_EDGE('',*,*,#3105,.F.);
#2032=ORIENTED_EDGE('',*,*,#3101,.F.);
#2033=ORIENTED_EDGE('',*,*,#3098,.F.);
#2034=ORIENTED_EDGE('',*,*,#3097,.F.);
#2035=ORIENTED_EDGE('',*,*,#3093,.F.);
#2036=ORIENTED_EDGE('',*,*,#3090,.F.);
#2037=ORIENTED_EDGE('',*,*,#3086,.F.);
#2038=ORIENTED_EDGE('',*,*,#3083,.F.);
#2039=ORIENTED_EDGE('',*,*,#3080,.F.);
#2040=ORIENTED_EDGE('',*,*,#3077,.F.);
#2041=ORIENTED_EDGE('',*,*,#3074,.F.);
#2042=ORIENTED_EDGE('',*,*,#3071,.F.);
#2043=ORIENTED_EDGE('',*,*,#3068,.F.);
#2044=ORIENTED_EDGE('',*,*,#3065,.F.);
#2045=ORIENTED_EDGE('',*,*,#3064,.F.);
#2046=ORIENTED_EDGE('',*,*,#3059,.F.);
#2047=ORIENTED_EDGE('',*,*,#3056,.F.);
#2048=ORIENTED_EDGE('',*,*,#3053,.F.);
#2049=ORIENTED_EDGE('',*,*,#3050,.F.);
#2050=ORIENTED_EDGE('',*,*,#3047,.F.);
#2051=ORIENTED_EDGE('',*,*,#3046,.F.);
#2052=ORIENTED_EDGE('',*,*,#3043,.F.);
#2053=ORIENTED_EDGE('',*,*,#3039,.F.);
#2054=ORIENTED_EDGE('',*,*,#3035,.F.);
#2055=ORIENTED_EDGE('',*,*,#3033,.F.);
#2056=ORIENTED_EDGE('',*,*,#3029,.F.);
#2057=ORIENTED_EDGE('',*,*,#3028,.F.);
#2058=ORIENTED_EDGE('',*,*,#3023,.F.);
#2059=ORIENTED_EDGE('',*,*,#3020,.F.);
#2060=ORIENTED_EDGE('',*,*,#3017,.F.);
#2061=ORIENTED_EDGE('',*,*,#3016,.F.);
#2062=ORIENTED_EDGE('',*,*,#3013,.F.);
#2063=ORIENTED_EDGE('',*,*,#3009,.F.);
#2064=ORIENTED_EDGE('',*,*,#3006,.F.);
#2065=ORIENTED_EDGE('',*,*,#3002,.F.);
#2066=ORIENTED_EDGE('',*,*,#2999,.F.);
#2067=ORIENTED_EDGE('',*,*,#2996,.F.);
#2068=ORIENTED_EDGE('',*,*,#2993,.F.);
#2069=ORIENTED_EDGE('',*,*,#2990,.F.);
#2070=ORIENTED_EDGE('',*,*,#2989,.F.);
#2071=ORIENTED_EDGE('',*,*,#2985,.F.);
#2072=ORIENTED_EDGE('',*,*,#2983,.F.);
#2073=ORIENTED_EDGE('',*,*,#2978,.F.);
#2074=ORIENTED_EDGE('',*,*,#2975,.F.);
#2075=ORIENTED_EDGE('',*,*,#2972,.F.);
#2076=ORIENTED_EDGE('',*,*,#2969,.F.);
#2077=ORIENTED_EDGE('',*,*,#2966,.F.);
#2078=ORIENTED_EDGE('',*,*,#2963,.F.);
#2079=ORIENTED_EDGE('',*,*,#3340,.T.);
#2080=ORIENTED_EDGE('',*,*,#3719,.F.);
#2081=ORIENTED_EDGE('',*,*,#3717,.F.);
#2082=ORIENTED_EDGE('',*,*,#3712,.F.);
#2083=ORIENTED_EDGE('',*,*,#3709,.F.);
#2084=ORIENTED_EDGE('',*,*,#3707,.F.);
#2085=ORIENTED_EDGE('',*,*,#3703,.F.);
#2086=ORIENTED_EDGE('',*,*,#3701,.F.);
#2087=ORIENTED_EDGE('',*,*,#3697,.F.);
#2088=ORIENTED_EDGE('',*,*,#3694,.F.);
#2089=ORIENTED_EDGE('',*,*,#3691,.F.);
#2090=ORIENTED_EDGE('',*,*,#3688,.F.);
#2091=ORIENTED_EDGE('',*,*,#3685,.F.);
#2092=ORIENTED_EDGE('',*,*,#3682,.F.);
#2093=ORIENTED_EDGE('',*,*,#3679,.F.);
#2094=ORIENTED_EDGE('',*,*,#3676,.F.);
#2095=ORIENTED_EDGE('',*,*,#3673,.F.);
#2096=ORIENTED_EDGE('',*,*,#3671,.F.);
#2097=ORIENTED_EDGE('',*,*,#3667,.F.);
#2098=ORIENTED_EDGE('',*,*,#3664,.F.);
#2099=ORIENTED_EDGE('',*,*,#3662,.F.);
#2100=ORIENTED_EDGE('',*,*,#3659,.F.);
#2101=ORIENTED_EDGE('',*,*,#3655,.F.);
#2102=ORIENTED_EDGE('',*,*,#3652,.F.);
#2103=ORIENTED_EDGE('',*,*,#3649,.F.);
#2104=ORIENTED_EDGE('',*,*,#3646,.F.);
#2105=ORIENTED_EDGE('',*,*,#3643,.F.);
#2106=ORIENTED_EDGE('',*,*,#3640,.F.);
#2107=ORIENTED_EDGE('',*,*,#3637,.F.);
#2108=ORIENTED_EDGE('',*,*,#3634,.F.);
#2109=ORIENTED_EDGE('',*,*,#3633,.F.);
#2110=ORIENTED_EDGE('',*,*,#3628,.F.);
#2111=ORIENTED_EDGE('',*,*,#3625,.F.);
#2112=ORIENTED_EDGE('',*,*,#3622,.F.);
#2113=ORIENTED_EDGE('',*,*,#3621,.F.);
#2114=ORIENTED_EDGE('',*,*,#3617,.F.);
#2115=ORIENTED_EDGE('',*,*,#3615,.F.);
#2116=ORIENTED_EDGE('',*,*,#3612,.F.);
#2117=ORIENTED_EDGE('',*,*,#3608,.F.);
#2118=ORIENTED_EDGE('',*,*,#3604,.F.);
#2119=ORIENTED_EDGE('',*,*,#3602,.F.);
#2120=ORIENTED_EDGE('',*,*,#3598,.F.);
#2121=ORIENTED_EDGE('',*,*,#3597,.F.);
#2122=ORIENTED_EDGE('',*,*,#3592,.F.);
#2123=ORIENTED_EDGE('',*,*,#3589,.F.);
#2124=ORIENTED_EDGE('',*,*,#3586,.F.);
#2125=ORIENTED_EDGE('',*,*,#3585,.F.);
#2126=ORIENTED_EDGE('',*,*,#3580,.F.);
#2127=ORIENTED_EDGE('',*,*,#3577,.F.);
#2128=ORIENTED_EDGE('',*,*,#3574,.F.);
#2129=ORIENTED_EDGE('',*,*,#3571,.F.);
#2130=ORIENTED_EDGE('',*,*,#3568,.F.);
#2131=ORIENTED_EDGE('',*,*,#3565,.F.);
#2132=ORIENTED_EDGE('',*,*,#3562,.F.);
#2133=ORIENTED_EDGE('',*,*,#3559,.F.);
#2134=ORIENTED_EDGE('',*,*,#3556,.F.);
#2135=ORIENTED_EDGE('',*,*,#3553,.F.);
#2136=ORIENTED_EDGE('',*,*,#3550,.F.);
#2137=ORIENTED_EDGE('',*,*,#3547,.F.);
#2138=ORIENTED_EDGE('',*,*,#3544,.F.);
#2139=ORIENTED_EDGE('',*,*,#3541,.F.);
#2140=ORIENTED_EDGE('',*,*,#3538,.F.);
#2141=ORIENTED_EDGE('',*,*,#3535,.F.);
#2142=ORIENTED_EDGE('',*,*,#3532,.F.);
#2143=ORIENTED_EDGE('',*,*,#3529,.F.);
#2144=ORIENTED_EDGE('',*,*,#3526,.F.);
#2145=ORIENTED_EDGE('',*,*,#3523,.F.);
#2146=ORIENTED_EDGE('',*,*,#3520,.F.);
#2147=ORIENTED_EDGE('',*,*,#3517,.F.);
#2148=ORIENTED_EDGE('',*,*,#3514,.F.);
#2149=ORIENTED_EDGE('',*,*,#3511,.F.);
#2150=ORIENTED_EDGE('',*,*,#3508,.F.);
#2151=ORIENTED_EDGE('',*,*,#3505,.F.);
#2152=ORIENTED_EDGE('',*,*,#3502,.F.);
#2153=ORIENTED_EDGE('',*,*,#3499,.F.);
#2154=ORIENTED_EDGE('',*,*,#3496,.F.);
#2155=ORIENTED_EDGE('',*,*,#3493,.F.);
#2156=ORIENTED_EDGE('',*,*,#3491,.F.);
#2157=ORIENTED_EDGE('',*,*,#3488,.F.);
#2158=ORIENTED_EDGE('',*,*,#3485,.F.);
#2159=ORIENTED_EDGE('',*,*,#3481,.F.);
#2160=ORIENTED_EDGE('',*,*,#3478,.F.);
#2161=ORIENTED_EDGE('',*,*,#3477,.F.);
#2162=ORIENTED_EDGE('',*,*,#3473,.F.);
#2163=ORIENTED_EDGE('',*,*,#3470,.F.);
#2164=ORIENTED_EDGE('',*,*,#3466,.F.);
#2165=ORIENTED_EDGE('',*,*,#3463,.F.);
#2166=ORIENTED_EDGE('',*,*,#3460,.F.);
#2167=ORIENTED_EDGE('',*,*,#3457,.F.);
#2168=ORIENTED_EDGE('',*,*,#3454,.F.);
#2169=ORIENTED_EDGE('',*,*,#3451,.F.);
#2170=ORIENTED_EDGE('',*,*,#3448,.F.);
#2171=ORIENTED_EDGE('',*,*,#3445,.F.);
#2172=ORIENTED_EDGE('',*,*,#3444,.F.);
#2173=ORIENTED_EDGE('',*,*,#3439,.F.);
#2174=ORIENTED_EDGE('',*,*,#3436,.F.);
#2175=ORIENTED_EDGE('',*,*,#3433,.F.);
#2176=ORIENTED_EDGE('',*,*,#3430,.F.);
#2177=ORIENTED_EDGE('',*,*,#3427,.F.);
#2178=ORIENTED_EDGE('',*,*,#3426,.F.);
#2179=ORIENTED_EDGE('',*,*,#3423,.F.);
#2180=ORIENTED_EDGE('',*,*,#3419,.F.);
#2181=ORIENTED_EDGE('',*,*,#3415,.F.);
#2182=ORIENTED_EDGE('',*,*,#3413,.F.);
#2183=ORIENTED_EDGE('',*,*,#3409,.F.);
#2184=ORIENTED_EDGE('',*,*,#3408,.F.);
#2185=ORIENTED_EDGE('',*,*,#3403,.F.);
#2186=ORIENTED_EDGE('',*,*,#3400,.F.);
#2187=ORIENTED_EDGE('',*,*,#3397,.F.);
#2188=ORIENTED_EDGE('',*,*,#3396,.F.);
#2189=ORIENTED_EDGE('',*,*,#3393,.F.);
#2190=ORIENTED_EDGE('',*,*,#3389,.F.);
#2191=ORIENTED_EDGE('',*,*,#3386,.F.);
#2192=ORIENTED_EDGE('',*,*,#3382,.F.);
#2193=ORIENTED_EDGE('',*,*,#3379,.F.);
#2194=ORIENTED_EDGE('',*,*,#3376,.F.);
#2195=ORIENTED_EDGE('',*,*,#3373,.F.);
#2196=ORIENTED_EDGE('',*,*,#3370,.F.);
#2197=ORIENTED_EDGE('',*,*,#3369,.F.);
#2198=ORIENTED_EDGE('',*,*,#3365,.F.);
#2199=ORIENTED_EDGE('',*,*,#3363,.F.);
#2200=ORIENTED_EDGE('',*,*,#3358,.F.);
#2201=ORIENTED_EDGE('',*,*,#3355,.F.);
#2202=ORIENTED_EDGE('',*,*,#3352,.F.);
#2203=ORIENTED_EDGE('',*,*,#3349,.F.);
#2204=ORIENTED_EDGE('',*,*,#3346,.F.);
#2205=ORIENTED_EDGE('',*,*,#3343,.F.);
#2206=ORIENTED_EDGE('',*,*,#4201,.F.);
#2207=ORIENTED_EDGE('',*,*,#4199,.T.);
#2208=ORIENTED_EDGE('',*,*,#4195,.T.);
#2209=ORIENTED_EDGE('',*,*,#4192,.T.);
#2210=ORIENTED_EDGE('',*,*,#4189,.F.);
#2211=ORIENTED_EDGE('',*,*,#4187,.F.);
#2212=ORIENTED_EDGE('',*,*,#4183,.F.);
#2213=ORIENTED_EDGE('',*,*,#4182,.F.);
#2214=ORIENTED_EDGE('',*,*,#4177,.F.);
#2215=ORIENTED_EDGE('',*,*,#4174,.F.);
#2216=ORIENTED_EDGE('',*,*,#4171,.F.);
#2217=ORIENTED_EDGE('',*,*,#4170,.F.);
#2218=ORIENTED_EDGE('',*,*,#4165,.F.);
#2219=ORIENTED_EDGE('',*,*,#4162,.F.);
#2220=ORIENTED_EDGE('',*,*,#4159,.F.);
#2221=ORIENTED_EDGE('',*,*,#4156,.F.);
#2222=ORIENTED_EDGE('',*,*,#4153,.F.);
#2223=ORIENTED_EDGE('',*,*,#4150,.F.);
#2224=ORIENTED_EDGE('',*,*,#4147,.F.);
#2225=ORIENTED_EDGE('',*,*,#4144,.F.);
#2226=ORIENTED_EDGE('',*,*,#4141,.F.);
#2227=ORIENTED_EDGE('',*,*,#4138,.F.);
#2228=ORIENTED_EDGE('',*,*,#4135,.F.);
#2229=ORIENTED_EDGE('',*,*,#4132,.F.);
#2230=ORIENTED_EDGE('',*,*,#4129,.F.);
#2231=ORIENTED_EDGE('',*,*,#4126,.F.);
#2232=ORIENTED_EDGE('',*,*,#4123,.F.);
#2233=ORIENTED_EDGE('',*,*,#4120,.F.);
#2234=ORIENTED_EDGE('',*,*,#4117,.F.);
#2235=ORIENTED_EDGE('',*,*,#4114,.F.);
#2236=ORIENTED_EDGE('',*,*,#4111,.F.);
#2237=ORIENTED_EDGE('',*,*,#4108,.F.);
#2238=ORIENTED_EDGE('',*,*,#4105,.F.);
#2239=ORIENTED_EDGE('',*,*,#4102,.F.);
#2240=ORIENTED_EDGE('',*,*,#4099,.F.);
#2241=ORIENTED_EDGE('',*,*,#4096,.F.);
#2242=ORIENTED_EDGE('',*,*,#4093,.F.);
#2243=ORIENTED_EDGE('',*,*,#4090,.F.);
#2244=ORIENTED_EDGE('',*,*,#4087,.F.);
#2245=ORIENTED_EDGE('',*,*,#4084,.F.);
#2246=ORIENTED_EDGE('',*,*,#4081,.F.);
#2247=ORIENTED_EDGE('',*,*,#4078,.F.);
#2248=ORIENTED_EDGE('',*,*,#4076,.F.);
#2249=ORIENTED_EDGE('',*,*,#4073,.F.);
#2250=ORIENTED_EDGE('',*,*,#4070,.F.);
#2251=ORIENTED_EDGE('',*,*,#4066,.F.);
#2252=ORIENTED_EDGE('',*,*,#4063,.F.);
#2253=ORIENTED_EDGE('',*,*,#4062,.F.);
#2254=ORIENTED_EDGE('',*,*,#4058,.F.);
#2255=ORIENTED_EDGE('',*,*,#4055,.F.);
#2256=ORIENTED_EDGE('',*,*,#4051,.F.);
#2257=ORIENTED_EDGE('',*,*,#4048,.F.);
#2258=ORIENTED_EDGE('',*,*,#4045,.F.);
#2259=ORIENTED_EDGE('',*,*,#4042,.F.);
#2260=ORIENTED_EDGE('',*,*,#4039,.F.);
#2261=ORIENTED_EDGE('',*,*,#4036,.F.);
#2262=ORIENTED_EDGE('',*,*,#4033,.F.);
#2263=ORIENTED_EDGE('',*,*,#4030,.F.);
#2264=ORIENTED_EDGE('',*,*,#4029,.F.);
#2265=ORIENTED_EDGE('',*,*,#4024,.F.);
#2266=ORIENTED_EDGE('',*,*,#4021,.F.);
#2267=ORIENTED_EDGE('',*,*,#4018,.F.);
#2268=ORIENTED_EDGE('',*,*,#4015,.F.);
#2269=ORIENTED_EDGE('',*,*,#4012,.F.);
#2270=ORIENTED_EDGE('',*,*,#4011,.F.);
#2271=ORIENTED_EDGE('',*,*,#4008,.F.);
#2272=ORIENTED_EDGE('',*,*,#4004,.F.);
#2273=ORIENTED_EDGE('',*,*,#4000,.F.);
#2274=ORIENTED_EDGE('',*,*,#3998,.F.);
#2275=ORIENTED_EDGE('',*,*,#3994,.F.);
#2276=ORIENTED_EDGE('',*,*,#3993,.F.);
#2277=ORIENTED_EDGE('',*,*,#3988,.F.);
#2278=ORIENTED_EDGE('',*,*,#3985,.F.);
#2279=ORIENTED_EDGE('',*,*,#3982,.F.);
#2280=ORIENTED_EDGE('',*,*,#3981,.F.);
#2281=ORIENTED_EDGE('',*,*,#3978,.F.);
#2282=ORIENTED_EDGE('',*,*,#3974,.F.);
#2283=ORIENTED_EDGE('',*,*,#3971,.F.);
#2284=ORIENTED_EDGE('',*,*,#3967,.F.);
#2285=ORIENTED_EDGE('',*,*,#3964,.F.);
#2286=ORIENTED_EDGE('',*,*,#3961,.F.);
#2287=ORIENTED_EDGE('',*,*,#3958,.F.);
#2288=ORIENTED_EDGE('',*,*,#3955,.T.);
#2289=ORIENTED_EDGE('',*,*,#3952,.F.);
#2290=ORIENTED_EDGE('',*,*,#3950,.F.);
#2291=ORIENTED_EDGE('',*,*,#3946,.F.);
#2292=ORIENTED_EDGE('',*,*,#3945,.F.);
#2293=ORIENTED_EDGE('',*,*,#3940,.F.);
#2294=ORIENTED_EDGE('',*,*,#3937,.F.);
#2295=ORIENTED_EDGE('',*,*,#3934,.F.);
#2296=ORIENTED_EDGE('',*,*,#3933,.F.);
#2297=ORIENTED_EDGE('',*,*,#3928,.F.);
#2298=ORIENTED_EDGE('',*,*,#3925,.F.);
#2299=ORIENTED_EDGE('',*,*,#3922,.F.);
#2300=ORIENTED_EDGE('',*,*,#3919,.F.);
#2301=ORIENTED_EDGE('',*,*,#3916,.F.);
#2302=ORIENTED_EDGE('',*,*,#3913,.F.);
#2303=ORIENTED_EDGE('',*,*,#3910,.F.);
#2304=ORIENTED_EDGE('',*,*,#3907,.F.);
#2305=ORIENTED_EDGE('',*,*,#3904,.F.);
#2306=ORIENTED_EDGE('',*,*,#3901,.F.);
#2307=ORIENTED_EDGE('',*,*,#3898,.F.);
#2308=ORIENTED_EDGE('',*,*,#3895,.F.);
#2309=ORIENTED_EDGE('',*,*,#3892,.F.);
#2310=ORIENTED_EDGE('',*,*,#3889,.F.);
#2311=ORIENTED_EDGE('',*,*,#3886,.F.);
#2312=ORIENTED_EDGE('',*,*,#3883,.F.);
#2313=ORIENTED_EDGE('',*,*,#3880,.F.);
#2314=ORIENTED_EDGE('',*,*,#3877,.F.);
#2315=ORIENTED_EDGE('',*,*,#3874,.F.);
#2316=ORIENTED_EDGE('',*,*,#3871,.F.);
#2317=ORIENTED_EDGE('',*,*,#3868,.F.);
#2318=ORIENTED_EDGE('',*,*,#3865,.F.);
#2319=ORIENTED_EDGE('',*,*,#3862,.F.);
#2320=ORIENTED_EDGE('',*,*,#3859,.F.);
#2321=ORIENTED_EDGE('',*,*,#3856,.F.);
#2322=ORIENTED_EDGE('',*,*,#3853,.F.);
#2323=ORIENTED_EDGE('',*,*,#3850,.F.);
#2324=ORIENTED_EDGE('',*,*,#3847,.F.);
#2325=ORIENTED_EDGE('',*,*,#3844,.F.);
#2326=ORIENTED_EDGE('',*,*,#3841,.F.);
#2327=ORIENTED_EDGE('',*,*,#3839,.F.);
#2328=ORIENTED_EDGE('',*,*,#3836,.F.);
#2329=ORIENTED_EDGE('',*,*,#3833,.F.);
#2330=ORIENTED_EDGE('',*,*,#3829,.F.);
#2331=ORIENTED_EDGE('',*,*,#3826,.F.);
#2332=ORIENTED_EDGE('',*,*,#3825,.F.);
#2333=ORIENTED_EDGE('',*,*,#3821,.F.);
#2334=ORIENTED_EDGE('',*,*,#3818,.F.);
#2335=ORIENTED_EDGE('',*,*,#3814,.F.);
#2336=ORIENTED_EDGE('',*,*,#3811,.F.);
#2337=ORIENTED_EDGE('',*,*,#3808,.F.);
#2338=ORIENTED_EDGE('',*,*,#3805,.F.);
#2339=ORIENTED_EDGE('',*,*,#3802,.F.);
#2340=ORIENTED_EDGE('',*,*,#3799,.F.);
#2341=ORIENTED_EDGE('',*,*,#3796,.F.);
#2342=ORIENTED_EDGE('',*,*,#3793,.F.);
#2343=ORIENTED_EDGE('',*,*,#3792,.F.);
#2344=ORIENTED_EDGE('',*,*,#3787,.F.);
#2345=ORIENTED_EDGE('',*,*,#3784,.F.);
#2346=ORIENTED_EDGE('',*,*,#3781,.F.);
#2347=ORIENTED_EDGE('',*,*,#3778,.F.);
#2348=ORIENTED_EDGE('',*,*,#3775,.F.);
#2349=ORIENTED_EDGE('',*,*,#3774,.F.);
#2350=ORIENTED_EDGE('',*,*,#3771,.F.);
#2351=ORIENTED_EDGE('',*,*,#3767,.F.);
#2352=ORIENTED_EDGE('',*,*,#3763,.F.);
#2353=ORIENTED_EDGE('',*,*,#3761,.F.);
#2354=ORIENTED_EDGE('',*,*,#3757,.F.);
#2355=ORIENTED_EDGE('',*,*,#3756,.F.);
#2356=ORIENTED_EDGE('',*,*,#3751,.F.);
#2357=ORIENTED_EDGE('',*,*,#3748,.F.);
#2358=ORIENTED_EDGE('',*,*,#3745,.F.);
#2359=ORIENTED_EDGE('',*,*,#3744,.F.);
#2360=ORIENTED_EDGE('',*,*,#3741,.F.);
#2361=ORIENTED_EDGE('',*,*,#3737,.F.);
#2362=ORIENTED_EDGE('',*,*,#3734,.F.);
#2363=ORIENTED_EDGE('',*,*,#3730,.F.);
#2364=ORIENTED_EDGE('',*,*,#3727,.F.);
#2365=ORIENTED_EDGE('',*,*,#3724,.F.);
#2366=ORIENTED_EDGE('',*,*,#3721,.F.);
#2367=ORIENTED_EDGE('',*,*,#4202,.T.);
#2368=ORIENTED_EDGE('',*,*,#4202,.F.);
#2369=ORIENTED_EDGE('',*,*,#3720,.F.);
#2370=ORIENTED_EDGE('',*,*,#4203,.T.);
#2371=ORIENTED_EDGE('',*,*,#4204,.T.);
#2372=ORIENTED_EDGE('',*,*,#2961,.F.);
#2373=ORIENTED_EDGE('',*,*,#3338,.F.);
#2374=ORIENTED_EDGE('',*,*,#2965,.F.);
#2375=ORIENTED_EDGE('',*,*,#2968,.F.);
#2376=ORIENTED_EDGE('',*,*,#2971,.F.);
#2377=ORIENTED_EDGE('',*,*,#2974,.F.);
#2378=ORIENTED_EDGE('',*,*,#2977,.F.);
#2379=ORIENTED_EDGE('',*,*,#2980,.F.);
#2380=ORIENTED_EDGE('',*,*,#2982,.F.);
#2381=ORIENTED_EDGE('',*,*,#2984,.F.);
#2382=ORIENTED_EDGE('',*,*,#2988,.F.);
#2383=ORIENTED_EDGE('',*,*,#2992,.F.);
#2384=ORIENTED_EDGE('',*,*,#2995,.F.);
#2385=ORIENTED_EDGE('',*,*,#2998,.F.);
#2386=ORIENTED_EDGE('',*,*,#3001,.F.);
#2387=ORIENTED_EDGE('',*,*,#3004,.F.);
#2388=ORIENTED_EDGE('',*,*,#3005,.F.);
#2389=ORIENTED_EDGE('',*,*,#3008,.F.);
#2390=ORIENTED_EDGE('',*,*,#3012,.F.);
#2391=ORIENTED_EDGE('',*,*,#3015,.F.);
#2392=ORIENTED_EDGE('',*,*,#3019,.F.);
#2393=ORIENTED_EDGE('',*,*,#3022,.F.);
#2394=ORIENTED_EDGE('',*,*,#3025,.F.);
#2395=ORIENTED_EDGE('',*,*,#3027,.F.);
#2396=ORIENTED_EDGE('',*,*,#3031,.F.);
#2397=ORIENTED_EDGE('',*,*,#3032,.F.);
#2398=ORIENTED_EDGE('',*,*,#3037,.F.);
#2399=ORIENTED_EDGE('',*,*,#3038,.F.);
#2400=ORIENTED_EDGE('',*,*,#3042,.F.);
#2401=ORIENTED_EDGE('',*,*,#3045,.F.);
#2402=ORIENTED_EDGE('',*,*,#3049,.F.);
#2403=ORIENTED_EDGE('',*,*,#3052,.F.);
#2404=ORIENTED_EDGE('',*,*,#3055,.F.);
#2405=ORIENTED_EDGE('',*,*,#3058,.F.);
#2406=ORIENTED_EDGE('',*,*,#3061,.F.);
#2407=ORIENTED_EDGE('',*,*,#3063,.F.);
#2408=ORIENTED_EDGE('',*,*,#3067,.F.);
#2409=ORIENTED_EDGE('',*,*,#3070,.F.);
#2410=ORIENTED_EDGE('',*,*,#3073,.F.);
#2411=ORIENTED_EDGE('',*,*,#3076,.F.);
#2412=ORIENTED_EDGE('',*,*,#3079,.F.);
#2413=ORIENTED_EDGE('',*,*,#3082,.F.);
#2414=ORIENTED_EDGE('',*,*,#3085,.F.);
#2415=ORIENTED_EDGE('',*,*,#3088,.F.);
#2416=ORIENTED_EDGE('',*,*,#3089,.F.);
#2417=ORIENTED_EDGE('',*,*,#3092,.F.);
#2418=ORIENTED_EDGE('',*,*,#3096,.F.);
#2419=ORIENTED_EDGE('',*,*,#3100,.F.);
#2420=ORIENTED_EDGE('',*,*,#3103,.F.);
#2421=ORIENTED_EDGE('',*,*,#3104,.F.);
#2422=ORIENTED_EDGE('',*,*,#3107,.F.);
#2423=ORIENTED_EDGE('',*,*,#3110,.F.);
#2424=ORIENTED_EDGE('',*,*,#3115,.F.);
#2425=ORIENTED_EDGE('',*,*,#3118,.F.);
#2426=ORIENTED_EDGE('',*,*,#3121,.F.);
#2427=ORIENTED_EDGE('',*,*,#3124,.F.);
#2428=ORIENTED_EDGE('',*,*,#3127,.F.);
#2429=ORIENTED_EDGE('',*,*,#3130,.F.);
#2430=ORIENTED_EDGE('',*,*,#3133,.F.);
#2431=ORIENTED_EDGE('',*,*,#3136,.F.);
#2432=ORIENTED_EDGE('',*,*,#3139,.F.);
#2433=ORIENTED_EDGE('',*,*,#3142,.F.);
#2434=ORIENTED_EDGE('',*,*,#3145,.F.);
#2435=ORIENTED_EDGE('',*,*,#3148,.F.);
#2436=ORIENTED_EDGE('',*,*,#3151,.F.);
#2437=ORIENTED_EDGE('',*,*,#3154,.F.);
#2438=ORIENTED_EDGE('',*,*,#3157,.F.);
#2439=ORIENTED_EDGE('',*,*,#3160,.F.);
#2440=ORIENTED_EDGE('',*,*,#3163,.F.);
#2441=ORIENTED_EDGE('',*,*,#3166,.F.);
#2442=ORIENTED_EDGE('',*,*,#3169,.F.);
#2443=ORIENTED_EDGE('',*,*,#3172,.F.);
#2444=ORIENTED_EDGE('',*,*,#3175,.F.);
#2445=ORIENTED_EDGE('',*,*,#3178,.F.);
#2446=ORIENTED_EDGE('',*,*,#3181,.F.);
#2447=ORIENTED_EDGE('',*,*,#3184,.F.);
#2448=ORIENTED_EDGE('',*,*,#3187,.F.);
#2449=ORIENTED_EDGE('',*,*,#3190,.F.);
#2450=ORIENTED_EDGE('',*,*,#3193,.F.);
#2451=ORIENTED_EDGE('',*,*,#3196,.F.);
#2452=ORIENTED_EDGE('',*,*,#3199,.F.);
#2453=ORIENTED_EDGE('',*,*,#3202,.F.);
#2454=ORIENTED_EDGE('',*,*,#3204,.F.);
#2455=ORIENTED_EDGE('',*,*,#3208,.F.);
#2456=ORIENTED_EDGE('',*,*,#3211,.F.);
#2457=ORIENTED_EDGE('',*,*,#3214,.F.);
#2458=ORIENTED_EDGE('',*,*,#3216,.F.);
#2459=ORIENTED_EDGE('',*,*,#3220,.F.);
#2460=ORIENTED_EDGE('',*,*,#3221,.F.);
#2461=ORIENTED_EDGE('',*,*,#3226,.F.);
#2462=ORIENTED_EDGE('',*,*,#3227,.F.);
#2463=ORIENTED_EDGE('',*,*,#3231,.F.);
#2464=ORIENTED_EDGE('',*,*,#3234,.F.);
#2465=ORIENTED_EDGE('',*,*,#3236,.F.);
#2466=ORIENTED_EDGE('',*,*,#3240,.F.);
#2467=ORIENTED_EDGE('',*,*,#3244,.F.);
#2468=ORIENTED_EDGE('',*,*,#3247,.F.);
#2469=ORIENTED_EDGE('',*,*,#3250,.F.);
#2470=ORIENTED_EDGE('',*,*,#3252,.F.);
#2471=ORIENTED_EDGE('',*,*,#3256,.F.);
#2472=ORIENTED_EDGE('',*,*,#3259,.F.);
#2473=ORIENTED_EDGE('',*,*,#3262,.F.);
#2474=ORIENTED_EDGE('',*,*,#3265,.F.);
#2475=ORIENTED_EDGE('',*,*,#3268,.F.);
#2476=ORIENTED_EDGE('',*,*,#3271,.F.);
#2477=ORIENTED_EDGE('',*,*,#3274,.F.);
#2478=ORIENTED_EDGE('',*,*,#3277,.F.);
#2479=ORIENTED_EDGE('',*,*,#3278,.F.);
#2480=ORIENTED_EDGE('',*,*,#3281,.F.);
#2481=ORIENTED_EDGE('',*,*,#3286,.F.);
#2482=ORIENTED_EDGE('',*,*,#3289,.F.);
#2483=ORIENTED_EDGE('',*,*,#3290,.F.);
#2484=ORIENTED_EDGE('',*,*,#3295,.F.);
#2485=ORIENTED_EDGE('',*,*,#3298,.F.);
#2486=ORIENTED_EDGE('',*,*,#3301,.F.);
#2487=ORIENTED_EDGE('',*,*,#3304,.F.);
#2488=ORIENTED_EDGE('',*,*,#3307,.F.);
#2489=ORIENTED_EDGE('',*,*,#3310,.F.);
#2490=ORIENTED_EDGE('',*,*,#3313,.F.);
#2491=ORIENTED_EDGE('',*,*,#3316,.F.);
#2492=ORIENTED_EDGE('',*,*,#3319,.F.);
#2493=ORIENTED_EDGE('',*,*,#3320,.F.);
#2494=ORIENTED_EDGE('',*,*,#3325,.F.);
#2495=ORIENTED_EDGE('',*,*,#3326,.F.);
#2496=ORIENTED_EDGE('',*,*,#3331,.F.);
#2497=ORIENTED_EDGE('',*,*,#3334,.F.);
#2498=ORIENTED_EDGE('',*,*,#3336,.F.);
#2499=ORIENTED_EDGE('',*,*,#3341,.F.);
#2500=ORIENTED_EDGE('',*,*,#3718,.F.);
#2501=ORIENTED_EDGE('',*,*,#3345,.F.);
#2502=ORIENTED_EDGE('',*,*,#3348,.F.);
#2503=ORIENTED_EDGE('',*,*,#3351,.F.);
#2504=ORIENTED_EDGE('',*,*,#3354,.F.);
#2505=ORIENTED_EDGE('',*,*,#3357,.F.);
#2506=ORIENTED_EDGE('',*,*,#3360,.F.);
#2507=ORIENTED_EDGE('',*,*,#3362,.F.);
#2508=ORIENTED_EDGE('',*,*,#3364,.F.);
#2509=ORIENTED_EDGE('',*,*,#3368,.F.);
#2510=ORIENTED_EDGE('',*,*,#3372,.F.);
#2511=ORIENTED_EDGE('',*,*,#3375,.F.);
#2512=ORIENTED_EDGE('',*,*,#3378,.F.);
#2513=ORIENTED_EDGE('',*,*,#3381,.F.);
#2514=ORIENTED_EDGE('',*,*,#3384,.F.);
#2515=ORIENTED_EDGE('',*,*,#3385,.F.);
#2516=ORIENTED_EDGE('',*,*,#3388,.F.);
#2517=ORIENTED_EDGE('',*,*,#3392,.F.);
#2518=ORIENTED_EDGE('',*,*,#3395,.F.);
#2519=ORIENTED_EDGE('',*,*,#3399,.F.);
#2520=ORIENTED_EDGE('',*,*,#3402,.F.);
#2521=ORIENTED_EDGE('',*,*,#3405,.F.);
#2522=ORIENTED_EDGE('',*,*,#3407,.F.);
#2523=ORIENTED_EDGE('',*,*,#3411,.F.);
#2524=ORIENTED_EDGE('',*,*,#3412,.F.);
#2525=ORIENTED_EDGE('',*,*,#3417,.F.);
#2526=ORIENTED_EDGE('',*,*,#3418,.F.);
#2527=ORIENTED_EDGE('',*,*,#3422,.F.);
#2528=ORIENTED_EDGE('',*,*,#3425,.F.);
#2529=ORIENTED_EDGE('',*,*,#3429,.F.);
#2530=ORIENTED_EDGE('',*,*,#3432,.F.);
#2531=ORIENTED_EDGE('',*,*,#3435,.F.);
#2532=ORIENTED_EDGE('',*,*,#3438,.F.);
#2533=ORIENTED_EDGE('',*,*,#3441,.F.);
#2534=ORIENTED_EDGE('',*,*,#3443,.F.);
#2535=ORIENTED_EDGE('',*,*,#3447,.F.);
#2536=ORIENTED_EDGE('',*,*,#3450,.F.);
#2537=ORIENTED_EDGE('',*,*,#3453,.F.);
#2538=ORIENTED_EDGE('',*,*,#3456,.F.);
#2539=ORIENTED_EDGE('',*,*,#3459,.F.);
#2540=ORIENTED_EDGE('',*,*,#3462,.F.);
#2541=ORIENTED_EDGE('',*,*,#3465,.F.);
#2542=ORIENTED_EDGE('',*,*,#3468,.F.);
#2543=ORIENTED_EDGE('',*,*,#3469,.F.);
#2544=ORIENTED_EDGE('',*,*,#3472,.F.);
#2545=ORIENTED_EDGE('',*,*,#3476,.F.);
#2546=ORIENTED_EDGE('',*,*,#3480,.F.);
#2547=ORIENTED_EDGE('',*,*,#3483,.F.);
#2548=ORIENTED_EDGE('',*,*,#3484,.F.);
#2549=ORIENTED_EDGE('',*,*,#3487,.F.);
#2550=ORIENTED_EDGE('',*,*,#3490,.F.);
#2551=ORIENTED_EDGE('',*,*,#3495,.F.);
#2552=ORIENTED_EDGE('',*,*,#3498,.F.);
#2553=ORIENTED_EDGE('',*,*,#3501,.F.);
#2554=ORIENTED_EDGE('',*,*,#3504,.F.);
#2555=ORIENTED_EDGE('',*,*,#3507,.F.);
#2556=ORIENTED_EDGE('',*,*,#3510,.F.);
#2557=ORIENTED_EDGE('',*,*,#3513,.F.);
#2558=ORIENTED_EDGE('',*,*,#3516,.F.);
#2559=ORIENTED_EDGE('',*,*,#3519,.F.);
#2560=ORIENTED_EDGE('',*,*,#3522,.F.);
#2561=ORIENTED_EDGE('',*,*,#3525,.F.);
#2562=ORIENTED_EDGE('',*,*,#3528,.F.);
#2563=ORIENTED_EDGE('',*,*,#3531,.F.);
#2564=ORIENTED_EDGE('',*,*,#3534,.F.);
#2565=ORIENTED_EDGE('',*,*,#3537,.F.);
#2566=ORIENTED_EDGE('',*,*,#3540,.F.);
#2567=ORIENTED_EDGE('',*,*,#3543,.F.);
#2568=ORIENTED_EDGE('',*,*,#3546,.F.);
#2569=ORIENTED_EDGE('',*,*,#3549,.F.);
#2570=ORIENTED_EDGE('',*,*,#3552,.F.);
#2571=ORIENTED_EDGE('',*,*,#3555,.F.);
#2572=ORIENTED_EDGE('',*,*,#3558,.F.);
#2573=ORIENTED_EDGE('',*,*,#3561,.F.);
#2574=ORIENTED_EDGE('',*,*,#3564,.F.);
#2575=ORIENTED_EDGE('',*,*,#3567,.F.);
#2576=ORIENTED_EDGE('',*,*,#3570,.F.);
#2577=ORIENTED_EDGE('',*,*,#3573,.F.);
#2578=ORIENTED_EDGE('',*,*,#3576,.F.);
#2579=ORIENTED_EDGE('',*,*,#3579,.F.);
#2580=ORIENTED_EDGE('',*,*,#3582,.F.);
#2581=ORIENTED_EDGE('',*,*,#3584,.F.);
#2582=ORIENTED_EDGE('',*,*,#3588,.F.);
#2583=ORIENTED_EDGE('',*,*,#3591,.F.);
#2584=ORIENTED_EDGE('',*,*,#3594,.F.);
#2585=ORIENTED_EDGE('',*,*,#3596,.F.);
#2586=ORIENTED_EDGE('',*,*,#3600,.F.);
#2587=ORIENTED_EDGE('',*,*,#3601,.F.);
#2588=ORIENTED_EDGE('',*,*,#3606,.F.);
#2589=ORIENTED_EDGE('',*,*,#3607,.F.);
#2590=ORIENTED_EDGE('',*,*,#3611,.F.);
#2591=ORIENTED_EDGE('',*,*,#3614,.F.);
#2592=ORIENTED_EDGE('',*,*,#3616,.F.);
#2593=ORIENTED_EDGE('',*,*,#3620,.F.);
#2594=ORIENTED_EDGE('',*,*,#3624,.F.);
#2595=ORIENTED_EDGE('',*,*,#3627,.F.);
#2596=ORIENTED_EDGE('',*,*,#3630,.F.);
#2597=ORIENTED_EDGE('',*,*,#3632,.F.);
#2598=ORIENTED_EDGE('',*,*,#3636,.F.);
#2599=ORIENTED_EDGE('',*,*,#3639,.F.);
#2600=ORIENTED_EDGE('',*,*,#3642,.F.);
#2601=ORIENTED_EDGE('',*,*,#3645,.F.);
#2602=ORIENTED_EDGE('',*,*,#3648,.F.);
#2603=ORIENTED_EDGE('',*,*,#3651,.F.);
#2604=ORIENTED_EDGE('',*,*,#3654,.F.);
#2605=ORIENTED_EDGE('',*,*,#3657,.F.);
#2606=ORIENTED_EDGE('',*,*,#3658,.F.);
#2607=ORIENTED_EDGE('',*,*,#3661,.F.);
#2608=ORIENTED_EDGE('',*,*,#3666,.F.);
#2609=ORIENTED_EDGE('',*,*,#3669,.F.);
#2610=ORIENTED_EDGE('',*,*,#3670,.F.);
#2611=ORIENTED_EDGE('',*,*,#3675,.F.);
#2612=ORIENTED_EDGE('',*,*,#3678,.F.);
#2613=ORIENTED_EDGE('',*,*,#3681,.F.);
#2614=ORIENTED_EDGE('',*,*,#3684,.F.);
#2615=ORIENTED_EDGE('',*,*,#3687,.F.);
#2616=ORIENTED_EDGE('',*,*,#3690,.F.);
#2617=ORIENTED_EDGE('',*,*,#3693,.F.);
#2618=ORIENTED_EDGE('',*,*,#3696,.F.);
#2619=ORIENTED_EDGE('',*,*,#3699,.F.);
#2620=ORIENTED_EDGE('',*,*,#3700,.F.);
#2621=ORIENTED_EDGE('',*,*,#3705,.F.);
#2622=ORIENTED_EDGE('',*,*,#3706,.F.);
#2623=ORIENTED_EDGE('',*,*,#3711,.F.);
#2624=ORIENTED_EDGE('',*,*,#3714,.F.);
#2625=ORIENTED_EDGE('',*,*,#3716,.F.);
#2626=ORIENTED_EDGE('',*,*,#4198,.F.);
#2627=ORIENTED_EDGE('',*,*,#4205,.T.);
#2628=ORIENTED_EDGE('',*,*,#4203,.F.);
#2629=ORIENTED_EDGE('',*,*,#3723,.F.);
#2630=ORIENTED_EDGE('',*,*,#3726,.F.);
#2631=ORIENTED_EDGE('',*,*,#3729,.F.);
#2632=ORIENTED_EDGE('',*,*,#3732,.F.);
#2633=ORIENTED_EDGE('',*,*,#3733,.F.);
#2634=ORIENTED_EDGE('',*,*,#3736,.F.);
#2635=ORIENTED_EDGE('',*,*,#3740,.F.);
#2636=ORIENTED_EDGE('',*,*,#3743,.F.);
#2637=ORIENTED_EDGE('',*,*,#3747,.F.);
#2638=ORIENTED_EDGE('',*,*,#3750,.F.);
#2639=ORIENTED_EDGE('',*,*,#3753,.F.);
#2640=ORIENTED_EDGE('',*,*,#3755,.F.);
#2641=ORIENTED_EDGE('',*,*,#3759,.F.);
#2642=ORIENTED_EDGE('',*,*,#3760,.F.);
#2643=ORIENTED_EDGE('',*,*,#3765,.F.);
#2644=ORIENTED_EDGE('',*,*,#3766,.F.);
#2645=ORIENTED_EDGE('',*,*,#3770,.F.);
#2646=ORIENTED_EDGE('',*,*,#3773,.F.);
#2647=ORIENTED_EDGE('',*,*,#3777,.F.);
#2648=ORIENTED_EDGE('',*,*,#3780,.F.);
#2649=ORIENTED_EDGE('',*,*,#3783,.F.);
#2650=ORIENTED_EDGE('',*,*,#3786,.F.);
#2651=ORIENTED_EDGE('',*,*,#3789,.F.);
#2652=ORIENTED_EDGE('',*,*,#3791,.F.);
#2653=ORIENTED_EDGE('',*,*,#3795,.F.);
#2654=ORIENTED_EDGE('',*,*,#3798,.F.);
#2655=ORIENTED_EDGE('',*,*,#3801,.F.);
#2656=ORIENTED_EDGE('',*,*,#3804,.F.);
#2657=ORIENTED_EDGE('',*,*,#3807,.F.);
#2658=ORIENTED_EDGE('',*,*,#3810,.F.);
#2659=ORIENTED_EDGE('',*,*,#3813,.F.);
#2660=ORIENTED_EDGE('',*,*,#3816,.F.);
#2661=ORIENTED_EDGE('',*,*,#3817,.F.);
#2662=ORIENTED_EDGE('',*,*,#3820,.F.);
#2663=ORIENTED_EDGE('',*,*,#3824,.F.);
#2664=ORIENTED_EDGE('',*,*,#3828,.F.);
#2665=ORIENTED_EDGE('',*,*,#3831,.F.);
#2666=ORIENTED_EDGE('',*,*,#3832,.F.);
#2667=ORIENTED_EDGE('',*,*,#3835,.F.);
#2668=ORIENTED_EDGE('',*,*,#3838,.F.);
#2669=ORIENTED_EDGE('',*,*,#3843,.F.);
#2670=ORIENTED_EDGE('',*,*,#3846,.F.);
#2671=ORIENTED_EDGE('',*,*,#3849,.F.);
#2672=ORIENTED_EDGE('',*,*,#3852,.F.);
#2673=ORIENTED_EDGE('',*,*,#3855,.F.);
#2674=ORIENTED_EDGE('',*,*,#3858,.F.);
#2675=ORIENTED_EDGE('',*,*,#3861,.F.);
#2676=ORIENTED_EDGE('',*,*,#3864,.F.);
#2677=ORIENTED_EDGE('',*,*,#3867,.F.);
#2678=ORIENTED_EDGE('',*,*,#3870,.F.);
#2679=ORIENTED_EDGE('',*,*,#3873,.F.);
#2680=ORIENTED_EDGE('',*,*,#3876,.F.);
#2681=ORIENTED_EDGE('',*,*,#3879,.F.);
#2682=ORIENTED_EDGE('',*,*,#3882,.F.);
#2683=ORIENTED_EDGE('',*,*,#3885,.F.);
#2684=ORIENTED_EDGE('',*,*,#3888,.F.);
#2685=ORIENTED_EDGE('',*,*,#3891,.F.);
#2686=ORIENTED_EDGE('',*,*,#3894,.F.);
#2687=ORIENTED_EDGE('',*,*,#3897,.F.);
#2688=ORIENTED_EDGE('',*,*,#3900,.F.);
#2689=ORIENTED_EDGE('',*,*,#3903,.F.);
#2690=ORIENTED_EDGE('',*,*,#3906,.F.);
#2691=ORIENTED_EDGE('',*,*,#3909,.F.);
#2692=ORIENTED_EDGE('',*,*,#3912,.F.);
#2693=ORIENTED_EDGE('',*,*,#3915,.F.);
#2694=ORIENTED_EDGE('',*,*,#3918,.F.);
#2695=ORIENTED_EDGE('',*,*,#3921,.F.);
#2696=ORIENTED_EDGE('',*,*,#3924,.F.);
#2697=ORIENTED_EDGE('',*,*,#3927,.F.);
#2698=ORIENTED_EDGE('',*,*,#3930,.F.);
#2699=ORIENTED_EDGE('',*,*,#3932,.F.);
#2700=ORIENTED_EDGE('',*,*,#3936,.F.);
#2701=ORIENTED_EDGE('',*,*,#3939,.F.);
#2702=ORIENTED_EDGE('',*,*,#3942,.F.);
#2703=ORIENTED_EDGE('',*,*,#3944,.F.);
#2704=ORIENTED_EDGE('',*,*,#3948,.F.);
#2705=ORIENTED_EDGE('',*,*,#3949,.F.);
#2706=ORIENTED_EDGE('',*,*,#3954,.F.);
#2707=ORIENTED_EDGE('',*,*,#3957,.F.);
#2708=ORIENTED_EDGE('',*,*,#3960,.F.);
#2709=ORIENTED_EDGE('',*,*,#3963,.F.);
#2710=ORIENTED_EDGE('',*,*,#3966,.F.);
#2711=ORIENTED_EDGE('',*,*,#3969,.F.);
#2712=ORIENTED_EDGE('',*,*,#3970,.F.);
#2713=ORIENTED_EDGE('',*,*,#3973,.F.);
#2714=ORIENTED_EDGE('',*,*,#3977,.F.);
#2715=ORIENTED_EDGE('',*,*,#3980,.F.);
#2716=ORIENTED_EDGE('',*,*,#3984,.F.);
#2717=ORIENTED_EDGE('',*,*,#3987,.F.);
#2718=ORIENTED_EDGE('',*,*,#3990,.F.);
#2719=ORIENTED_EDGE('',*,*,#3992,.F.);
#2720=ORIENTED_EDGE('',*,*,#3996,.F.);
#2721=ORIENTED_EDGE('',*,*,#3997,.F.);
#2722=ORIENTED_EDGE('',*,*,#4002,.F.);
#2723=ORIENTED_EDGE('',*,*,#4003,.F.);
#2724=ORIENTED_EDGE('',*,*,#4007,.F.);
#2725=ORIENTED_EDGE('',*,*,#4010,.F.);
#2726=ORIENTED_EDGE('',*,*,#4014,.F.);
#2727=ORIENTED_EDGE('',*,*,#4017,.F.);
#2728=ORIENTED_EDGE('',*,*,#4020,.F.);
#2729=ORIENTED_EDGE('',*,*,#4023,.F.);
#2730=ORIENTED_EDGE('',*,*,#4026,.F.);
#2731=ORIENTED_EDGE('',*,*,#4028,.F.);
#2732=ORIENTED_EDGE('',*,*,#4032,.F.);
#2733=ORIENTED_EDGE('',*,*,#4035,.F.);
#2734=ORIENTED_EDGE('',*,*,#4038,.F.);
#2735=ORIENTED_EDGE('',*,*,#4041,.F.);
#2736=ORIENTED_EDGE('',*,*,#4044,.F.);
#2737=ORIENTED_EDGE('',*,*,#4047,.F.);
#2738=ORIENTED_EDGE('',*,*,#4050,.F.);
#2739=ORIENTED_EDGE('',*,*,#4053,.F.);
#2740=ORIENTED_EDGE('',*,*,#4054,.F.);
#2741=ORIENTED_EDGE('',*,*,#4057,.F.);
#2742=ORIENTED_EDGE('',*,*,#4061,.F.);
#2743=ORIENTED_EDGE('',*,*,#4065,.F.);
#2744=ORIENTED_EDGE('',*,*,#4068,.F.);
#2745=ORIENTED_EDGE('',*,*,#4069,.F.);
#2746=ORIENTED_EDGE('',*,*,#4072,.F.);
#2747=ORIENTED_EDGE('',*,*,#4075,.F.);
#2748=ORIENTED_EDGE('',*,*,#4080,.F.);
#2749=ORIENTED_EDGE('',*,*,#4083,.F.);
#2750=ORIENTED_EDGE('',*,*,#4086,.F.);
#2751=ORIENTED_EDGE('',*,*,#4089,.F.);
#2752=ORIENTED_EDGE('',*,*,#4092,.F.);
#2753=ORIENTED_EDGE('',*,*,#4095,.F.);
#2754=ORIENTED_EDGE('',*,*,#4098,.F.);
#2755=ORIENTED_EDGE('',*,*,#4101,.F.);
#2756=ORIENTED_EDGE('',*,*,#4104,.F.);
#2757=ORIENTED_EDGE('',*,*,#4107,.F.);
#2758=ORIENTED_EDGE('',*,*,#4110,.F.);
#2759=ORIENTED_EDGE('',*,*,#4113,.F.);
#2760=ORIENTED_EDGE('',*,*,#4116,.F.);
#2761=ORIENTED_EDGE('',*,*,#4119,.F.);
#2762=ORIENTED_EDGE('',*,*,#4122,.F.);
#2763=ORIENTED_EDGE('',*,*,#4125,.F.);
#2764=ORIENTED_EDGE('',*,*,#4128,.F.);
#2765=ORIENTED_EDGE('',*,*,#4131,.F.);
#2766=ORIENTED_EDGE('',*,*,#4134,.F.);
#2767=ORIENTED_EDGE('',*,*,#4137,.F.);
#2768=ORIENTED_EDGE('',*,*,#4140,.F.);
#2769=ORIENTED_EDGE('',*,*,#4143,.F.);
#2770=ORIENTED_EDGE('',*,*,#4146,.F.);
#2771=ORIENTED_EDGE('',*,*,#4149,.F.);
#2772=ORIENTED_EDGE('',*,*,#4152,.F.);
#2773=ORIENTED_EDGE('',*,*,#4155,.F.);
#2774=ORIENTED_EDGE('',*,*,#4158,.F.);
#2775=ORIENTED_EDGE('',*,*,#4161,.F.);
#2776=ORIENTED_EDGE('',*,*,#4164,.F.);
#2777=ORIENTED_EDGE('',*,*,#4167,.F.);
#2778=ORIENTED_EDGE('',*,*,#4169,.F.);
#2779=ORIENTED_EDGE('',*,*,#4173,.F.);
#2780=ORIENTED_EDGE('',*,*,#4176,.F.);
#2781=ORIENTED_EDGE('',*,*,#4179,.F.);
#2782=ORIENTED_EDGE('',*,*,#4181,.F.);
#2783=ORIENTED_EDGE('',*,*,#4185,.F.);
#2784=ORIENTED_EDGE('',*,*,#4186,.F.);
#2785=ORIENTED_EDGE('',*,*,#4191,.F.);
#2786=ORIENTED_EDGE('',*,*,#4194,.F.);
#2787=ORIENTED_EDGE('',*,*,#4197,.F.);
#2788=ORIENTED_EDGE('',*,*,#4205,.F.);
#2789=ORIENTED_EDGE('',*,*,#4200,.F.);
#2790=ORIENTED_EDGE('',*,*,#4201,.T.);
#2791=ORIENTED_EDGE('',*,*,#4204,.F.);
#2792=ORIENTED_EDGE('',*,*,#4206,.T.);
#2793=ORIENTED_EDGE('',*,*,#4207,.F.);
#2794=ORIENTED_EDGE('',*,*,#4208,.F.);
#2795=ORIENTED_EDGE('',*,*,#4207,.T.);
#2796=ORIENTED_EDGE('',*,*,#4209,.F.);
#2797=ORIENTED_EDGE('',*,*,#4209,.T.);
#2798=ORIENTED_EDGE('',*,*,#4210,.F.);
#2799=ORIENTED_EDGE('',*,*,#4211,.F.);
#2800=ORIENTED_EDGE('',*,*,#4212,.F.);
#2801=ORIENTED_EDGE('',*,*,#4210,.T.);
#2802=ORIENTED_EDGE('',*,*,#4212,.T.);
#2803=ORIENTED_EDGE('',*,*,#4213,.F.);
#2804=ORIENTED_EDGE('',*,*,#4214,.F.);
#2805=ORIENTED_EDGE('',*,*,#4213,.T.);
#2806=ORIENTED_EDGE('',*,*,#4214,.T.);
#2807=ORIENTED_EDGE('',*,*,#4215,.F.);
#2808=ORIENTED_EDGE('',*,*,#4216,.F.);
#2809=ORIENTED_EDGE('',*,*,#4215,.T.);
#2810=ORIENTED_EDGE('',*,*,#4216,.T.);
#2811=ORIENTED_EDGE('',*,*,#4217,.F.);
#2812=ORIENTED_EDGE('',*,*,#4206,.F.);
#2813=ORIENTED_EDGE('',*,*,#4217,.T.);
#2814=ORIENTED_EDGE('',*,*,#4218,.F.);
#2815=ORIENTED_EDGE('',*,*,#4211,.T.);
#2816=ORIENTED_EDGE('',*,*,#4219,.F.);
#2817=ORIENTED_EDGE('',*,*,#4218,.T.);
#2818=ORIENTED_EDGE('',*,*,#4220,.F.);
#2819=ORIENTED_EDGE('',*,*,#4219,.T.);
#2820=ORIENTED_EDGE('',*,*,#4221,.F.);
#2821=ORIENTED_EDGE('',*,*,#4222,.F.);
#2822=ORIENTED_EDGE('',*,*,#4223,.F.);
#2823=ORIENTED_EDGE('',*,*,#4224,.F.);
#2824=ORIENTED_EDGE('',*,*,#4225,.F.);
#2825=ORIENTED_EDGE('',*,*,#4226,.F.);
#2826=ORIENTED_EDGE('',*,*,#4220,.T.);
#2827=ORIENTED_EDGE('',*,*,#4221,.T.);
#2828=ORIENTED_EDGE('',*,*,#4227,.F.);
#2829=ORIENTED_EDGE('',*,*,#4228,.F.);
#2830=ORIENTED_EDGE('',*,*,#4229,.T.);
#2831=ORIENTED_EDGE('',*,*,#4226,.T.);
#2832=ORIENTED_EDGE('',*,*,#4230,.F.);
#2833=ORIENTED_EDGE('',*,*,#4231,.F.);
#2834=ORIENTED_EDGE('',*,*,#4227,.T.);
#2835=ORIENTED_EDGE('',*,*,#4225,.T.);
#2836=ORIENTED_EDGE('',*,*,#4232,.F.);
#2837=ORIENTED_EDGE('',*,*,#4233,.F.);
#2838=ORIENTED_EDGE('',*,*,#4230,.T.);
#2839=ORIENTED_EDGE('',*,*,#4224,.T.);
#2840=ORIENTED_EDGE('',*,*,#4234,.F.);
#2841=ORIENTED_EDGE('',*,*,#4235,.F.);
#2842=ORIENTED_EDGE('',*,*,#4232,.T.);
#2843=ORIENTED_EDGE('',*,*,#4223,.T.);
#2844=ORIENTED_EDGE('',*,*,#4236,.F.);
#2845=ORIENTED_EDGE('',*,*,#4237,.F.);
#2846=ORIENTED_EDGE('',*,*,#4234,.T.);
#2847=ORIENTED_EDGE('',*,*,#4222,.T.);
#2848=ORIENTED_EDGE('',*,*,#4229,.F.);
#2849=ORIENTED_EDGE('',*,*,#4238,.F.);
#2850=ORIENTED_EDGE('',*,*,#4236,.T.);
#2851=ORIENTED_EDGE('',*,*,#4228,.T.);
#2852=ORIENTED_EDGE('',*,*,#4231,.T.);
#2853=ORIENTED_EDGE('',*,*,#4233,.T.);
#2854=ORIENTED_EDGE('',*,*,#4235,.T.);
#2855=ORIENTED_EDGE('',*,*,#4237,.T.);
#2856=ORIENTED_EDGE('',*,*,#4238,.T.);
#2857=ORIENTED_EDGE('',*,*,#4239,.F.);
#2858=ORIENTED_EDGE('',*,*,#4208,.T.);
#2859=ORIENTED_EDGE('',*,*,#4239,.T.);
#2860=EDGE_CURVE('',#4240,#4241,#5172,.T.);
#2861=EDGE_CURVE('',#4241,#4242,#5173,.T.);
#2862=EDGE_CURVE('',#4243,#4242,#5174,.T.);
#2863=EDGE_CURVE('',#4240,#4243,#5175,.T.);
#2864=EDGE_CURVE('',#4244,#4244,#60,.T.);
#2865=EDGE_CURVE('',#4243,#4245,#5176,.T.);
#2866=EDGE_CURVE('',#4245,#4246,#5177,.T.);
#2867=EDGE_CURVE('',#4246,#4247,#5178,.T.);
#2868=EDGE_CURVE('',#4247,#4248,#5179,.T.);
#2869=EDGE_CURVE('',#4248,#4240,#5180,.T.);
#2870=EDGE_CURVE('',#4249,#4250,#5181,.T.);
#2871=EDGE_CURVE('',#4242,#4249,#5182,.T.);
#2872=EDGE_CURVE('',#4250,#4241,#5183,.T.);
#2873=EDGE_CURVE('',#4249,#4251,#58,.T.);
#2874=EDGE_CURVE('',#4251,#4252,#5184,.T.);
#2875=EDGE_CURVE('',#4245,#4252,#5185,.T.);
#2876=EDGE_CURVE('',#4252,#4253,#5186,.T.);
#2877=EDGE_CURVE('',#4246,#4253,#5187,.T.);
#2878=EDGE_CURVE('',#4253,#4254,#5188,.T.);
#2879=EDGE_CURVE('',#4247,#4254,#5189,.T.);
#2880=EDGE_CURVE('',#4254,#4255,#5190,.T.);
#2881=EDGE_CURVE('',#4248,#4255,#5191,.T.);
#2882=EDGE_CURVE('',#4255,#4256,#5192,.T.);
#2883=EDGE_CURVE('',#4256,#4250,#59,.T.);
#2884=EDGE_CURVE('',#4257,#4257,#61,.T.);
#2885=EDGE_CURVE('',#4258,#4259,#62,.T.);
#2886=EDGE_CURVE('',#4259,#4258,#5193,.T.);
#2887=EDGE_CURVE('',#4260,#4260,#63,.T.);
#2888=EDGE_CURVE('',#4259,#4261,#28,.T.);
#2889=EDGE_CURVE('',#4262,#4258,#29,.T.);
#2890=EDGE_CURVE('',#4262,#4261,#64,.T.);
#2891=EDGE_CURVE('',#4263,#4264,#5194,.T.);
#2892=EDGE_CURVE('',#4264,#4265,#5195,.T.);
#2893=EDGE_CURVE('',#4265,#4266,#5196,.T.);
#2894=EDGE_CURVE('',#4266,#4263,#5197,.T.);
#2895=EDGE_CURVE('',#4267,#4263,#5198,.T.);
#2896=EDGE_CURVE('',#4266,#4268,#5199,.T.);
#2897=EDGE_CURVE('',#4267,#4268,#5200,.T.);
#2898=EDGE_CURVE('',#4268,#4269,#5201,.T.);
#2899=EDGE_CURVE('',#4270,#4269,#5202,.T.);
#2900=EDGE_CURVE('',#4270,#4267,#5203,.T.);
#2901=EDGE_CURVE('',#4271,#4272,#5204,.T.);
#2902=EDGE_CURVE('',#4272,#4270,#5205,.T.);
#2903=EDGE_CURVE('',#4269,#4271,#5206,.T.);
#2904=EDGE_CURVE('',#4271,#4273,#5207,.T.);
#2905=EDGE_CURVE('',#4273,#4274,#5208,.T.);
#2906=EDGE_CURVE('',#4274,#4272,#5209,.T.);
#2907=EDGE_CURVE('',#4275,#4273,#5210,.T.);
#2908=EDGE_CURVE('',#4276,#4275,#5211,.T.);
#2909=EDGE_CURVE('',#4276,#4274,#5212,.T.);
#2910=EDGE_CURVE('',#4277,#4275,#5213,.T.);
#2911=EDGE_CURVE('',#4277,#4278,#5214,.T.);
#2912=EDGE_CURVE('',#4278,#4276,#5215,.T.);
#2913=EDGE_CURVE('',#4279,#4251,#5216,.T.);
#2914=EDGE_CURVE('',#4256,#4280,#5217,.T.);
#2915=EDGE_CURVE('',#4280,#4278,#65,.T.);
#2916=EDGE_CURVE('',#4279,#4277,#66,.T.);
#2917=EDGE_CURVE('',#4281,#4279,#5218,.T.);
#2918=EDGE_CURVE('',#4282,#4281,#5219,.T.);
#2919=EDGE_CURVE('',#4282,#4280,#5220,.T.);
#2920=EDGE_CURVE('',#4283,#4284,#5221,.T.);
#2921=EDGE_CURVE('',#4282,#4283,#5222,.T.);
#2922=EDGE_CURVE('',#4281,#4284,#5223,.T.);
#2923=EDGE_CURVE('',#4285,#4286,#5224,.T.);
#2924=EDGE_CURVE('',#4283,#4286,#5225,.T.);
#2925=EDGE_CURVE('',#4285,#4284,#5226,.T.);
#2926=EDGE_CURVE('',#4287,#4285,#67,.T.);
#2927=EDGE_CURVE('',#4287,#4288,#5227,.T.);
#2928=EDGE_CURVE('',#4288,#4286,#68,.T.);
#2929=EDGE_CURVE('',#4287,#4289,#5228,.T.);
#2930=EDGE_CURVE('',#4290,#4289,#5229,.T.);
#2931=EDGE_CURVE('',#4290,#4288,#5230,.T.);
#2932=EDGE_CURVE('',#4291,#4292,#5231,.T.);
#2933=EDGE_CURVE('',#4290,#4291,#5232,.T.);
#2934=EDGE_CURVE('',#4289,#4292,#5233,.T.);
#2935=EDGE_CURVE('',#4291,#4293,#5234,.T.);
#2936=EDGE_CURVE('',#4292,#4294,#5235,.T.);
#2937=EDGE_CURVE('',#4294,#4261,#5236,.T.);
#2938=EDGE_CURVE('',#4262,#4293,#5237,.T.);
#2939=EDGE_CURVE('',#4295,#4294,#69,.T.);
#2940=EDGE_CURVE('',#4295,#4296,#5238,.T.);
#2941=EDGE_CURVE('',#4296,#4293,#70,.T.);
#2942=EDGE_CURVE('',#4295,#4297,#5239,.T.);
#2943=EDGE_CURVE('',#4265,#4297,#5240,.T.);
#2944=EDGE_CURVE('',#4264,#4298,#5241,.T.);
#2945=EDGE_CURVE('',#4298,#4297,#5242,.T.);
#2946=EDGE_CURVE('',#4296,#4298,#5243,.T.);
#2947=EDGE_CURVE('',#4299,#4299,#71,.T.);
#2948=EDGE_CURVE('',#4300,#4300,#72,.T.);
#2949=EDGE_CURVE('',#4301,#4301,#73,.T.);
#2950=EDGE_CURVE('',#4302,#4302,#74,.T.);
#2951=EDGE_CURVE('',#4303,#4303,#75,.T.);
#2952=EDGE_CURVE('',#4304,#4304,#76,.T.);
#2953=EDGE_CURVE('',#4305,#4305,#30,.T.);
#2954=EDGE_CURVE('',#4306,#4306,#31,.T.);
#2955=EDGE_CURVE('',#4307,#4307,#32,.T.);
#2956=EDGE_CURVE('',#4308,#4308,#33,.T.);
#2957=EDGE_CURVE('',#4309,#4309,#34,.T.);
#2958=EDGE_CURVE('',#4310,#4310,#35,.T.);
#2959=EDGE_CURVE('',#4311,#4311,#77,.T.);
#2960=EDGE_CURVE('',#4312,#4312,#78,.T.);
#2961=EDGE_CURVE('',#4313,#4313,#79,.T.);
#2962=EDGE_CURVE('',#4314,#4315,#5244,.T.);
#2963=EDGE_CURVE('',#4314,#4316,#5245,.T.);
#2964=EDGE_CURVE('',#4317,#4316,#5246,.T.);
#2965=EDGE_CURVE('',#4317,#4315,#5247,.T.);
#2966=EDGE_CURVE('',#4316,#4318,#5248,.T.);
#2967=EDGE_CURVE('',#4319,#4318,#5249,.T.);
#2968=EDGE_CURVE('',#4319,#4317,#5250,.T.);
#2969=EDGE_CURVE('',#4318,#4320,#5251,.T.);
#2970=EDGE_CURVE('',#4321,#4320,#5252,.T.);
#2971=EDGE_CURVE('',#4321,#4319,#5253,.T.);
#2972=EDGE_CURVE('',#4320,#4322,#5254,.T.);
#2973=EDGE_CURVE('',#4323,#4322,#5255,.T.);
#2974=EDGE_CURVE('',#4323,#4321,#5256,.T.);
#2975=EDGE_CURVE('',#4322,#4324,#5257,.T.);
#2976=EDGE_CURVE('',#4325,#4324,#5258,.T.);
#2977=EDGE_CURVE('',#4325,#4323,#5259,.T.);
#2978=EDGE_CURVE('',#4324,#4326,#5260,.T.);
#2979=EDGE_CURVE('',#4327,#4326,#5261,.T.);
#2980=EDGE_CURVE('',#4327,#4325,#5262,.T.);
#2981=EDGE_CURVE('',#4328,#4329,#5263,.T.);
#2982=EDGE_CURVE('',#4329,#4327,#5264,.T.);
#2983=EDGE_CURVE('',#4326,#4328,#5265,.T.);
#2984=EDGE_CURVE('',#4330,#4329,#5266,.T.);
#2985=EDGE_CURVE('',#4328,#4331,#5267,.T.);
#2986=EDGE_CURVE('',#4331,#4330,#5268,.T.);
#2987=EDGE_CURVE('',#4332,#4333,#5269,.T.);
#2988=EDGE_CURVE('',#4332,#4330,#5270,.T.);
#2989=EDGE_CURVE('',#4331,#4333,#5271,.T.);
#2990=EDGE_CURVE('',#4333,#4334,#5272,.T.);
#2991=EDGE_CURVE('',#4335,#4334,#5273,.T.);
#2992=EDGE_CURVE('',#4335,#4332,#5274,.T.);
#2993=EDGE_CURVE('',#4334,#4336,#5275,.T.);
#2994=EDGE_CURVE('',#4336,#4337,#5276,.T.);
#2995=EDGE_CURVE('',#4337,#4335,#5277,.T.);
#2996=EDGE_CURVE('',#4336,#4338,#5278,.T.);
#2997=EDGE_CURVE('',#4339,#4338,#5279,.T.);
#2998=EDGE_CURVE('',#4339,#4337,#5280,.T.);
#2999=EDGE_CURVE('',#4338,#4340,#5281,.T.);
#3000=EDGE_CURVE('',#4341,#4340,#5282,.T.);
#3001=EDGE_CURVE('',#4341,#4339,#5283,.T.);
#3002=EDGE_CURVE('',#4340,#4342,#5284,.T.);
#3003=EDGE_CURVE('',#4343,#4342,#5285,.T.);
#3004=EDGE_CURVE('',#4343,#4341,#5286,.T.);
#3005=EDGE_CURVE('',#4344,#4343,#5287,.T.);
#3006=EDGE_CURVE('',#4342,#4345,#5288,.T.);
#3007=EDGE_CURVE('',#4345,#4344,#5289,.T.);
#3008=EDGE_CURVE('',#4346,#4344,#5290,.T.);
#3009=EDGE_CURVE('',#4345,#4347,#5291,.T.);
#3010=EDGE_CURVE('',#4347,#4346,#5292,.T.);
#3011=EDGE_CURVE('',#4348,#4349,#5293,.T.);
#3012=EDGE_CURVE('',#4349,#4346,#5294,.T.);
#3013=EDGE_CURVE('',#4347,#4348,#5295,.T.);
#3014=EDGE_CURVE('',#4350,#4351,#5296,.T.);
#3015=EDGE_CURVE('',#4351,#4349,#5297,.T.);
#3016=EDGE_CURVE('',#4348,#4350,#5298,.T.);
#3017=EDGE_CURVE('',#4350,#4352,#5299,.T.);
#3018=EDGE_CURVE('',#4353,#4352,#5300,.T.);
#3019=EDGE_CURVE('',#4353,#4351,#5301,.T.);
#3020=EDGE_CURVE('',#4352,#4354,#5302,.T.);
#3021=EDGE_CURVE('',#4354,#4355,#5303,.T.);
#3022=EDGE_CURVE('',#4355,#4353,#5304,.T.);
#3023=EDGE_CURVE('',#4354,#4356,#5305,.T.);
#3024=EDGE_CURVE('',#4356,#4357,#5306,.T.);
#3025=EDGE_CURVE('',#4357,#4355,#5307,.T.);
#3026=EDGE_CURVE('',#4358,#4359,#5308,.T.);
#3027=EDGE_CURVE('',#4359,#4357,#5309,.T.);
#3028=EDGE_CURVE('',#4356,#4358,#5310,.T.);
#3029=EDGE_CURVE('',#4358,#4360,#5311,.T.);
#3030=EDGE_CURVE('',#4360,#4361,#5312,.T.);
#3031=EDGE_CURVE('',#4361,#4359,#5313,.T.);
#3032=EDGE_CURVE('',#4362,#4361,#5314,.T.);
#3033=EDGE_CURVE('',#4360,#4363,#5315,.T.);
#3034=EDGE_CURVE('',#4362,#4363,#5316,.T.);
#3035=EDGE_CURVE('',#4363,#4364,#5317,.T.);
#3036=EDGE_CURVE('',#4365,#4364,#5318,.T.);
#3037=EDGE_CURVE('',#4365,#4362,#5319,.T.);
#3038=EDGE_CURVE('',#4366,#4365,#5320,.T.);
#3039=EDGE_CURVE('',#4364,#4367,#5321,.T.);
#3040=EDGE_CURVE('',#4367,#4366,#5322,.T.);
#3041=EDGE_CURVE('',#4368,#4369,#5323,.T.);
#3042=EDGE_CURVE('',#4369,#4366,#5324,.T.);
#3043=EDGE_CURVE('',#4367,#4368,#5325,.T.);
#3044=EDGE_CURVE('',#4370,#4371,#5326,.T.);
#3045=EDGE_CURVE('',#4370,#4369,#5327,.T.);
#3046=EDGE_CURVE('',#4368,#4371,#5328,.T.);
#3047=EDGE_CURVE('',#4371,#4372,#5329,.T.);
#3048=EDGE_CURVE('',#4373,#4372,#5330,.T.);
#3049=EDGE_CURVE('',#4373,#4370,#5331,.T.);
#3050=EDGE_CURVE('',#4372,#4374,#5332,.T.);
#3051=EDGE_CURVE('',#4374,#4375,#5333,.T.);
#3052=EDGE_CURVE('',#4375,#4373,#5334,.T.);
#3053=EDGE_CURVE('',#4374,#4376,#5335,.T.);
#3054=EDGE_CURVE('',#4377,#4376,#5336,.T.);
#3055=EDGE_CURVE('',#4377,#4375,#5337,.T.);
#3056=EDGE_CURVE('',#4376,#4378,#5338,.T.);
#3057=EDGE_CURVE('',#4378,#4379,#5339,.T.);
#3058=EDGE_CURVE('',#4379,#4377,#5340,.T.);
#3059=EDGE_CURVE('',#4378,#4380,#5341,.T.);
#3060=EDGE_CURVE('',#4380,#4381,#5342,.T.);
#3061=EDGE_CURVE('',#4381,#4379,#5343,.T.);
#3062=EDGE_CURVE('',#4382,#4383,#5344,.T.);
#3063=EDGE_CURVE('',#4383,#4381,#5345,.T.);
#3064=EDGE_CURVE('',#4380,#4382,#5346,.T.);
#3065=EDGE_CURVE('',#4382,#4384,#5347,.T.);
#3066=EDGE_CURVE('',#4385,#4384,#5348,.T.);
#3067=EDGE_CURVE('',#4385,#4383,#5349,.T.);
#3068=EDGE_CURVE('',#4384,#4386,#5350,.T.);
#3069=EDGE_CURVE('',#4387,#4386,#5351,.T.);
#3070=EDGE_CURVE('',#4387,#4385,#5352,.T.);
#3071=EDGE_CURVE('',#4386,#4388,#5353,.T.);
#3072=EDGE_CURVE('',#4389,#4388,#5354,.T.);
#3073=EDGE_CURVE('',#4389,#4387,#5355,.T.);
#3074=EDGE_CURVE('',#4388,#4390,#5356,.T.);
#3075=EDGE_CURVE('',#4390,#4391,#5357,.T.);
#3076=EDGE_CURVE('',#4391,#4389,#5358,.T.);
#3077=EDGE_CURVE('',#4390,#4392,#5359,.T.);
#3078=EDGE_CURVE('',#4392,#4393,#5360,.T.);
#3079=EDGE_CURVE('',#4393,#4391,#5361,.T.);
#3080=EDGE_CURVE('',#4392,#4394,#5362,.T.);
#3081=EDGE_CURVE('',#4395,#4394,#5363,.T.);
#3082=EDGE_CURVE('',#4395,#4393,#5364,.T.);
#3083=EDGE_CURVE('',#4394,#4396,#5365,.T.);
#3084=EDGE_CURVE('',#4397,#4396,#5366,.T.);
#3085=EDGE_CURVE('',#4397,#4395,#5367,.T.);
#3086=EDGE_CURVE('',#4396,#4398,#5368,.T.);
#3087=EDGE_CURVE('',#4398,#4399,#5369,.T.);
#3088=EDGE_CURVE('',#4399,#4397,#5370,.T.);
#3089=EDGE_CURVE('',#4400,#4399,#5371,.T.);
#3090=EDGE_CURVE('',#4398,#4401,#5372,.T.);
#3091=EDGE_CURVE('',#4401,#4400,#5373,.T.);
#3092=EDGE_CURVE('',#4402,#4400,#5374,.T.);
#3093=EDGE_CURVE('',#4401,#4403,#5375,.T.);
#3094=EDGE_CURVE('',#4403,#4402,#5376,.T.);
#3095=EDGE_CURVE('',#4404,#4405,#5377,.T.);
#3096=EDGE_CURVE('',#4404,#4402,#5378,.T.);
#3097=EDGE_CURVE('',#4403,#4405,#5379,.T.);
#3098=EDGE_CURVE('',#4405,#4406,#5380,.T.);
#3099=EDGE_CURVE('',#4407,#4406,#5381,.T.);
#3100=EDGE_CURVE('',#4407,#4404,#5382,.T.);
#3101=EDGE_CURVE('',#4406,#4408,#5383,.T.);
#3102=EDGE_CURVE('',#4409,#4408,#5384,.T.);
#3103=EDGE_CURVE('',#4409,#4407,#5385,.T.);
#3104=EDGE_CURVE('',#4410,#4409,#5386,.T.);
#3105=EDGE_CURVE('',#4408,#4411,#5387,.T.);
#3106=EDGE_CURVE('',#4411,#4410,#5388,.T.);
#3107=EDGE_CURVE('',#4412,#4410,#5389,.T.);
#3108=EDGE_CURVE('',#4411,#4413,#5390,.T.);
#3109=EDGE_CURVE('',#4413,#4412,#5391,.T.);
#3110=EDGE_CURVE('',#4414,#4412,#5392,.T.);
#3111=EDGE_CURVE('',#4413,#4415,#5393,.T.);
#3112=EDGE_CURVE('',#4415,#4414,#5394,.T.);
#3113=EDGE_CURVE('',#4415,#4416,#5395,.T.);
#3114=EDGE_CURVE('',#4417,#4416,#5396,.T.);
#3115=EDGE_CURVE('',#4417,#4414,#5397,.T.);
#3116=EDGE_CURVE('',#4416,#4418,#5398,.T.);
#3117=EDGE_CURVE('',#4419,#4418,#5399,.T.);
#3118=EDGE_CURVE('',#4419,#4417,#5400,.T.);
#3119=EDGE_CURVE('',#4418,#4420,#5401,.T.);
#3120=EDGE_CURVE('',#4421,#4420,#5402,.T.);
#3121=EDGE_CURVE('',#4421,#4419,#5403,.T.);
#3122=EDGE_CURVE('',#4420,#4422,#5404,.T.);
#3123=EDGE_CURVE('',#4423,#4422,#5405,.T.);
#3124=EDGE_CURVE('',#4423,#4421,#5406,.T.);
#3125=EDGE_CURVE('',#4422,#4424,#5407,.T.);
#3126=EDGE_CURVE('',#4425,#4424,#5408,.T.);
#3127=EDGE_CURVE('',#4425,#4423,#5409,.T.);
#3128=EDGE_CURVE('',#4424,#4426,#5410,.T.);
#3129=EDGE_CURVE('',#4427,#4426,#5411,.T.);
#3130=EDGE_CURVE('',#4427,#4425,#5412,.T.);
#3131=EDGE_CURVE('',#4426,#4428,#5413,.T.);
#3132=EDGE_CURVE('',#4429,#4428,#5414,.T.);
#3133=EDGE_CURVE('',#4429,#4427,#5415,.T.);
#3134=EDGE_CURVE('',#4428,#4430,#5416,.T.);
#3135=EDGE_CURVE('',#4431,#4430,#5417,.T.);
#3136=EDGE_CURVE('',#4431,#4429,#5418,.T.);
#3137=EDGE_CURVE('',#4430,#4432,#5419,.T.);
#3138=EDGE_CURVE('',#4433,#4432,#5420,.T.);
#3139=EDGE_CURVE('',#4433,#4431,#5421,.T.);
#3140=EDGE_CURVE('',#4432,#4434,#5422,.T.);
#3141=EDGE_CURVE('',#4435,#4434,#5423,.T.);
#3142=EDGE_CURVE('',#4435,#4433,#5424,.T.);
#3143=EDGE_CURVE('',#4434,#4436,#5425,.T.);
#3144=EDGE_CURVE('',#4437,#4436,#5426,.T.);
#3145=EDGE_CURVE('',#4437,#4435,#5427,.T.);
#3146=EDGE_CURVE('',#4436,#4438,#5428,.T.);
#3147=EDGE_CURVE('',#4439,#4438,#5429,.T.);
#3148=EDGE_CURVE('',#4439,#4437,#5430,.T.);
#3149=EDGE_CURVE('',#4438,#4440,#5431,.T.);
#3150=EDGE_CURVE('',#4441,#4440,#5432,.T.);
#3151=EDGE_CURVE('',#4441,#4439,#5433,.T.);
#3152=EDGE_CURVE('',#4440,#4442,#5434,.T.);
#3153=EDGE_CURVE('',#4443,#4442,#5435,.T.);
#3154=EDGE_CURVE('',#4443,#4441,#5436,.T.);
#3155=EDGE_CURVE('',#4442,#4444,#5437,.T.);
#3156=EDGE_CURVE('',#4445,#4444,#5438,.T.);
#3157=EDGE_CURVE('',#4445,#4443,#5439,.T.);
#3158=EDGE_CURVE('',#4444,#4446,#5440,.T.);
#3159=EDGE_CURVE('',#4447,#4446,#5441,.T.);
#3160=EDGE_CURVE('',#4447,#4445,#5442,.T.);
#3161=EDGE_CURVE('',#4446,#4448,#5443,.T.);
#3162=EDGE_CURVE('',#4449,#4448,#5444,.T.);
#3163=EDGE_CURVE('',#4449,#4447,#5445,.T.);
#3164=EDGE_CURVE('',#4448,#4450,#5446,.T.);
#3165=EDGE_CURVE('',#4451,#4450,#5447,.T.);
#3166=EDGE_CURVE('',#4451,#4449,#5448,.T.);
#3167=EDGE_CURVE('',#4450,#4452,#5449,.T.);
#3168=EDGE_CURVE('',#4453,#4452,#5450,.T.);
#3169=EDGE_CURVE('',#4453,#4451,#5451,.T.);
#3170=EDGE_CURVE('',#4452,#4454,#5452,.T.);
#3171=EDGE_CURVE('',#4455,#4454,#5453,.T.);
#3172=EDGE_CURVE('',#4455,#4453,#5454,.T.);
#3173=EDGE_CURVE('',#4454,#4456,#5455,.T.);
#3174=EDGE_CURVE('',#4457,#4456,#5456,.T.);
#3175=EDGE_CURVE('',#4457,#4455,#5457,.T.);
#3176=EDGE_CURVE('',#4456,#4458,#5458,.T.);
#3177=EDGE_CURVE('',#4459,#4458,#5459,.T.);
#3178=EDGE_CURVE('',#4459,#4457,#5460,.T.);
#3179=EDGE_CURVE('',#4458,#4460,#5461,.T.);
#3180=EDGE_CURVE('',#4461,#4460,#5462,.T.);
#3181=EDGE_CURVE('',#4461,#4459,#5463,.T.);
#3182=EDGE_CURVE('',#4460,#4462,#5464,.T.);
#3183=EDGE_CURVE('',#4463,#4462,#5465,.T.);
#3184=EDGE_CURVE('',#4463,#4461,#5466,.T.);
#3185=EDGE_CURVE('',#4462,#4464,#5467,.T.);
#3186=EDGE_CURVE('',#4465,#4464,#5468,.T.);
#3187=EDGE_CURVE('',#4465,#4463,#5469,.T.);
#3188=EDGE_CURVE('',#4464,#4466,#5470,.T.);
#3189=EDGE_CURVE('',#4467,#4466,#5471,.T.);
#3190=EDGE_CURVE('',#4467,#4465,#5472,.T.);
#3191=EDGE_CURVE('',#4466,#4468,#5473,.T.);
#3192=EDGE_CURVE('',#4469,#4468,#5474,.T.);
#3193=EDGE_CURVE('',#4469,#4467,#5475,.T.);
#3194=EDGE_CURVE('',#4468,#4470,#5476,.T.);
#3195=EDGE_CURVE('',#4471,#4470,#5477,.T.);
#3196=EDGE_CURVE('',#4471,#4469,#5478,.T.);
#3197=EDGE_CURVE('',#4470,#4472,#5479,.T.);
#3198=EDGE_CURVE('',#4473,#4472,#5480,.T.);
#3199=EDGE_CURVE('',#4473,#4471,#5481,.T.);
#3200=EDGE_CURVE('',#4472,#4474,#5482,.T.);
#3201=EDGE_CURVE('',#4475,#4474,#5483,.T.);
#3202=EDGE_CURVE('',#4475,#4473,#5484,.T.);
#3203=EDGE_CURVE('',#4476,#4477,#5485,.T.);
#3204=EDGE_CURVE('',#4477,#4475,#5486,.T.);
#3205=EDGE_CURVE('',#4474,#4476,#5487,.T.);
#3206=EDGE_CURVE('',#4476,#4478,#5488,.T.);
#3207=EDGE_CURVE('',#4479,#4478,#5489,.T.);
#3208=EDGE_CURVE('',#4479,#4477,#5490,.T.);
#3209=EDGE_CURVE('',#4478,#4480,#5491,.T.);
#3210=EDGE_CURVE('',#4480,#4481,#5492,.T.);
#3211=EDGE_CURVE('',#4481,#4479,#5493,.T.);
#3212=EDGE_CURVE('',#4480,#4482,#5494,.T.);
#3213=EDGE_CURVE('',#4482,#4483,#5495,.T.);
#3214=EDGE_CURVE('',#4483,#4481,#5496,.T.);
#3215=EDGE_CURVE('',#4484,#4485,#5497,.T.);
#3216=EDGE_CURVE('',#4485,#4483,#5498,.T.);
#3217=EDGE_CURVE('',#4482,#4484,#5499,.T.);
#3218=EDGE_CURVE('',#4484,#4486,#5500,.T.);
#3219=EDGE_CURVE('',#4486,#4487,#5501,.T.);
#3220=EDGE_CURVE('',#4487,#4485,#5502,.T.);
#3221=EDGE_CURVE('',#4488,#4487,#5503,.T.);
#3222=EDGE_CURVE('',#4486,#4489,#5504,.T.);
#3223=EDGE_CURVE('',#4488,#4489,#5505,.T.);
#3224=EDGE_CURVE('',#4489,#4490,#5506,.T.);
#3225=EDGE_CURVE('',#4491,#4490,#5507,.T.);
#3226=EDGE_CURVE('',#4491,#4488,#5508,.T.);
#3227=EDGE_CURVE('',#4492,#4491,#5509,.T.);
#3228=EDGE_CURVE('',#4490,#4493,#5510,.T.);
#3229=EDGE_CURVE('',#4493,#4492,#5511,.T.);
#3230=EDGE_CURVE('',#4494,#4495,#5512,.T.);
#3231=EDGE_CURVE('',#4495,#4492,#5513,.T.);
#3232=EDGE_CURVE('',#4493,#4494,#5514,.T.);
#3233=EDGE_CURVE('',#4496,#4497,#5515,.T.);
#3234=EDGE_CURVE('',#4496,#4495,#5516,.T.);
#3235=EDGE_CURVE('',#4494,#4497,#5517,.T.);
#3236=EDGE_CURVE('',#4498,#4496,#5518,.T.);
#3237=EDGE_CURVE('',#4497,#4499,#5519,.T.);
#3238=EDGE_CURVE('',#4499,#4498,#5520,.T.);
#3239=EDGE_CURVE('',#4500,#4501,#5521,.T.);
#3240=EDGE_CURVE('',#4501,#4498,#5522,.T.);
#3241=EDGE_CURVE('',#4499,#4500,#5523,.T.);
#3242=EDGE_CURVE('',#4500,#4502,#5524,.T.);
#3243=EDGE_CURVE('',#4503,#4502,#5525,.T.);
#3244=EDGE_CURVE('',#4503,#4501,#5526,.T.);
#3245=EDGE_CURVE('',#4502,#4504,#5527,.T.);
#3246=EDGE_CURVE('',#4505,#4504,#5528,.T.);
#3247=EDGE_CURVE('',#4505,#4503,#5529,.T.);
#3248=EDGE_CURVE('',#4504,#4506,#5530,.T.);
#3249=EDGE_CURVE('',#4506,#4507,#5531,.T.);
#3250=EDGE_CURVE('',#4507,#4505,#5532,.T.);
#3251=EDGE_CURVE('',#4508,#4509,#5533,.T.);
#3252=EDGE_CURVE('',#4509,#4507,#5534,.T.);
#3253=EDGE_CURVE('',#4506,#4508,#5535,.T.);
#3254=EDGE_CURVE('',#4508,#4510,#5536,.T.);
#3255=EDGE_CURVE('',#4511,#4510,#5537,.T.);
#3256=EDGE_CURVE('',#4511,#4509,#5538,.T.);
#3257=EDGE_CURVE('',#4510,#4512,#5539,.T.);
#3258=EDGE_CURVE('',#4513,#4512,#5540,.T.);
#3259=EDGE_CURVE('',#4513,#4511,#5541,.T.);
#3260=EDGE_CURVE('',#4512,#4514,#5542,.T.);
#3261=EDGE_CURVE('',#4515,#4514,#5543,.T.);
#3262=EDGE_CURVE('',#4515,#4513,#5544,.T.);
#3263=EDGE_CURVE('',#4514,#4516,#5545,.T.);
#3264=EDGE_CURVE('',#4516,#4517,#5546,.T.);
#3265=EDGE_CURVE('',#4517,#4515,#5547,.T.);
#3266=EDGE_CURVE('',#4516,#4518,#5548,.T.);
#3267=EDGE_CURVE('',#4518,#4519,#5549,.T.);
#3268=EDGE_CURVE('',#4519,#4517,#5550,.T.);
#3269=EDGE_CURVE('',#4518,#4520,#5551,.T.);
#3270=EDGE_CURVE('',#4521,#4520,#5552,.T.);
#3271=EDGE_CURVE('',#4521,#4519,#5553,.T.);
#3272=EDGE_CURVE('',#4520,#4522,#5554,.T.);
#3273=EDGE_CURVE('',#4523,#4522,#5555,.T.);
#3274=EDGE_CURVE('',#4523,#4521,#5556,.T.);
#3275=EDGE_CURVE('',#4522,#4524,#5557,.T.);
#3276=EDGE_CURVE('',#4524,#4525,#5558,.T.);
#3277=EDGE_CURVE('',#4525,#4523,#5559,.T.);
#3278=EDGE_CURVE('',#4526,#4525,#5560,.T.);
#3279=EDGE_CURVE('',#4524,#4527,#5561,.T.);
#3280=EDGE_CURVE('',#4527,#4526,#5562,.T.);
#3281=EDGE_CURVE('',#4528,#4526,#5563,.T.);
#3282=EDGE_CURVE('',#4527,#4529,#5564,.T.);
#3283=EDGE_CURVE('',#4529,#4528,#5565,.T.);
#3284=EDGE_CURVE('',#4529,#4530,#5566,.T.);
#3285=EDGE_CURVE('',#4531,#4530,#5567,.T.);
#3286=EDGE_CURVE('',#4531,#4528,#5568,.T.);
#3287=EDGE_CURVE('',#4530,#4532,#5569,.T.);
#3288=EDGE_CURVE('',#4532,#4533,#5570,.T.);
#3289=EDGE_CURVE('',#4533,#4531,#5571,.T.);
#3290=EDGE_CURVE('',#4534,#4533,#5572,.T.);
#3291=EDGE_CURVE('',#4532,#4535,#5573,.T.);
#3292=EDGE_CURVE('',#4535,#4534,#5574,.T.);
#3293=EDGE_CURVE('',#4535,#4536,#5575,.T.);
#3294=EDGE_CURVE('',#4536,#4537,#5576,.T.);
#3295=EDGE_CURVE('',#4537,#4534,#5577,.T.);
#3296=EDGE_CURVE('',#4536,#4538,#5578,.T.);
#3297=EDGE_CURVE('',#4539,#4538,#5579,.T.);
#3298=EDGE_CURVE('',#4539,#4537,#5580,.T.);
#3299=EDGE_CURVE('',#4538,#4540,#5581,.T.);
#3300=EDGE_CURVE('',#4541,#4540,#5582,.T.);
#3301=EDGE_CURVE('',#4541,#4539,#5583,.T.);
#3302=EDGE_CURVE('',#4540,#4542,#5584,.T.);
#3303=EDGE_CURVE('',#4543,#4542,#5585,.T.);
#3304=EDGE_CURVE('',#4543,#4541,#5586,.T.);
#3305=EDGE_CURVE('',#4542,#4544,#5587,.T.);
#3306=EDGE_CURVE('',#4545,#4544,#5588,.T.);
#3307=EDGE_CURVE('',#4545,#4543,#5589,.T.);
#3308=EDGE_CURVE('',#4544,#4546,#5590,.T.);
#3309=EDGE_CURVE('',#4547,#4546,#5591,.T.);
#3310=EDGE_CURVE('',#4547,#4545,#5592,.T.);
#3311=EDGE_CURVE('',#4546,#4548,#5593,.T.);
#3312=EDGE_CURVE('',#4548,#4549,#5594,.T.);
#3313=EDGE_CURVE('',#4549,#4547,#5595,.T.);
#3314=EDGE_CURVE('',#4548,#4550,#5596,.T.);
#3315=EDGE_CURVE('',#4551,#4550,#5597,.T.);
#3316=EDGE_CURVE('',#4551,#4549,#5598,.T.);
#3317=EDGE_CURVE('',#4550,#4552,#5599,.T.);
#3318=EDGE_CURVE('',#4552,#4553,#5600,.T.);
#3319=EDGE_CURVE('',#4553,#4551,#5601,.T.);
#3320=EDGE_CURVE('',#4554,#4553,#5602,.T.);
#3321=EDGE_CURVE('',#4552,#4555,#5603,.T.);
#3322=EDGE_CURVE('',#4555,#4554,#5604,.T.);
#3323=EDGE_CURVE('',#4555,#4556,#5605,.T.);
#3324=EDGE_CURVE('',#4557,#4556,#5606,.T.);
#3325=EDGE_CURVE('',#4557,#4554,#5607,.T.);
#3326=EDGE_CURVE('',#4558,#4557,#5608,.T.);
#3327=EDGE_CURVE('',#4556,#4559,#5609,.T.);
#3328=EDGE_CURVE('',#4558,#4559,#5610,.T.);
#3329=EDGE_CURVE('',#4559,#4560,#5611,.T.);
#3330=EDGE_CURVE('',#4561,#4560,#5612,.T.);
#3331=EDGE_CURVE('',#4561,#4558,#5613,.T.);
#3332=EDGE_CURVE('',#4560,#4562,#5614,.T.);
#3333=EDGE_CURVE('',#4562,#4563,#5615,.T.);
#3334=EDGE_CURVE('',#4563,#4561,#5616,.T.);
#3335=EDGE_CURVE('',#4564,#4565,#5617,.T.);
#3336=EDGE_CURVE('',#4565,#4563,#5618,.T.);
#3337=EDGE_CURVE('',#4562,#4564,#5619,.T.);
#3338=EDGE_CURVE('',#4315,#4565,#5620,.T.);
#3339=EDGE_CURVE('',#4564,#4314,#5621,.T.);
#3340=EDGE_CURVE('',#4566,#4566,#80,.T.);
#3341=EDGE_CURVE('',#4567,#4567,#81,.T.);
#3342=EDGE_CURVE('',#4568,#4569,#5622,.T.);
#3343=EDGE_CURVE('',#4568,#4570,#5623,.T.);
#3344=EDGE_CURVE('',#4571,#4570,#5624,.T.);
#3345=EDGE_CURVE('',#4571,#4569,#5625,.T.);
#3346=EDGE_CURVE('',#4570,#4572,#5626,.T.);
#3347=EDGE_CURVE('',#4573,#4572,#5627,.T.);
#3348=EDGE_CURVE('',#4573,#4571,#5628,.T.);
#3349=EDGE_CURVE('',#4572,#4574,#5629,.T.);
#3350=EDGE_CURVE('',#4575,#4574,#5630,.T.);
#3351=EDGE_CURVE('',#4575,#4573,#5631,.T.);
#3352=EDGE_CURVE('',#4574,#4576,#5632,.T.);
#3353=EDGE_CURVE('',#4577,#4576,#5633,.T.);
#3354=EDGE_CURVE('',#4577,#4575,#5634,.T.);
#3355=EDGE_CURVE('',#4576,#4578,#5635,.T.);
#3356=EDGE_CURVE('',#4579,#4578,#5636,.T.);
#3357=EDGE_CURVE('',#4579,#4577,#5637,.T.);
#3358=EDGE_CURVE('',#4578,#4580,#5638,.T.);
#3359=EDGE_CURVE('',#4581,#4580,#5639,.T.);
#3360=EDGE_CURVE('',#4581,#4579,#5640,.T.);
#3361=EDGE_CURVE('',#4582,#4583,#5641,.T.);
#3362=EDGE_CURVE('',#4583,#4581,#5642,.T.);
#3363=EDGE_CURVE('',#4580,#4582,#5643,.T.);
#3364=EDGE_CURVE('',#4584,#4583,#5644,.T.);
#3365=EDGE_CURVE('',#4582,#4585,#5645,.T.);
#3366=EDGE_CURVE('',#4585,#4584,#5646,.T.);
#3367=EDGE_CURVE('',#4586,#4587,#5647,.T.);
#3368=EDGE_CURVE('',#4586,#4584,#5648,.T.);
#3369=EDGE_CURVE('',#4585,#4587,#5649,.T.);
#3370=EDGE_CURVE('',#4587,#4588,#5650,.T.);
#3371=EDGE_CURVE('',#4589,#4588,#5651,.T.);
#3372=EDGE_CURVE('',#4589,#4586,#5652,.T.);
#3373=EDGE_CURVE('',#4588,#4590,#5653,.T.);
#3374=EDGE_CURVE('',#4590,#4591,#5654,.T.);
#3375=EDGE_CURVE('',#4591,#4589,#5655,.T.);
#3376=EDGE_CURVE('',#4590,#4592,#5656,.T.);
#3377=EDGE_CURVE('',#4593,#4592,#5657,.T.);
#3378=EDGE_CURVE('',#4593,#4591,#5658,.T.);
#3379=EDGE_CURVE('',#4592,#4594,#5659,.T.);
#3380=EDGE_CURVE('',#4595,#4594,#5660,.T.);
#3381=EDGE_CURVE('',#4595,#4593,#5661,.T.);
#3382=EDGE_CURVE('',#4594,#4596,#5662,.T.);
#3383=EDGE_CURVE('',#4597,#4596,#5663,.T.);
#3384=EDGE_CURVE('',#4597,#4595,#5664,.T.);
#3385=EDGE_CURVE('',#4598,#4597,#5665,.T.);
#3386=EDGE_CURVE('',#4596,#4599,#5666,.T.);
#3387=EDGE_CURVE('',#4599,#4598,#5667,.T.);
#3388=EDGE_CURVE('',#4600,#4598,#5668,.T.);
#3389=EDGE_CURVE('',#4599,#4601,#5669,.T.);
#3390=EDGE_CURVE('',#4601,#4600,#5670,.T.);
#3391=EDGE_CURVE('',#4602,#4603,#5671,.T.);
#3392=EDGE_CURVE('',#4603,#4600,#5672,.T.);
#3393=EDGE_CURVE('',#4601,#4602,#5673,.T.);
#3394=EDGE_CURVE('',#4604,#4605,#5674,.T.);
#3395=EDGE_CURVE('',#4605,#4603,#5675,.T.);
#3396=EDGE_CURVE('',#4602,#4604,#5676,.T.);
#3397=EDGE_CURVE('',#4604,#4606,#5677,.T.);
#3398=EDGE_CURVE('',#4607,#4606,#5678,.T.);
#3399=EDGE_CURVE('',#4607,#4605,#5679,.T.);
#3400=EDGE_CURVE('',#4606,#4608,#5680,.T.);
#3401=EDGE_CURVE('',#4608,#4609,#5681,.T.);
#3402=EDGE_CURVE('',#4609,#4607,#5682,.T.);
#3403=EDGE_CURVE('',#4608,#4610,#5683,.T.);
#3404=EDGE_CURVE('',#4610,#4611,#5684,.T.);
#3405=EDGE_CURVE('',#4611,#4609,#5685,.T.);
#3406=EDGE_CURVE('',#4612,#4613,#5686,.T.);
#3407=EDGE_CURVE('',#4613,#4611,#5687,.T.);
#3408=EDGE_CURVE('',#4610,#4612,#5688,.T.);
#3409=EDGE_CURVE('',#4612,#4614,#5689,.T.);
#3410=EDGE_CURVE('',#4614,#4615,#5690,.T.);
#3411=EDGE_CURVE('',#4615,#4613,#5691,.T.);
#3412=EDGE_CURVE('',#4616,#4615,#5692,.T.);
#3413=EDGE_CURVE('',#4614,#4617,#5693,.T.);
#3414=EDGE_CURVE('',#4616,#4617,#5694,.T.);
#3415=EDGE_CURVE('',#4617,#4618,#5695,.T.);
#3416=EDGE_CURVE('',#4619,#4618,#5696,.T.);
#3417=EDGE_CURVE('',#4619,#4616,#5697,.T.);
#3418=EDGE_CURVE('',#4620,#4619,#5698,.T.);
#3419=EDGE_CURVE('',#4618,#4621,#5699,.T.);
#3420=EDGE_CURVE('',#4621,#4620,#5700,.T.);
#3421=EDGE_CURVE('',#4622,#4623,#5701,.T.);
#3422=EDGE_CURVE('',#4623,#4620,#5702,.T.);
#3423=EDGE_CURVE('',#4621,#4622,#5703,.T.);
#3424=EDGE_CURVE('',#4624,#4625,#5704,.T.);
#3425=EDGE_CURVE('',#4624,#4623,#5705,.T.);
#3426=EDGE_CURVE('',#4622,#4625,#5706,.T.);
#3427=EDGE_CURVE('',#4625,#4626,#5707,.T.);
#3428=EDGE_CURVE('',#4627,#4626,#5708,.T.);
#3429=EDGE_CURVE('',#4627,#4624,#5709,.T.);
#3430=EDGE_CURVE('',#4626,#4628,#5710,.T.);
#3431=EDGE_CURVE('',#4628,#4629,#5711,.T.);
#3432=EDGE_CURVE('',#4629,#4627,#5712,.T.);
#3433=EDGE_CURVE('',#4628,#4630,#5713,.T.);
#3434=EDGE_CURVE('',#4631,#4630,#5714,.T.);
#3435=EDGE_CURVE('',#4631,#4629,#5715,.T.);
#3436=EDGE_CURVE('',#4630,#4632,#5716,.T.);
#3437=EDGE_CURVE('',#4632,#4633,#5717,.T.);
#3438=EDGE_CURVE('',#4633,#4631,#5718,.T.);
#3439=EDGE_CURVE('',#4632,#4634,#5719,.T.);
#3440=EDGE_CURVE('',#4634,#4635,#5720,.T.);
#3441=EDGE_CURVE('',#4635,#4633,#5721,.T.);
#3442=EDGE_CURVE('',#4636,#4637,#5722,.T.);
#3443=EDGE_CURVE('',#4637,#4635,#5723,.T.);
#3444=EDGE_CURVE('',#4634,#4636,#5724,.T.);
#3445=EDGE_CURVE('',#4636,#4638,#5725,.T.);
#3446=EDGE_CURVE('',#4639,#4638,#5726,.T.);
#3447=EDGE_CURVE('',#4639,#4637,#5727,.T.);
#3448=EDGE_CURVE('',#4638,#4640,#5728,.T.);
#3449=EDGE_CURVE('',#4641,#4640,#5729,.T.);
#3450=EDGE_CURVE('',#4641,#4639,#5730,.T.);
#3451=EDGE_CURVE('',#4640,#4642,#5731,.T.);
#3452=EDGE_CURVE('',#4643,#4642,#5732,.T.);
#3453=EDGE_CURVE('',#4643,#4641,#5733,.T.);
#3454=EDGE_CURVE('',#4642,#4644,#5734,.T.);
#3455=EDGE_CURVE('',#4644,#4645,#5735,.T.);
#3456=EDGE_CURVE('',#4645,#4643,#5736,.T.);
#3457=EDGE_CURVE('',#4644,#4646,#5737,.T.);
#3458=EDGE_CURVE('',#4646,#4647,#5738,.T.);
#3459=EDGE_CURVE('',#4647,#4645,#5739,.T.);
#3460=EDGE_CURVE('',#4646,#4648,#5740,.T.);
#3461=EDGE_CURVE('',#4649,#4648,#5741,.T.);
#3462=EDGE_CURVE('',#4649,#4647,#5742,.T.);
#3463=EDGE_CURVE('',#4648,#4650,#5743,.T.);
#3464=EDGE_CURVE('',#4651,#4650,#5744,.T.);
#3465=EDGE_CURVE('',#4651,#4649,#5745,.T.);
#3466=EDGE_CURVE('',#4650,#4652,#5746,.T.);
#3467=EDGE_CURVE('',#4652,#4653,#5747,.T.);
#3468=EDGE_CURVE('',#4653,#4651,#5748,.T.);
#3469=EDGE_CURVE('',#4654,#4653,#5749,.T.);
#3470=EDGE_CURVE('',#4652,#4655,#5750,.T.);
#3471=EDGE_CURVE('',#4655,#4654,#5751,.T.);
#3472=EDGE_CURVE('',#4656,#4654,#5752,.T.);
#3473=EDGE_CURVE('',#4655,#4657,#5753,.T.);
#3474=EDGE_CURVE('',#4657,#4656,#5754,.T.);
#3475=EDGE_CURVE('',#4658,#4659,#5755,.T.);
#3476=EDGE_CURVE('',#4658,#4656,#5756,.T.);
#3477=EDGE_CURVE('',#4657,#4659,#5757,.T.);
#3478=EDGE_CURVE('',#4659,#4660,#5758,.T.);
#3479=EDGE_CURVE('',#4661,#4660,#5759,.T.);
#3480=EDGE_CURVE('',#4661,#4658,#5760,.T.);
#3481=EDGE_CURVE('',#4660,#4662,#5761,.T.);
#3482=EDGE_CURVE('',#4663,#4662,#5762,.T.);
#3483=EDGE_CURVE('',#4663,#4661,#5763,.T.);
#3484=EDGE_CURVE('',#4664,#4663,#5764,.T.);
#3485=EDGE_CURVE('',#4662,#4665,#5765,.T.);
#3486=EDGE_CURVE('',#4665,#4664,#5766,.T.);
#3487=EDGE_CURVE('',#4666,#4664,#5767,.T.);
#3488=EDGE_CURVE('',#4665,#4667,#5768,.T.);
#3489=EDGE_CURVE('',#4667,#4666,#5769,.T.);
#3490=EDGE_CURVE('',#4668,#4666,#5770,.T.);
#3491=EDGE_CURVE('',#4667,#4669,#5771,.T.);
#3492=EDGE_CURVE('',#4669,#4668,#5772,.T.);
#3493=EDGE_CURVE('',#4669,#4670,#5773,.T.);
#3494=EDGE_CURVE('',#4671,#4670,#5774,.T.);
#3495=EDGE_CURVE('',#4671,#4668,#5775,.T.);
#3496=EDGE_CURVE('',#4670,#4672,#5776,.T.);
#3497=EDGE_CURVE('',#4673,#4672,#5777,.T.);
#3498=EDGE_CURVE('',#4673,#4671,#5778,.T.);
#3499=EDGE_CURVE('',#4672,#4674,#5779,.T.);
#3500=EDGE_CURVE('',#4675,#4674,#5780,.T.);
#3501=EDGE_CURVE('',#4675,#4673,#5781,.T.);
#3502=EDGE_CURVE('',#4674,#4676,#5782,.T.);
#3503=EDGE_CURVE('',#4677,#4676,#5783,.T.);
#3504=EDGE_CURVE('',#4677,#4675,#5784,.T.);
#3505=EDGE_CURVE('',#4676,#4678,#5785,.T.);
#3506=EDGE_CURVE('',#4679,#4678,#5786,.T.);
#3507=EDGE_CURVE('',#4679,#4677,#5787,.T.);
#3508=EDGE_CURVE('',#4678,#4680,#5788,.T.);
#3509=EDGE_CURVE('',#4681,#4680,#5789,.T.);
#3510=EDGE_CURVE('',#4681,#4679,#5790,.T.);
#3511=EDGE_CURVE('',#4680,#4682,#5791,.T.);
#3512=EDGE_CURVE('',#4683,#4682,#5792,.T.);
#3513=EDGE_CURVE('',#4683,#4681,#5793,.T.);
#3514=EDGE_CURVE('',#4682,#4684,#5794,.T.);
#3515=EDGE_CURVE('',#4685,#4684,#5795,.T.);
#3516=EDGE_CURVE('',#4685,#4683,#5796,.T.);
#3517=EDGE_CURVE('',#4684,#4686,#5797,.T.);
#3518=EDGE_CURVE('',#4687,#4686,#5798,.T.);
#3519=EDGE_CURVE('',#4687,#4685,#5799,.T.);
#3520=EDGE_CURVE('',#4686,#4688,#5800,.T.);
#3521=EDGE_CURVE('',#4689,#4688,#5801,.T.);
#3522=EDGE_CURVE('',#4689,#4687,#5802,.T.);
#3523=EDGE_CURVE('',#4688,#4690,#5803,.T.);
#3524=EDGE_CURVE('',#4691,#4690,#5804,.T.);
#3525=EDGE_CURVE('',#4691,#4689,#5805,.T.);
#3526=EDGE_CURVE('',#4690,#4692,#5806,.T.);
#3527=EDGE_CURVE('',#4693,#4692,#5807,.T.);
#3528=EDGE_CURVE('',#4693,#4691,#5808,.T.);
#3529=EDGE_CURVE('',#4692,#4694,#5809,.T.);
#3530=EDGE_CURVE('',#4695,#4694,#5810,.T.);
#3531=EDGE_CURVE('',#4695,#4693,#5811,.T.);
#3532=EDGE_CURVE('',#4694,#4696,#5812,.T.);
#3533=EDGE_CURVE('',#4697,#4696,#5813,.T.);
#3534=EDGE_CURVE('',#4697,#4695,#5814,.T.);
#3535=EDGE_CURVE('',#4696,#4698,#5815,.T.);
#3536=EDGE_CURVE('',#4699,#4698,#5816,.T.);
#3537=EDGE_CURVE('',#4699,#4697,#5817,.T.);
#3538=EDGE_CURVE('',#4698,#4700,#5818,.T.);
#3539=EDGE_CURVE('',#4701,#4700,#5819,.T.);
#3540=EDGE_CURVE('',#4701,#4699,#5820,.T.);
#3541=EDGE_CURVE('',#4700,#4702,#5821,.T.);
#3542=EDGE_CURVE('',#4703,#4702,#5822,.T.);
#3543=EDGE_CURVE('',#4703,#4701,#5823,.T.);
#3544=EDGE_CURVE('',#4702,#4704,#5824,.T.);
#3545=EDGE_CURVE('',#4705,#4704,#5825,.T.);
#3546=EDGE_CURVE('',#4705,#4703,#5826,.T.);
#3547=EDGE_CURVE('',#4704,#4706,#5827,.T.);
#3548=EDGE_CURVE('',#4707,#4706,#5828,.T.);
#3549=EDGE_CURVE('',#4707,#4705,#5829,.T.);
#3550=EDGE_CURVE('',#4706,#4708,#5830,.T.);
#3551=EDGE_CURVE('',#4709,#4708,#5831,.T.);
#3552=EDGE_CURVE('',#4709,#4707,#5832,.T.);
#3553=EDGE_CURVE('',#4708,#4710,#5833,.T.);
#3554=EDGE_CURVE('',#4711,#4710,#5834,.T.);
#3555=EDGE_CURVE('',#4711,#4709,#5835,.T.);
#3556=EDGE_CURVE('',#4710,#4712,#5836,.T.);
#3557=EDGE_CURVE('',#4713,#4712,#5837,.T.);
#3558=EDGE_CURVE('',#4713,#4711,#5838,.T.);
#3559=EDGE_CURVE('',#4712,#4714,#5839,.T.);
#3560=EDGE_CURVE('',#4715,#4714,#5840,.T.);
#3561=EDGE_CURVE('',#4715,#4713,#5841,.T.);
#3562=EDGE_CURVE('',#4714,#4716,#5842,.T.);
#3563=EDGE_CURVE('',#4717,#4716,#5843,.T.);
#3564=EDGE_CURVE('',#4717,#4715,#5844,.T.);
#3565=EDGE_CURVE('',#4716,#4718,#5845,.T.);
#3566=EDGE_CURVE('',#4719,#4718,#5846,.T.);
#3567=EDGE_CURVE('',#4719,#4717,#5847,.T.);
#3568=EDGE_CURVE('',#4718,#4720,#5848,.T.);
#3569=EDGE_CURVE('',#4721,#4720,#5849,.T.);
#3570=EDGE_CURVE('',#4721,#4719,#5850,.T.);
#3571=EDGE_CURVE('',#4720,#4722,#5851,.T.);
#3572=EDGE_CURVE('',#4723,#4722,#5852,.T.);
#3573=EDGE_CURVE('',#4723,#4721,#5853,.T.);
#3574=EDGE_CURVE('',#4722,#4724,#5854,.T.);
#3575=EDGE_CURVE('',#4725,#4724,#5855,.T.);
#3576=EDGE_CURVE('',#4725,#4723,#5856,.T.);
#3577=EDGE_CURVE('',#4724,#4726,#5857,.T.);
#3578=EDGE_CURVE('',#4727,#4726,#5858,.T.);
#3579=EDGE_CURVE('',#4727,#4725,#5859,.T.);
#3580=EDGE_CURVE('',#4726,#4728,#5860,.T.);
#3581=EDGE_CURVE('',#4729,#4728,#5861,.T.);
#3582=EDGE_CURVE('',#4729,#4727,#5862,.T.);
#3583=EDGE_CURVE('',#4730,#4731,#5863,.T.);
#3584=EDGE_CURVE('',#4731,#4729,#5864,.T.);
#3585=EDGE_CURVE('',#4728,#4730,#5865,.T.);
#3586=EDGE_CURVE('',#4730,#4732,#5866,.T.);
#3587=EDGE_CURVE('',#4733,#4732,#5867,.T.);
#3588=EDGE_CURVE('',#4733,#4731,#5868,.T.);
#3589=EDGE_CURVE('',#4732,#4734,#5869,.T.);
#3590=EDGE_CURVE('',#4734,#4735,#5870,.T.);
#3591=EDGE_CURVE('',#4735,#4733,#5871,.T.);
#3592=EDGE_CURVE('',#4734,#4736,#5872,.T.);
#3593=EDGE_CURVE('',#4736,#4737,#5873,.T.);
#3594=EDGE_CURVE('',#4737,#4735,#5874,.T.);
#3595=EDGE_CURVE('',#4738,#4739,#5875,.T.);
#3596=EDGE_CURVE('',#4739,#4737,#5876,.T.);
#3597=EDGE_CURVE('',#4736,#4738,#5877,.T.);
#3598=EDGE_CURVE('',#4738,#4740,#5878,.T.);
#3599=EDGE_CURVE('',#4740,#4741,#5879,.T.);
#3600=EDGE_CURVE('',#4741,#4739,#5880,.T.);
#3601=EDGE_CURVE('',#4742,#4741,#5881,.T.);
#3602=EDGE_CURVE('',#4740,#4743,#5882,.T.);
#3603=EDGE_CURVE('',#4742,#4743,#5883,.T.);
#3604=EDGE_CURVE('',#4743,#4744,#5884,.T.);
#3605=EDGE_CURVE('',#4745,#4744,#5885,.T.);
#3606=EDGE_CURVE('',#4745,#4742,#5886,.T.);
#3607=EDGE_CURVE('',#4746,#4745,#5887,.T.);
#3608=EDGE_CURVE('',#4744,#4747,#5888,.T.);
#3609=EDGE_CURVE('',#4747,#4746,#5889,.T.);
#3610=EDGE_CURVE('',#4748,#4749,#5890,.T.);
#3611=EDGE_CURVE('',#4749,#4746,#5891,.T.);
#3612=EDGE_CURVE('',#4747,#4748,#5892,.T.);
#3613=EDGE_CURVE('',#4750,#4751,#5893,.T.);
#3614=EDGE_CURVE('',#4750,#4749,#5894,.T.);
#3615=EDGE_CURVE('',#4748,#4751,#5895,.T.);
#3616=EDGE_CURVE('',#4752,#4750,#5896,.T.);
#3617=EDGE_CURVE('',#4751,#4753,#5897,.T.);
#3618=EDGE_CURVE('',#4753,#4752,#5898,.T.);
#3619=EDGE_CURVE('',#4754,#4755,#5899,.T.);
#3620=EDGE_CURVE('',#4755,#4752,#5900,.T.);
#3621=EDGE_CURVE('',#4753,#4754,#5901,.T.);
#3622=EDGE_CURVE('',#4754,#4756,#5902,.T.);
#3623=EDGE_CURVE('',#4757,#4756,#5903,.T.);
#3624=EDGE_CURVE('',#4757,#4755,#5904,.T.);
#3625=EDGE_CURVE('',#4756,#4758,#5905,.T.);
#3626=EDGE_CURVE('',#4759,#4758,#5906,.T.);
#3627=EDGE_CURVE('',#4759,#4757,#5907,.T.);
#3628=EDGE_CURVE('',#4758,#4760,#5908,.T.);
#3629=EDGE_CURVE('',#4760,#4761,#5909,.T.);
#3630=EDGE_CURVE('',#4761,#4759,#5910,.T.);
#3631=EDGE_CURVE('',#4762,#4763,#5911,.T.);
#3632=EDGE_CURVE('',#4763,#4761,#5912,.T.);
#3633=EDGE_CURVE('',#4760,#4762,#5913,.T.);
#3634=EDGE_CURVE('',#4762,#4764,#5914,.T.);
#3635=EDGE_CURVE('',#4765,#4764,#5915,.T.);
#3636=EDGE_CURVE('',#4765,#4763,#5916,.T.);
#3637=EDGE_CURVE('',#4764,#4766,#5917,.T.);
#3638=EDGE_CURVE('',#4767,#4766,#5918,.T.);
#3639=EDGE_CURVE('',#4767,#4765,#5919,.T.);
#3640=EDGE_CURVE('',#4766,#4768,#5920,.T.);
#3641=EDGE_CURVE('',#4769,#4768,#5921,.T.);
#3642=EDGE_CURVE('',#4769,#4767,#5922,.T.);
#3643=EDGE_CURVE('',#4768,#4770,#5923,.T.);
#3644=EDGE_CURVE('',#4770,#4771,#5924,.T.);
#3645=EDGE_CURVE('',#4771,#4769,#5925,.T.);
#3646=EDGE_CURVE('',#4770,#4772,#5926,.T.);
#3647=EDGE_CURVE('',#4772,#4773,#5927,.T.);
#3648=EDGE_CURVE('',#4773,#4771,#5928,.T.);
#3649=EDGE_CURVE('',#4772,#4774,#5929,.T.);
#3650=EDGE_CURVE('',#4775,#4774,#5930,.T.);
#3651=EDGE_CURVE('',#4775,#4773,#5931,.T.);
#3652=EDGE_CURVE('',#4774,#4776,#5932,.T.);
#3653=EDGE_CURVE('',#4777,#4776,#5933,.T.);
#3654=EDGE_CURVE('',#4777,#4775,#5934,.T.);
#3655=EDGE_CURVE('',#4776,#4778,#5935,.T.);
#3656=EDGE_CURVE('',#4778,#4779,#5936,.T.);
#3657=EDGE_CURVE('',#4779,#4777,#5937,.T.);
#3658=EDGE_CURVE('',#4780,#4779,#5938,.T.);
#3659=EDGE_CURVE('',#4778,#4781,#5939,.T.);
#3660=EDGE_CURVE('',#4781,#4780,#5940,.T.);
#3661=EDGE_CURVE('',#4782,#4780,#5941,.T.);
#3662=EDGE_CURVE('',#4781,#4783,#5942,.T.);
#3663=EDGE_CURVE('',#4783,#4782,#5943,.T.);
#3664=EDGE_CURVE('',#4783,#4784,#5944,.T.);
#3665=EDGE_CURVE('',#4785,#4784,#5945,.T.);
#3666=EDGE_CURVE('',#4785,#4782,#5946,.T.);
#3667=EDGE_CURVE('',#4784,#4786,#5947,.T.);
#3668=EDGE_CURVE('',#4786,#4787,#5948,.T.);
#3669=EDGE_CURVE('',#4787,#4785,#5949,.T.);
#3670=EDGE_CURVE('',#4788,#4787,#5950,.T.);
#3671=EDGE_CURVE('',#4786,#4789,#5951,.T.);
#3672=EDGE_CURVE('',#4789,#4788,#5952,.T.);
#3673=EDGE_CURVE('',#4789,#4790,#5953,.T.);
#3674=EDGE_CURVE('',#4790,#4791,#5954,.T.);
#3675=EDGE_CURVE('',#4791,#4788,#5955,.T.);
#3676=EDGE_CURVE('',#4790,#4792,#5956,.T.);
#3677=EDGE_CURVE('',#4793,#4792,#5957,.T.);
#3678=EDGE_CURVE('',#4793,#4791,#5958,.T.);
#3679=EDGE_CURVE('',#4792,#4794,#5959,.T.);
#3680=EDGE_CURVE('',#4795,#4794,#5960,.T.);
#3681=EDGE_CURVE('',#4795,#4793,#5961,.T.);
#3682=EDGE_CURVE('',#4794,#4796,#5962,.T.);
#3683=EDGE_CURVE('',#4797,#4796,#5963,.T.);
#3684=EDGE_CURVE('',#4797,#4795,#5964,.T.);
#3685=EDGE_CURVE('',#4796,#4798,#5965,.T.);
#3686=EDGE_CURVE('',#4799,#4798,#5966,.T.);
#3687=EDGE_CURVE('',#4799,#4797,#5967,.T.);
#3688=EDGE_CURVE('',#4798,#4800,#5968,.T.);
#3689=EDGE_CURVE('',#4801,#4800,#5969,.T.);
#3690=EDGE_CURVE('',#4801,#4799,#5970,.T.);
#3691=EDGE_CURVE('',#4800,#4802,#5971,.T.);
#3692=EDGE_CURVE('',#4802,#4803,#5972,.T.);
#3693=EDGE_CURVE('',#4803,#4801,#5973,.T.);
#3694=EDGE_CURVE('',#4802,#4804,#5974,.T.);
#3695=EDGE_CURVE('',#4805,#4804,#5975,.T.);
#3696=EDGE_CURVE('',#4805,#4803,#5976,.T.);
#3697=EDGE_CURVE('',#4804,#4806,#5977,.T.);
#3698=EDGE_CURVE('',#4806,#4807,#5978,.T.);
#3699=EDGE_CURVE('',#4807,#4805,#5979,.T.);
#3700=EDGE_CURVE('',#4808,#4807,#5980,.T.);
#3701=EDGE_CURVE('',#4806,#4809,#5981,.T.);
#3702=EDGE_CURVE('',#4809,#4808,#5982,.T.);
#3703=EDGE_CURVE('',#4809,#4810,#5983,.T.);
#3704=EDGE_CURVE('',#4811,#4810,#5984,.T.);
#3705=EDGE_CURVE('',#4811,#4808,#5985,.T.);
#3706=EDGE_CURVE('',#4812,#4811,#5986,.T.);
#3707=EDGE_CURVE('',#4810,#4813,#5987,.T.);
#3708=EDGE_CURVE('',#4812,#4813,#5988,.T.);
#3709=EDGE_CURVE('',#4813,#4814,#5989,.T.);
#3710=EDGE_CURVE('',#4815,#4814,#5990,.T.);
#3711=EDGE_CURVE('',#4815,#4812,#5991,.T.);
#3712=EDGE_CURVE('',#4814,#4816,#5992,.T.);
#3713=EDGE_CURVE('',#4816,#4817,#5993,.T.);
#3714=EDGE_CURVE('',#4817,#4815,#5994,.T.);
#3715=EDGE_CURVE('',#4818,#4819,#5995,.T.);
#3716=EDGE_CURVE('',#4819,#4817,#5996,.T.);
#3717=EDGE_CURVE('',#4816,#4818,#5997,.T.);
#3718=EDGE_CURVE('',#4569,#4819,#5998,.T.);
#3719=EDGE_CURVE('',#4818,#4568,#5999,.T.);
#3720=EDGE_CURVE('',#4820,#4821,#6000,.T.);
#3721=EDGE_CURVE('',#4821,#4822,#6001,.T.);
#3722=EDGE_CURVE('',#4822,#4823,#6002,.T.);
#3723=EDGE_CURVE('',#4823,#4820,#6003,.T.);
#3724=EDGE_CURVE('',#4822,#4824,#6004,.T.);
#3725=EDGE_CURVE('',#4825,#4824,#6005,.T.);
#3726=EDGE_CURVE('',#4825,#4823,#6006,.T.);
#3727=EDGE_CURVE('',#4824,#4826,#6007,.T.);
#3728=EDGE_CURVE('',#4827,#4826,#6008,.T.);
#3729=EDGE_CURVE('',#4827,#4825,#6009,.T.);
#3730=EDGE_CURVE('',#4826,#4828,#6010,.T.);
#3731=EDGE_CURVE('',#4829,#4828,#6011,.T.);
#3732=EDGE_CURVE('',#4829,#4827,#6012,.T.);
#3733=EDGE_CURVE('',#4830,#4829,#6013,.T.);
#3734=EDGE_CURVE('',#4828,#4831,#6014,.T.);
#3735=EDGE_CURVE('',#4831,#4830,#6015,.T.);
#3736=EDGE_CURVE('',#4832,#4830,#6016,.T.);
#3737=EDGE_CURVE('',#4831,#4833,#6017,.T.);
#3738=EDGE_CURVE('',#4833,#4832,#6018,.T.);
#3739=EDGE_CURVE('',#4834,#4835,#6019,.T.);
#3740=EDGE_CURVE('',#4835,#4832,#6020,.T.);
#3741=EDGE_CURVE('',#4833,#4834,#6021,.T.);
#3742=EDGE_CURVE('',#4836,#4837,#6022,.T.);
#3743=EDGE_CURVE('',#4837,#4835,#6023,.T.);
#3744=EDGE_CURVE('',#4834,#4836,#6024,.T.);
#3745=EDGE_CURVE('',#4836,#4838,#6025,.T.);
#3746=EDGE_CURVE('',#4839,#4838,#6026,.T.);
#3747=EDGE_CURVE('',#4839,#4837,#6027,.T.);
#3748=EDGE_CURVE('',#4838,#4840,#6028,.T.);
#3749=EDGE_CURVE('',#4840,#4841,#6029,.T.);
#3750=EDGE_CURVE('',#4841,#4839,#6030,.T.);
#3751=EDGE_CURVE('',#4840,#4842,#6031,.T.);
#3752=EDGE_CURVE('',#4842,#4843,#6032,.T.);
#3753=EDGE_CURVE('',#4843,#4841,#6033,.T.);
#3754=EDGE_CURVE('',#4844,#4845,#6034,.T.);
#3755=EDGE_CURVE('',#4845,#4843,#6035,.T.);
#3756=EDGE_CURVE('',#4842,#4844,#6036,.T.);
#3757=EDGE_CURVE('',#4844,#4846,#6037,.T.);
#3758=EDGE_CURVE('',#4846,#4847,#6038,.T.);
#3759=EDGE_CURVE('',#4847,#4845,#6039,.T.);
#3760=EDGE_CURVE('',#4848,#4847,#6040,.T.);
#3761=EDGE_CURVE('',#4846,#4849,#6041,.T.);
#3762=EDGE_CURVE('',#4848,#4849,#6042,.T.);
#3763=EDGE_CURVE('',#4849,#4850,#6043,.T.);
#3764=EDGE_CURVE('',#4851,#4850,#6044,.T.);
#3765=EDGE_CURVE('',#4851,#4848,#6045,.T.);
#3766=EDGE_CURVE('',#4852,#4851,#6046,.T.);
#3767=EDGE_CURVE('',#4850,#4853,#6047,.T.);
#3768=EDGE_CURVE('',#4853,#4852,#6048,.T.);
#3769=EDGE_CURVE('',#4854,#4855,#6049,.T.);
#3770=EDGE_CURVE('',#4855,#4852,#6050,.T.);
#3771=EDGE_CURVE('',#4853,#4854,#6051,.T.);
#3772=EDGE_CURVE('',#4856,#4857,#6052,.T.);
#3773=EDGE_CURVE('',#4856,#4855,#6053,.T.);
#3774=EDGE_CURVE('',#4854,#4857,#6054,.T.);
#3775=EDGE_CURVE('',#4857,#4858,#6055,.T.);
#3776=EDGE_CURVE('',#4859,#4858,#6056,.T.);
#3777=EDGE_CURVE('',#4859,#4856,#6057,.T.);
#3778=EDGE_CURVE('',#4858,#4860,#6058,.T.);
#3779=EDGE_CURVE('',#4860,#4861,#6059,.T.);
#3780=EDGE_CURVE('',#4861,#4859,#6060,.T.);
#3781=EDGE_CURVE('',#4860,#4862,#6061,.T.);
#3782=EDGE_CURVE('',#4863,#4862,#6062,.T.);
#3783=EDGE_CURVE('',#4863,#4861,#6063,.T.);
#3784=EDGE_CURVE('',#4862,#4864,#6064,.T.);
#3785=EDGE_CURVE('',#4864,#4865,#6065,.T.);
#3786=EDGE_CURVE('',#4865,#4863,#6066,.T.);
#3787=EDGE_CURVE('',#4864,#4866,#6067,.T.);
#3788=EDGE_CURVE('',#4866,#4867,#6068,.T.);
#3789=EDGE_CURVE('',#4867,#4865,#6069,.T.);
#3790=EDGE_CURVE('',#4868,#4869,#6070,.T.);
#3791=EDGE_CURVE('',#4869,#4867,#6071,.T.);
#3792=EDGE_CURVE('',#4866,#4868,#6072,.T.);
#3793=EDGE_CURVE('',#4868,#4870,#6073,.T.);
#3794=EDGE_CURVE('',#4871,#4870,#6074,.T.);
#3795=EDGE_CURVE('',#4871,#4869,#6075,.T.);
#3796=EDGE_CURVE('',#4870,#4872,#6076,.T.);
#3797=EDGE_CURVE('',#4873,#4872,#6077,.T.);
#3798=EDGE_CURVE('',#4873,#4871,#6078,.T.);
#3799=EDGE_CURVE('',#4872,#4874,#6079,.T.);
#3800=EDGE_CURVE('',#4875,#4874,#6080,.T.);
#3801=EDGE_CURVE('',#4875,#4873,#6081,.T.);
#3802=EDGE_CURVE('',#4874,#4876,#6082,.T.);
#3803=EDGE_CURVE('',#4876,#4877,#6083,.T.);
#3804=EDGE_CURVE('',#4877,#4875,#6084,.T.);
#3805=EDGE_CURVE('',#4876,#4878,#6085,.T.);
#3806=EDGE_CURVE('',#4878,#4879,#6086,.T.);
#3807=EDGE_CURVE('',#4879,#4877,#6087,.T.);
#3808=EDGE_CURVE('',#4878,#4880,#6088,.T.);
#3809=EDGE_CURVE('',#4881,#4880,#6089,.T.);
#3810=EDGE_CURVE('',#4881,#4879,#6090,.T.);
#3811=EDGE_CURVE('',#4880,#4882,#6091,.T.);
#3812=EDGE_CURVE('',#4883,#4882,#6092,.T.);
#3813=EDGE_CURVE('',#4883,#4881,#6093,.T.);
#3814=EDGE_CURVE('',#4882,#4884,#6094,.T.);
#3815=EDGE_CURVE('',#4884,#4885,#6095,.T.);
#3816=EDGE_CURVE('',#4885,#4883,#6096,.T.);
#3817=EDGE_CURVE('',#4886,#4885,#6097,.T.);
#3818=EDGE_CURVE('',#4884,#4887,#6098,.T.);
#3819=EDGE_CURVE('',#4887,#4886,#6099,.T.);
#3820=EDGE_CURVE('',#4888,#4886,#6100,.T.);
#3821=EDGE_CURVE('',#4887,#4889,#6101,.T.);
#3822=EDGE_CURVE('',#4889,#4888,#6102,.T.);
#3823=EDGE_CURVE('',#4890,#4891,#6103,.T.);
#3824=EDGE_CURVE('',#4890,#4888,#6104,.T.);
#3825=EDGE_CURVE('',#4889,#4891,#6105,.T.);
#3826=EDGE_CURVE('',#4891,#4892,#6106,.T.);
#3827=EDGE_CURVE('',#4893,#4892,#6107,.T.);
#3828=EDGE_CURVE('',#4893,#4890,#6108,.T.);
#3829=EDGE_CURVE('',#4892,#4894,#6109,.T.);
#3830=EDGE_CURVE('',#4895,#4894,#6110,.T.);
#3831=EDGE_CURVE('',#4895,#4893,#6111,.T.);
#3832=EDGE_CURVE('',#4896,#4895,#6112,.T.);
#3833=EDGE_CURVE('',#4894,#4897,#6113,.T.);
#3834=EDGE_CURVE('',#4897,#4896,#6114,.T.);
#3835=EDGE_CURVE('',#4898,#4896,#6115,.T.);
#3836=EDGE_CURVE('',#4897,#4899,#6116,.T.);
#3837=EDGE_CURVE('',#4899,#4898,#6117,.T.);
#3838=EDGE_CURVE('',#4900,#4898,#6118,.T.);
#3839=EDGE_CURVE('',#4899,#4901,#6119,.T.);
#3840=EDGE_CURVE('',#4901,#4900,#6120,.T.);
#3841=EDGE_CURVE('',#4901,#4902,#6121,.T.);
#3842=EDGE_CURVE('',#4903,#4902,#6122,.T.);
#3843=EDGE_CURVE('',#4903,#4900,#6123,.T.);
#3844=EDGE_CURVE('',#4902,#4904,#6124,.T.);
#3845=EDGE_CURVE('',#4905,#4904,#6125,.T.);
#3846=EDGE_CURVE('',#4905,#4903,#6126,.T.);
#3847=EDGE_CURVE('',#4904,#4906,#6127,.T.);
#3848=EDGE_CURVE('',#4907,#4906,#6128,.T.);
#3849=EDGE_CURVE('',#4907,#4905,#6129,.T.);
#3850=EDGE_CURVE('',#4906,#4908,#6130,.T.);
#3851=EDGE_CURVE('',#4909,#4908,#6131,.T.);
#3852=EDGE_CURVE('',#4909,#4907,#6132,.T.);
#3853=EDGE_CURVE('',#4908,#4910,#6133,.T.);
#3854=EDGE_CURVE('',#4911,#4910,#6134,.T.);
#3855=EDGE_CURVE('',#4911,#4909,#6135,.T.);
#3856=EDGE_CURVE('',#4910,#4912,#6136,.T.);
#3857=EDGE_CURVE('',#4913,#4912,#6137,.T.);
#3858=EDGE_CURVE('',#4913,#4911,#6138,.T.);
#3859=EDGE_CURVE('',#4912,#4914,#6139,.T.);
#3860=EDGE_CURVE('',#4915,#4914,#6140,.T.);
#3861=EDGE_CURVE('',#4915,#4913,#6141,.T.);
#3862=EDGE_CURVE('',#4914,#4916,#6142,.T.);
#3863=EDGE_CURVE('',#4917,#4916,#6143,.T.);
#3864=EDGE_CURVE('',#4917,#4915,#6144,.T.);
#3865=EDGE_CURVE('',#4916,#4918,#6145,.T.);
#3866=EDGE_CURVE('',#4919,#4918,#6146,.T.);
#3867=EDGE_CURVE('',#4919,#4917,#6147,.T.);
#3868=EDGE_CURVE('',#4918,#4920,#6148,.T.);
#3869=EDGE_CURVE('',#4921,#4920,#6149,.T.);
#3870=EDGE_CURVE('',#4921,#4919,#6150,.T.);
#3871=EDGE_CURVE('',#4920,#4922,#6151,.T.);
#3872=EDGE_CURVE('',#4923,#4922,#6152,.T.);
#3873=EDGE_CURVE('',#4923,#4921,#6153,.T.);
#3874=EDGE_CURVE('',#4922,#4924,#6154,.T.);
#3875=EDGE_CURVE('',#4925,#4924,#6155,.T.);
#3876=EDGE_CURVE('',#4925,#4923,#6156,.T.);
#3877=EDGE_CURVE('',#4924,#4926,#6157,.T.);
#3878=EDGE_CURVE('',#4927,#4926,#6158,.T.);
#3879=EDGE_CURVE('',#4927,#4925,#6159,.T.);
#3880=EDGE_CURVE('',#4926,#4928,#6160,.T.);
#3881=EDGE_CURVE('',#4929,#4928,#6161,.T.);
#3882=EDGE_CURVE('',#4929,#4927,#6162,.T.);
#3883=EDGE_CURVE('',#4928,#4930,#6163,.T.);
#3884=EDGE_CURVE('',#4931,#4930,#6164,.T.);
#3885=EDGE_CURVE('',#4931,#4929,#6165,.T.);
#3886=EDGE_CURVE('',#4930,#4932,#6166,.T.);
#3887=EDGE_CURVE('',#4933,#4932,#6167,.T.);
#3888=EDGE_CURVE('',#4933,#4931,#6168,.T.);
#3889=EDGE_CURVE('',#4932,#4934,#6169,.T.);
#3890=EDGE_CURVE('',#4935,#4934,#6170,.T.);
#3891=EDGE_CURVE('',#4935,#4933,#6171,.T.);
#3892=EDGE_CURVE('',#4934,#4936,#6172,.T.);
#3893=EDGE_CURVE('',#4937,#4936,#6173,.T.);
#3894=EDGE_CURVE('',#4937,#4935,#6174,.T.);
#3895=EDGE_CURVE('',#4936,#4938,#6175,.T.);
#3896=EDGE_CURVE('',#4939,#4938,#6176,.T.);
#3897=EDGE_CURVE('',#4939,#4937,#6177,.T.);
#3898=EDGE_CURVE('',#4938,#4940,#6178,.T.);
#3899=EDGE_CURVE('',#4941,#4940,#6179,.T.);
#3900=EDGE_CURVE('',#4941,#4939,#6180,.T.);
#3901=EDGE_CURVE('',#4940,#4942,#6181,.T.);
#3902=EDGE_CURVE('',#4943,#4942,#6182,.T.);
#3903=EDGE_CURVE('',#4943,#4941,#6183,.T.);
#3904=EDGE_CURVE('',#4942,#4944,#6184,.T.);
#3905=EDGE_CURVE('',#4945,#4944,#6185,.T.);
#3906=EDGE_CURVE('',#4945,#4943,#6186,.T.);
#3907=EDGE_CURVE('',#4944,#4946,#6187,.T.);
#3908=EDGE_CURVE('',#4947,#4946,#6188,.T.);
#3909=EDGE_CURVE('',#4947,#4945,#6189,.T.);
#3910=EDGE_CURVE('',#4946,#4948,#6190,.T.);
#3911=EDGE_CURVE('',#4949,#4948,#6191,.T.);
#3912=EDGE_CURVE('',#4949,#4947,#6192,.T.);
#3913=EDGE_CURVE('',#4948,#4950,#6193,.T.);
#3914=EDGE_CURVE('',#4951,#4950,#6194,.T.);
#3915=EDGE_CURVE('',#4951,#4949,#6195,.T.);
#3916=EDGE_CURVE('',#4950,#4952,#6196,.T.);
#3917=EDGE_CURVE('',#4953,#4952,#6197,.T.);
#3918=EDGE_CURVE('',#4953,#4951,#6198,.T.);
#3919=EDGE_CURVE('',#4952,#4954,#6199,.T.);
#3920=EDGE_CURVE('',#4955,#4954,#6200,.T.);
#3921=EDGE_CURVE('',#4955,#4953,#6201,.T.);
#3922=EDGE_CURVE('',#4954,#4956,#6202,.T.);
#3923=EDGE_CURVE('',#4957,#4956,#6203,.T.);
#3924=EDGE_CURVE('',#4957,#4955,#6204,.T.);
#3925=EDGE_CURVE('',#4956,#4958,#6205,.T.);
#3926=EDGE_CURVE('',#4959,#4958,#6206,.T.);
#3927=EDGE_CURVE('',#4959,#4957,#6207,.T.);
#3928=EDGE_CURVE('',#4958,#4960,#6208,.T.);
#3929=EDGE_CURVE('',#4961,#4960,#6209,.T.);
#3930=EDGE_CURVE('',#4961,#4959,#6210,.T.);
#3931=EDGE_CURVE('',#4962,#4963,#6211,.T.);
#3932=EDGE_CURVE('',#4963,#4961,#6212,.T.);
#3933=EDGE_CURVE('',#4960,#4962,#6213,.T.);
#3934=EDGE_CURVE('',#4962,#4964,#6214,.T.);
#3935=EDGE_CURVE('',#4965,#4964,#6215,.T.);
#3936=EDGE_CURVE('',#4965,#4963,#6216,.T.);
#3937=EDGE_CURVE('',#4964,#4966,#6217,.T.);
#3938=EDGE_CURVE('',#4966,#4967,#6218,.T.);
#3939=EDGE_CURVE('',#4967,#4965,#6219,.T.);
#3940=EDGE_CURVE('',#4966,#4968,#6220,.T.);
#3941=EDGE_CURVE('',#4968,#4969,#6221,.T.);
#3942=EDGE_CURVE('',#4969,#4967,#6222,.T.);
#3943=EDGE_CURVE('',#4970,#4971,#6223,.T.);
#3944=EDGE_CURVE('',#4971,#4969,#6224,.T.);
#3945=EDGE_CURVE('',#4968,#4970,#6225,.T.);
#3946=EDGE_CURVE('',#4970,#4972,#6226,.T.);
#3947=EDGE_CURVE('',#4972,#4973,#6227,.T.);
#3948=EDGE_CURVE('',#4973,#4971,#6228,.T.);
#3949=EDGE_CURVE('',#4974,#4973,#6229,.T.);
#3950=EDGE_CURVE('',#4972,#4975,#6230,.T.);
#3951=EDGE_CURVE('',#4974,#4975,#6231,.T.);
#3952=EDGE_CURVE('',#4975,#4976,#6232,.T.);
#3953=EDGE_CURVE('',#4976,#4977,#6233,.T.);
#3954=EDGE_CURVE('',#4977,#4974,#6234,.T.);
#3955=EDGE_CURVE('',#4978,#4976,#6235,.T.);
#3956=EDGE_CURVE('',#4979,#4978,#6236,.T.);
#3957=EDGE_CURVE('',#4979,#4977,#6237,.T.);
#3958=EDGE_CURVE('',#4978,#4980,#6238,.T.);
#3959=EDGE_CURVE('',#4980,#4981,#6239,.T.);
#3960=EDGE_CURVE('',#4981,#4979,#6240,.T.);
#3961=EDGE_CURVE('',#4980,#4982,#6241,.T.);
#3962=EDGE_CURVE('',#4983,#4982,#6242,.T.);
#3963=EDGE_CURVE('',#4983,#4981,#6243,.T.);
#3964=EDGE_CURVE('',#4982,#4984,#6244,.T.);
#3965=EDGE_CURVE('',#4985,#4984,#6245,.T.);
#3966=EDGE_CURVE('',#4985,#4983,#6246,.T.);
#3967=EDGE_CURVE('',#4984,#4986,#6247,.T.);
#3968=EDGE_CURVE('',#4987,#4986,#6248,.T.);
#3969=EDGE_CURVE('',#4987,#4985,#6249,.T.);
#3970=EDGE_CURVE('',#4988,#4987,#6250,.T.);
#3971=EDGE_CURVE('',#4986,#4989,#6251,.T.);
#3972=EDGE_CURVE('',#4989,#4988,#6252,.T.);
#3973=EDGE_CURVE('',#4990,#4988,#6253,.T.);
#3974=EDGE_CURVE('',#4989,#4991,#6254,.T.);
#3975=EDGE_CURVE('',#4991,#4990,#6255,.T.);
#3976=EDGE_CURVE('',#4992,#4993,#6256,.T.);
#3977=EDGE_CURVE('',#4993,#4990,#6257,.T.);
#3978=EDGE_CURVE('',#4991,#4992,#6258,.T.);
#3979=EDGE_CURVE('',#4994,#4995,#6259,.T.);
#3980=EDGE_CURVE('',#4995,#4993,#6260,.T.);
#3981=EDGE_CURVE('',#4992,#4994,#6261,.T.);
#3982=EDGE_CURVE('',#4994,#4996,#6262,.T.);
#3983=EDGE_CURVE('',#4997,#4996,#6263,.T.);
#3984=EDGE_CURVE('',#4997,#4995,#6264,.T.);
#3985=EDGE_CURVE('',#4996,#4998,#6265,.T.);
#3986=EDGE_CURVE('',#4998,#4999,#6266,.T.);
#3987=EDGE_CURVE('',#4999,#4997,#6267,.T.);
#3988=EDGE_CURVE('',#4998,#5000,#6268,.T.);
#3989=EDGE_CURVE('',#5000,#5001,#6269,.T.);
#3990=EDGE_CURVE('',#5001,#4999,#6270,.T.);
#3991=EDGE_CURVE('',#5002,#5003,#6271,.T.);
#3992=EDGE_CURVE('',#5003,#5001,#6272,.T.);
#3993=EDGE_CURVE('',#5000,#5002,#6273,.T.);
#3994=EDGE_CURVE('',#5002,#5004,#6274,.T.);
#3995=EDGE_CURVE('',#5004,#5005,#6275,.T.);
#3996=EDGE_CURVE('',#5005,#5003,#6276,.T.);
#3997=EDGE_CURVE('',#5006,#5005,#6277,.T.);
#3998=EDGE_CURVE('',#5004,#5007,#6278,.T.);
#3999=EDGE_CURVE('',#5006,#5007,#6279,.T.);
#4000=EDGE_CURVE('',#5007,#5008,#6280,.T.);
#4001=EDGE_CURVE('',#5009,#5008,#6281,.T.);
#4002=EDGE_CURVE('',#5009,#5006,#6282,.T.);
#4003=EDGE_CURVE('',#5010,#5009,#6283,.T.);
#4004=EDGE_CURVE('',#5008,#5011,#6284,.T.);
#4005=EDGE_CURVE('',#5011,#5010,#6285,.T.);
#4006=EDGE_CURVE('',#5012,#5013,#6286,.T.);
#4007=EDGE_CURVE('',#5013,#5010,#6287,.T.);
#4008=EDGE_CURVE('',#5011,#5012,#6288,.T.);
#4009=EDGE_CURVE('',#5014,#5015,#6289,.T.);
#4010=EDGE_CURVE('',#5014,#5013,#6290,.T.);
#4011=EDGE_CURVE('',#5012,#5015,#6291,.T.);
#4012=EDGE_CURVE('',#5015,#5016,#6292,.T.);
#4013=EDGE_CURVE('',#5017,#5016,#6293,.T.);
#4014=EDGE_CURVE('',#5017,#5014,#6294,.T.);
#4015=EDGE_CURVE('',#5016,#5018,#6295,.T.);
#4016=EDGE_CURVE('',#5018,#5019,#6296,.T.);
#4017=EDGE_CURVE('',#5019,#5017,#6297,.T.);
#4018=EDGE_CURVE('',#5018,#5020,#6298,.T.);
#4019=EDGE_CURVE('',#5021,#5020,#6299,.T.);
#4020=EDGE_CURVE('',#5021,#5019,#6300,.T.);
#4021=EDGE_CURVE('',#5020,#5022,#6301,.T.);
#4022=EDGE_CURVE('',#5022,#5023,#6302,.T.);
#4023=EDGE_CURVE('',#5023,#5021,#6303,.T.);
#4024=EDGE_CURVE('',#5022,#5024,#6304,.T.);
#4025=EDGE_CURVE('',#5024,#5025,#6305,.T.);
#4026=EDGE_CURVE('',#5025,#5023,#6306,.T.);
#4027=EDGE_CURVE('',#5026,#5027,#6307,.T.);
#4028=EDGE_CURVE('',#5027,#5025,#6308,.T.);
#4029=EDGE_CURVE('',#5024,#5026,#6309,.T.);
#4030=EDGE_CURVE('',#5026,#5028,#6310,.T.);
#4031=EDGE_CURVE('',#5029,#5028,#6311,.T.);
#4032=EDGE_CURVE('',#5029,#5027,#6312,.T.);
#4033=EDGE_CURVE('',#5028,#5030,#6313,.T.);
#4034=EDGE_CURVE('',#5031,#5030,#6314,.T.);
#4035=EDGE_CURVE('',#5031,#5029,#6315,.T.);
#4036=EDGE_CURVE('',#5030,#5032,#6316,.T.);
#4037=EDGE_CURVE('',#5033,#5032,#6317,.T.);
#4038=EDGE_CURVE('',#5033,#5031,#6318,.T.);
#4039=EDGE_CURVE('',#5032,#5034,#6319,.T.);
#4040=EDGE_CURVE('',#5034,#5035,#6320,.T.);
#4041=EDGE_CURVE('',#5035,#5033,#6321,.T.);
#4042=EDGE_CURVE('',#5034,#5036,#6322,.T.);
#4043=EDGE_CURVE('',#5036,#5037,#6323,.T.);
#4044=EDGE_CURVE('',#5037,#5035,#6324,.T.);
#4045=EDGE_CURVE('',#5036,#5038,#6325,.T.);
#4046=EDGE_CURVE('',#5039,#5038,#6326,.T.);
#4047=EDGE_CURVE('',#5039,#5037,#6327,.T.);
#4048=EDGE_CURVE('',#5038,#5040,#6328,.T.);
#4049=EDGE_CURVE('',#5041,#5040,#6329,.T.);
#4050=EDGE_CURVE('',#5041,#5039,#6330,.T.);
#4051=EDGE_CURVE('',#5040,#5042,#6331,.T.);
#4052=EDGE_CURVE('',#5042,#5043,#6332,.T.);
#4053=EDGE_CURVE('',#5043,#5041,#6333,.T.);
#4054=EDGE_CURVE('',#5044,#5043,#6334,.T.);
#4055=EDGE_CURVE('',#5042,#5045,#6335,.T.);
#4056=EDGE_CURVE('',#5045,#5044,#6336,.T.);
#4057=EDGE_CURVE('',#5046,#5044,#6337,.T.);
#4058=EDGE_CURVE('',#5045,#5047,#6338,.T.);
#4059=EDGE_CURVE('',#5047,#5046,#6339,.T.);
#4060=EDGE_CURVE('',#5048,#5049,#6340,.T.);
#4061=EDGE_CURVE('',#5048,#5046,#6341,.T.);
#4062=EDGE_CURVE('',#5047,#5049,#6342,.T.);
#4063=EDGE_CURVE('',#5049,#5050,#6343,.T.);
#4064=EDGE_CURVE('',#5051,#5050,#6344,.T.);
#4065=EDGE_CURVE('',#5051,#5048,#6345,.T.);
#4066=EDGE_CURVE('',#5050,#5052,#6346,.T.);
#4067=EDGE_CURVE('',#5053,#5052,#6347,.T.);
#4068=EDGE_CURVE('',#5053,#5051,#6348,.T.);
#4069=EDGE_CURVE('',#5054,#5053,#6349,.T.);
#4070=EDGE_CURVE('',#5052,#5055,#6350,.T.);
#4071=EDGE_CURVE('',#5055,#5054,#6351,.T.);
#4072=EDGE_CURVE('',#5056,#5054,#6352,.T.);
#4073=EDGE_CURVE('',#5055,#5057,#6353,.T.);
#4074=EDGE_CURVE('',#5057,#5056,#6354,.T.);
#4075=EDGE_CURVE('',#5058,#5056,#6355,.T.);
#4076=EDGE_CURVE('',#5057,#5059,#6356,.T.);
#4077=EDGE_CURVE('',#5059,#5058,#6357,.T.);
#4078=EDGE_CURVE('',#5059,#5060,#6358,.T.);
#4079=EDGE_CURVE('',#5061,#5060,#6359,.T.);
#4080=EDGE_CURVE('',#5061,#5058,#6360,.T.);
#4081=EDGE_CURVE('',#5060,#5062,#6361,.T.);
#4082=EDGE_CURVE('',#5063,#5062,#6362,.T.);
#4083=EDGE_CURVE('',#5063,#5061,#6363,.T.);
#4084=EDGE_CURVE('',#5062,#5064,#6364,.T.);
#4085=EDGE_CURVE('',#5065,#5064,#6365,.T.);
#4086=EDGE_CURVE('',#5065,#5063,#6366,.T.);
#4087=EDGE_CURVE('',#5064,#5066,#6367,.T.);
#4088=EDGE_CURVE('',#5067,#5066,#6368,.T.);
#4089=EDGE_CURVE('',#5067,#5065,#6369,.T.);
#4090=EDGE_CURVE('',#5066,#5068,#6370,.T.);
#4091=EDGE_CURVE('',#5069,#5068,#6371,.T.);
#4092=EDGE_CURVE('',#5069,#5067,#6372,.T.);
#4093=EDGE_CURVE('',#5068,#5070,#6373,.T.);
#4094=EDGE_CURVE('',#5071,#5070,#6374,.T.);
#4095=EDGE_CURVE('',#5071,#5069,#6375,.T.);
#4096=EDGE_CURVE('',#5070,#5072,#6376,.T.);
#4097=EDGE_CURVE('',#5073,#5072,#6377,.T.);
#4098=EDGE_CURVE('',#5073,#5071,#6378,.T.);
#4099=EDGE_CURVE('',#5072,#5074,#6379,.T.);
#4100=EDGE_CURVE('',#5075,#5074,#6380,.T.);
#4101=EDGE_CURVE('',#5075,#5073,#6381,.T.);
#4102=EDGE_CURVE('',#5074,#5076,#6382,.T.);
#4103=EDGE_CURVE('',#5077,#5076,#6383,.T.);
#4104=EDGE_CURVE('',#5077,#5075,#6384,.T.);
#4105=EDGE_CURVE('',#5076,#5078,#6385,.T.);
#4106=EDGE_CURVE('',#5079,#5078,#6386,.T.);
#4107=EDGE_CURVE('',#5079,#5077,#6387,.T.);
#4108=EDGE_CURVE('',#5078,#5080,#6388,.T.);
#4109=EDGE_CURVE('',#5081,#5080,#6389,.T.);
#4110=EDGE_CURVE('',#5081,#5079,#6390,.T.);
#4111=EDGE_CURVE('',#5080,#5082,#6391,.T.);
#4112=EDGE_CURVE('',#5083,#5082,#6392,.T.);
#4113=EDGE_CURVE('',#5083,#5081,#6393,.T.);
#4114=EDGE_CURVE('',#5082,#5084,#6394,.T.);
#4115=EDGE_CURVE('',#5085,#5084,#6395,.T.);
#4116=EDGE_CURVE('',#5085,#5083,#6396,.T.);
#4117=EDGE_CURVE('',#5084,#5086,#6397,.T.);
#4118=EDGE_CURVE('',#5087,#5086,#6398,.T.);
#4119=EDGE_CURVE('',#5087,#5085,#6399,.T.);
#4120=EDGE_CURVE('',#5086,#5088,#6400,.T.);
#4121=EDGE_CURVE('',#5089,#5088,#6401,.T.);
#4122=EDGE_CURVE('',#5089,#5087,#6402,.T.);
#4123=EDGE_CURVE('',#5088,#5090,#6403,.T.);
#4124=EDGE_CURVE('',#5091,#5090,#6404,.T.);
#4125=EDGE_CURVE('',#5091,#5089,#6405,.T.);
#4126=EDGE_CURVE('',#5090,#5092,#6406,.T.);
#4127=EDGE_CURVE('',#5093,#5092,#6407,.T.);
#4128=EDGE_CURVE('',#5093,#5091,#6408,.T.);
#4129=EDGE_CURVE('',#5092,#5094,#6409,.T.);
#4130=EDGE_CURVE('',#5095,#5094,#6410,.T.);
#4131=EDGE_CURVE('',#5095,#5093,#6411,.T.);
#4132=EDGE_CURVE('',#5094,#5096,#6412,.T.);
#4133=EDGE_CURVE('',#5097,#5096,#6413,.T.);
#4134=EDGE_CURVE('',#5097,#5095,#6414,.T.);
#4135=EDGE_CURVE('',#5096,#5098,#6415,.T.);
#4136=EDGE_CURVE('',#5099,#5098,#6416,.T.);
#4137=EDGE_CURVE('',#5099,#5097,#6417,.T.);
#4138=EDGE_CURVE('',#5098,#5100,#6418,.T.);
#4139=EDGE_CURVE('',#5101,#5100,#6419,.T.);
#4140=EDGE_CURVE('',#5101,#5099,#6420,.T.);
#4141=EDGE_CURVE('',#5100,#5102,#6421,.T.);
#4142=EDGE_CURVE('',#5103,#5102,#6422,.T.);
#4143=EDGE_CURVE('',#5103,#5101,#6423,.T.);
#4144=EDGE_CURVE('',#5102,#5104,#6424,.T.);
#4145=EDGE_CURVE('',#5105,#5104,#6425,.T.);
#4146=EDGE_CURVE('',#5105,#5103,#6426,.T.);
#4147=EDGE_CURVE('',#5104,#5106,#6427,.T.);
#4148=EDGE_CURVE('',#5107,#5106,#6428,.T.);
#4149=EDGE_CURVE('',#5107,#5105,#6429,.T.);
#4150=EDGE_CURVE('',#5106,#5108,#6430,.T.);
#4151=EDGE_CURVE('',#5109,#5108,#6431,.T.);
#4152=EDGE_CURVE('',#5109,#5107,#6432,.T.);
#4153=EDGE_CURVE('',#5108,#5110,#6433,.T.);
#4154=EDGE_CURVE('',#5111,#5110,#6434,.T.);
#4155=EDGE_CURVE('',#5111,#5109,#6435,.T.);
#4156=EDGE_CURVE('',#5110,#5112,#6436,.T.);
#4157=EDGE_CURVE('',#5113,#5112,#6437,.T.);
#4158=EDGE_CURVE('',#5113,#5111,#6438,.T.);
#4159=EDGE_CURVE('',#5112,#5114,#6439,.T.);
#4160=EDGE_CURVE('',#5115,#5114,#6440,.T.);
#4161=EDGE_CURVE('',#5115,#5113,#6441,.T.);
#4162=EDGE_CURVE('',#5114,#5116,#6442,.T.);
#4163=EDGE_CURVE('',#5117,#5116,#6443,.T.);
#4164=EDGE_CURVE('',#5117,#5115,#6444,.T.);
#4165=EDGE_CURVE('',#5116,#5118,#6445,.T.);
#4166=EDGE_CURVE('',#5119,#5118,#6446,.T.);
#4167=EDGE_CURVE('',#5119,#5117,#6447,.T.);
#4168=EDGE_CURVE('',#5120,#5121,#6448,.T.);
#4169=EDGE_CURVE('',#5121,#5119,#6449,.T.);
#4170=EDGE_CURVE('',#5118,#5120,#6450,.T.);
#4171=EDGE_CURVE('',#5120,#5122,#6451,.T.);
#4172=EDGE_CURVE('',#5123,#5122,#6452,.T.);
#4173=EDGE_CURVE('',#5123,#5121,#6453,.T.);
#4174=EDGE_CURVE('',#5122,#5124,#6454,.T.);
#4175=EDGE_CURVE('',#5124,#5125,#6455,.T.);
#4176=EDGE_CURVE('',#5125,#5123,#6456,.T.);
#4177=EDGE_CURVE('',#5124,#5126,#6457,.T.);
#4178=EDGE_CURVE('',#5126,#5127,#6458,.T.);
#4179=EDGE_CURVE('',#5127,#5125,#6459,.T.);
#4180=EDGE_CURVE('',#5128,#5129,#6460,.T.);
#4181=EDGE_CURVE('',#5129,#5127,#6461,.T.);
#4182=EDGE_CURVE('',#5126,#5128,#6462,.T.);
#4183=EDGE_CURVE('',#5128,#5130,#6463,.T.);
#4184=EDGE_CURVE('',#5130,#5131,#6464,.T.);
#4185=EDGE_CURVE('',#5131,#5129,#6465,.T.);
#4186=EDGE_CURVE('',#5132,#5131,#6466,.T.);
#4187=EDGE_CURVE('',#5130,#5133,#6467,.T.);
#4188=EDGE_CURVE('',#5132,#5133,#6468,.T.);
#4189=EDGE_CURVE('',#5133,#5134,#6469,.T.);
#4190=EDGE_CURVE('',#5134,#5135,#6470,.T.);
#4191=EDGE_CURVE('',#5135,#5132,#6471,.T.);
#4192=EDGE_CURVE('',#5136,#5134,#6472,.T.);
#4193=EDGE_CURVE('',#5137,#5136,#6473,.T.);
#4194=EDGE_CURVE('',#5137,#5135,#6474,.T.);
#4195=EDGE_CURVE('',#5138,#5136,#6475,.T.);
#4196=EDGE_CURVE('',#5138,#5139,#6476,.T.);
#4197=EDGE_CURVE('',#5139,#5137,#6477,.T.);
#4198=EDGE_CURVE('',#5140,#5139,#82,.T.);
#4199=EDGE_CURVE('',#5141,#5138,#83,.T.);
#4200=EDGE_CURVE('',#5141,#5140,#6478,.T.);
#4201=EDGE_CURVE('',#5141,#5142,#6479,.T.);
#4202=EDGE_CURVE('',#4821,#5142,#6480,.T.);
#4203=EDGE_CURVE('',#4820,#5143,#6481,.T.);
#4204=EDGE_CURVE('',#5143,#5142,#6482,.T.);
#4205=EDGE_CURVE('',#5140,#5143,#6483,.T.);
#4206=EDGE_CURVE('',#5144,#5144,#84,.T.);
#4207=EDGE_CURVE('',#5145,#5145,#85,.T.);
#4208=EDGE_CURVE('',#5146,#5146,#86,.T.);
#4209=EDGE_CURVE('',#5147,#5147,#87,.T.);
#4210=EDGE_CURVE('',#5148,#5148,#88,.T.);
#4211=EDGE_CURVE('',#5149,#5149,#89,.F.);
#4212=EDGE_CURVE('',#5150,#5150,#90,.T.);
#4213=EDGE_CURVE('',#5151,#5151,#91,.T.);
#4214=EDGE_CURVE('',#5152,#5152,#92,.T.);
#4215=EDGE_CURVE('',#5153,#5153,#93,.T.);
#4216=EDGE_CURVE('',#5154,#5154,#94,.T.);
#4217=EDGE_CURVE('',#5155,#5155,#95,.T.);
#4218=EDGE_CURVE('',#5156,#5156,#96,.T.);
#4219=EDGE_CURVE('',#5157,#5157,#97,.T.);
#4220=EDGE_CURVE('',#5158,#5158,#98,.T.);
#4221=EDGE_CURVE('',#5159,#5160,#6484,.T.);
#4222=EDGE_CURVE('',#5161,#5159,#6485,.T.);
#4223=EDGE_CURVE('',#5162,#5161,#6486,.T.);
#4224=EDGE_CURVE('',#5163,#5162,#6487,.T.);
#4225=EDGE_CURVE('',#5164,#5163,#6488,.T.);
#4226=EDGE_CURVE('',#5160,#5164,#6489,.T.);
#4227=EDGE_CURVE('',#5165,#5160,#6490,.T.);
#4228=EDGE_CURVE('',#5166,#5165,#6491,.T.);
#4229=EDGE_CURVE('',#5166,#5159,#6492,.T.);
#4230=EDGE_CURVE('',#5167,#5164,#6493,.T.);
#4231=EDGE_CURVE('',#5165,#5167,#6494,.T.);
#4232=EDGE_CURVE('',#5168,#5163,#6495,.T.);
#4233=EDGE_CURVE('',#5167,#5168,#6496,.T.);
#4234=EDGE_CURVE('',#5169,#5162,#6497,.T.);
#4235=EDGE_CURVE('',#5168,#5169,#6498,.T.);
#4236=EDGE_CURVE('',#5170,#5161,#6499,.T.);
#4237=EDGE_CURVE('',#5169,#5170,#6500,.T.);
#4238=EDGE_CURVE('',#5170,#5166,#6501,.T.);
#4239=EDGE_CURVE('',#5171,#5171,#99,.T.);
#4240=VERTEX_POINT('',#12793);
#4241=VERTEX_POINT('',#12794);
#4242=VERTEX_POINT('',#12796);
#4243=VERTEX_POINT('',#12798);
#4244=VERTEX_POINT('',#12802);
#4245=VERTEX_POINT('',#12804);
#4246=VERTEX_POINT('',#12806);
#4247=VERTEX_POINT('',#12808);
#4248=VERTEX_POINT('',#12810);
#4249=VERTEX_POINT('',#12814);
#4250=VERTEX_POINT('',#12815);
#4251=VERTEX_POINT('',#12820);
#4252=VERTEX_POINT('',#12822);
#4253=VERTEX_POINT('',#12826);
#4254=VERTEX_POINT('',#12830);
#4255=VERTEX_POINT('',#12834);
#4256=VERTEX_POINT('',#12838);
#4257=VERTEX_POINT('',#12842);
#4258=VERTEX_POINT('',#12845);
#4259=VERTEX_POINT('',#12846);
#4260=VERTEX_POINT('',#12850);
#4261=VERTEX_POINT('',#12865);
#4262=VERTEX_POINT('',#12880);
#4263=VERTEX_POINT('',#12884);
#4264=VERTEX_POINT('',#12885);
#4265=VERTEX_POINT('',#12887);
#4266=VERTEX_POINT('',#12889);
#4267=VERTEX_POINT('',#12893);
#4268=VERTEX_POINT('',#12895);
#4269=VERTEX_POINT('',#12899);
#4270=VERTEX_POINT('',#12901);
#4271=VERTEX_POINT('',#12905);
#4272=VERTEX_POINT('',#12906);
#4273=VERTEX_POINT('',#12911);
#4274=VERTEX_POINT('',#12913);
#4275=VERTEX_POINT('',#12917);
#4276=VERTEX_POINT('',#12919);
#4277=VERTEX_POINT('',#12923);
#4278=VERTEX_POINT('',#12925);
#4279=VERTEX_POINT('',#12929);
#4280=VERTEX_POINT('',#12931);
#4281=VERTEX_POINT('',#12936);
#4282=VERTEX_POINT('',#12938);
#4283=VERTEX_POINT('',#12942);
#4284=VERTEX_POINT('',#12943);
#4285=VERTEX_POINT('',#12948);
#4286=VERTEX_POINT('',#12949);
#4287=VERTEX_POINT('',#12954);
#4288=VERTEX_POINT('',#12956);
#4289=VERTEX_POINT('',#12960);
#4290=VERTEX_POINT('',#12962);
#4291=VERTEX_POINT('',#12966);
#4292=VERTEX_POINT('',#12967);
#4293=VERTEX_POINT('',#12972);
#4294=VERTEX_POINT('',#12974);
#4295=VERTEX_POINT('',#12979);
#4296=VERTEX_POINT('',#12981);
#4297=VERTEX_POINT('',#12985);
#4298=VERTEX_POINT('',#12989);
#4299=VERTEX_POINT('',#12997);
#4300=VERTEX_POINT('',#12999);
#4301=VERTEX_POINT('',#13002);
#4302=VERTEX_POINT('',#13004);
#4303=VERTEX_POINT('',#13007);
#4304=VERTEX_POINT('',#13009);
#4305=VERTEX_POINT('',#13061);
#4306=VERTEX_POINT('',#13113);
#4307=VERTEX_POINT('',#13165);
#4308=VERTEX_POINT('',#13246);
#4309=VERTEX_POINT('',#13334);
#4310=VERTEX_POINT('',#13415);
#4311=VERTEX_POINT('',#13418);
#4312=VERTEX_POINT('',#13420);
#4313=VERTEX_POINT('',#13423);
#4314=VERTEX_POINT('',#13426);
#4315=VERTEX_POINT('',#13427);
#4316=VERTEX_POINT('',#13429);
#4317=VERTEX_POINT('',#13431);
#4318=VERTEX_POINT('',#13435);
#4319=VERTEX_POINT('',#13437);
#4320=VERTEX_POINT('',#13441);
#4321=VERTEX_POINT('',#13443);
#4322=VERTEX_POINT('',#13447);
#4323=VERTEX_POINT('',#13449);
#4324=VERTEX_POINT('',#13453);
#4325=VERTEX_POINT('',#13455);
#4326=VERTEX_POINT('',#13459);
#4327=VERTEX_POINT('',#13461);
#4328=VERTEX_POINT('',#13465);
#4329=VERTEX_POINT('',#13466);
#4330=VERTEX_POINT('',#13471);
#4331=VERTEX_POINT('',#13473);
#4332=VERTEX_POINT('',#13477);
#4333=VERTEX_POINT('',#13478);
#4334=VERTEX_POINT('',#13483);
#4335=VERTEX_POINT('',#13485);
#4336=VERTEX_POINT('',#13489);
#4337=VERTEX_POINT('',#13491);
#4338=VERTEX_POINT('',#13495);
#4339=VERTEX_POINT('',#13497);
#4340=VERTEX_POINT('',#13501);
#4341=VERTEX_POINT('',#13503);
#4342=VERTEX_POINT('',#13507);
#4343=VERTEX_POINT('',#13509);
#4344=VERTEX_POINT('',#13513);
#4345=VERTEX_POINT('',#13515);
#4346=VERTEX_POINT('',#13519);
#4347=VERTEX_POINT('',#13521);
#4348=VERTEX_POINT('',#13525);
#4349=VERTEX_POINT('',#13526);
#4350=VERTEX_POINT('',#13531);
#4351=VERTEX_POINT('',#13532);
#4352=VERTEX_POINT('',#13537);
#4353=VERTEX_POINT('',#13539);
#4354=VERTEX_POINT('',#13543);
#4355=VERTEX_POINT('',#13545);
#4356=VERTEX_POINT('',#13549);
#4357=VERTEX_POINT('',#13551);
#4358=VERTEX_POINT('',#13555);
#4359=VERTEX_POINT('',#13556);
#4360=VERTEX_POINT('',#13561);
#4361=VERTEX_POINT('',#13563);
#4362=VERTEX_POINT('',#13567);
#4363=VERTEX_POINT('',#13569);
#4364=VERTEX_POINT('',#13573);
#4365=VERTEX_POINT('',#13575);
#4366=VERTEX_POINT('',#13579);
#4367=VERTEX_POINT('',#13581);
#4368=VERTEX_POINT('',#13585);
#4369=VERTEX_POINT('',#13586);
#4370=VERTEX_POINT('',#13591);
#4371=VERTEX_POINT('',#13592);
#4372=VERTEX_POINT('',#13597);
#4373=VERTEX_POINT('',#13599);
#4374=VERTEX_POINT('',#13603);
#4375=VERTEX_POINT('',#13605);
#4376=VERTEX_POINT('',#13609);
#4377=VERTEX_POINT('',#13611);
#4378=VERTEX_POINT('',#13615);
#4379=VERTEX_POINT('',#13617);
#4380=VERTEX_POINT('',#13621);
#4381=VERTEX_POINT('',#13623);
#4382=VERTEX_POINT('',#13627);
#4383=VERTEX_POINT('',#13628);
#4384=VERTEX_POINT('',#13633);
#4385=VERTEX_POINT('',#13635);
#4386=VERTEX_POINT('',#13639);
#4387=VERTEX_POINT('',#13641);
#4388=VERTEX_POINT('',#13645);
#4389=VERTEX_POINT('',#13647);
#4390=VERTEX_POINT('',#13651);
#4391=VERTEX_POINT('',#13653);
#4392=VERTEX_POINT('',#13657);
#4393=VERTEX_POINT('',#13659);
#4394=VERTEX_POINT('',#13663);
#4395=VERTEX_POINT('',#13665);
#4396=VERTEX_POINT('',#13669);
#4397=VERTEX_POINT('',#13671);
#4398=VERTEX_POINT('',#13675);
#4399=VERTEX_POINT('',#13677);
#4400=VERTEX_POINT('',#13681);
#4401=VERTEX_POINT('',#13683);
#4402=VERTEX_POINT('',#13687);
#4403=VERTEX_POINT('',#13689);
#4404=VERTEX_POINT('',#13693);
#4405=VERTEX_POINT('',#13694);
#4406=VERTEX_POINT('',#13699);
#4407=VERTEX_POINT('',#13701);
#4408=VERTEX_POINT('',#13705);
#4409=VERTEX_POINT('',#13707);
#4410=VERTEX_POINT('',#13711);
#4411=VERTEX_POINT('',#13713);
#4412=VERTEX_POINT('',#13717);
#4413=VERTEX_POINT('',#13719);
#4414=VERTEX_POINT('',#13723);
#4415=VERTEX_POINT('',#13725);
#4416=VERTEX_POINT('',#13729);
#4417=VERTEX_POINT('',#13731);
#4418=VERTEX_POINT('',#13735);
#4419=VERTEX_POINT('',#13737);
#4420=VERTEX_POINT('',#13741);
#4421=VERTEX_POINT('',#13743);
#4422=VERTEX_POINT('',#13747);
#4423=VERTEX_POINT('',#13749);
#4424=VERTEX_POINT('',#13753);
#4425=VERTEX_POINT('',#13755);
#4426=VERTEX_POINT('',#13759);
#4427=VERTEX_POINT('',#13761);
#4428=VERTEX_POINT('',#13765);
#4429=VERTEX_POINT('',#13767);
#4430=VERTEX_POINT('',#13771);
#4431=VERTEX_POINT('',#13773);
#4432=VERTEX_POINT('',#13777);
#4433=VERTEX_POINT('',#13779);
#4434=VERTEX_POINT('',#13783);
#4435=VERTEX_POINT('',#13785);
#4436=VERTEX_POINT('',#13789);
#4437=VERTEX_POINT('',#13791);
#4438=VERTEX_POINT('',#13795);
#4439=VERTEX_POINT('',#13797);
#4440=VERTEX_POINT('',#13801);
#4441=VERTEX_POINT('',#13803);
#4442=VERTEX_POINT('',#13807);
#4443=VERTEX_POINT('',#13809);
#4444=VERTEX_POINT('',#13813);
#4445=VERTEX_POINT('',#13815);
#4446=VERTEX_POINT('',#13819);
#4447=VERTEX_POINT('',#13821);
#4448=VERTEX_POINT('',#13825);
#4449=VERTEX_POINT('',#13827);
#4450=VERTEX_POINT('',#13831);
#4451=VERTEX_POINT('',#13833);
#4452=VERTEX_POINT('',#13837);
#4453=VERTEX_POINT('',#13839);
#4454=VERTEX_POINT('',#13843);
#4455=VERTEX_POINT('',#13845);
#4456=VERTEX_POINT('',#13849);
#4457=VERTEX_POINT('',#13851);
#4458=VERTEX_POINT('',#13855);
#4459=VERTEX_POINT('',#13857);
#4460=VERTEX_POINT('',#13861);
#4461=VERTEX_POINT('',#13863);
#4462=VERTEX_POINT('',#13867);
#4463=VERTEX_POINT('',#13869);
#4464=VERTEX_POINT('',#13873);
#4465=VERTEX_POINT('',#13875);
#4466=VERTEX_POINT('',#13879);
#4467=VERTEX_POINT('',#13881);
#4468=VERTEX_POINT('',#13885);
#4469=VERTEX_POINT('',#13887);
#4470=VERTEX_POINT('',#13891);
#4471=VERTEX_POINT('',#13893);
#4472=VERTEX_POINT('',#13897);
#4473=VERTEX_POINT('',#13899);
#4474=VERTEX_POINT('',#13903);
#4475=VERTEX_POINT('',#13905);
#4476=VERTEX_POINT('',#13909);
#4477=VERTEX_POINT('',#13910);
#4478=VERTEX_POINT('',#13915);
#4479=VERTEX_POINT('',#13917);
#4480=VERTEX_POINT('',#13921);
#4481=VERTEX_POINT('',#13923);
#4482=VERTEX_POINT('',#13927);
#4483=VERTEX_POINT('',#13929);
#4484=VERTEX_POINT('',#13933);
#4485=VERTEX_POINT('',#13934);
#4486=VERTEX_POINT('',#13939);
#4487=VERTEX_POINT('',#13941);
#4488=VERTEX_POINT('',#13945);
#4489=VERTEX_POINT('',#13947);
#4490=VERTEX_POINT('',#13951);
#4491=VERTEX_POINT('',#13953);
#4492=VERTEX_POINT('',#13957);
#4493=VERTEX_POINT('',#13959);
#4494=VERTEX_POINT('',#13963);
#4495=VERTEX_POINT('',#13964);
#4496=VERTEX_POINT('',#13969);
#4497=VERTEX_POINT('',#13970);
#4498=VERTEX_POINT('',#13975);
#4499=VERTEX_POINT('',#13977);
#4500=VERTEX_POINT('',#13981);
#4501=VERTEX_POINT('',#13982);
#4502=VERTEX_POINT('',#13987);
#4503=VERTEX_POINT('',#13989);
#4504=VERTEX_POINT('',#13993);
#4505=VERTEX_POINT('',#13995);
#4506=VERTEX_POINT('',#13999);
#4507=VERTEX_POINT('',#14001);
#4508=VERTEX_POINT('',#14005);
#4509=VERTEX_POINT('',#14006);
#4510=VERTEX_POINT('',#14011);
#4511=VERTEX_POINT('',#14013);
#4512=VERTEX_POINT('',#14017);
#4513=VERTEX_POINT('',#14019);
#4514=VERTEX_POINT('',#14023);
#4515=VERTEX_POINT('',#14025);
#4516=VERTEX_POINT('',#14029);
#4517=VERTEX_POINT('',#14031);
#4518=VERTEX_POINT('',#14035);
#4519=VERTEX_POINT('',#14037);
#4520=VERTEX_POINT('',#14041);
#4521=VERTEX_POINT('',#14043);
#4522=VERTEX_POINT('',#14047);
#4523=VERTEX_POINT('',#14049);
#4524=VERTEX_POINT('',#14053);
#4525=VERTEX_POINT('',#14055);
#4526=VERTEX_POINT('',#14059);
#4527=VERTEX_POINT('',#14061);
#4528=VERTEX_POINT('',#14065);
#4529=VERTEX_POINT('',#14067);
#4530=VERTEX_POINT('',#14071);
#4531=VERTEX_POINT('',#14073);
#4532=VERTEX_POINT('',#14077);
#4533=VERTEX_POINT('',#14079);
#4534=VERTEX_POINT('',#14083);
#4535=VERTEX_POINT('',#14085);
#4536=VERTEX_POINT('',#14089);
#4537=VERTEX_POINT('',#14091);
#4538=VERTEX_POINT('',#14095);
#4539=VERTEX_POINT('',#14097);
#4540=VERTEX_POINT('',#14101);
#4541=VERTEX_POINT('',#14103);
#4542=VERTEX_POINT('',#14107);
#4543=VERTEX_POINT('',#14109);
#4544=VERTEX_POINT('',#14113);
#4545=VERTEX_POINT('',#14115);
#4546=VERTEX_POINT('',#14119);
#4547=VERTEX_POINT('',#14121);
#4548=VERTEX_POINT('',#14125);
#4549=VERTEX_POINT('',#14127);
#4550=VERTEX_POINT('',#14131);
#4551=VERTEX_POINT('',#14133);
#4552=VERTEX_POINT('',#14137);
#4553=VERTEX_POINT('',#14139);
#4554=VERTEX_POINT('',#14143);
#4555=VERTEX_POINT('',#14145);
#4556=VERTEX_POINT('',#14149);
#4557=VERTEX_POINT('',#14151);
#4558=VERTEX_POINT('',#14155);
#4559=VERTEX_POINT('',#14157);
#4560=VERTEX_POINT('',#14161);
#4561=VERTEX_POINT('',#14163);
#4562=VERTEX_POINT('',#14167);
#4563=VERTEX_POINT('',#14169);
#4564=VERTEX_POINT('',#14173);
#4565=VERTEX_POINT('',#14174);
#4566=VERTEX_POINT('',#14182);
#4567=VERTEX_POINT('',#14184);
#4568=VERTEX_POINT('',#14187);
#4569=VERTEX_POINT('',#14188);
#4570=VERTEX_POINT('',#14190);
#4571=VERTEX_POINT('',#14192);
#4572=VERTEX_POINT('',#14196);
#4573=VERTEX_POINT('',#14198);
#4574=VERTEX_POINT('',#14202);
#4575=VERTEX_POINT('',#14204);
#4576=VERTEX_POINT('',#14208);
#4577=VERTEX_POINT('',#14210);
#4578=VERTEX_POINT('',#14214);
#4579=VERTEX_POINT('',#14216);
#4580=VERTEX_POINT('',#14220);
#4581=VERTEX_POINT('',#14222);
#4582=VERTEX_POINT('',#14226);
#4583=VERTEX_POINT('',#14227);
#4584=VERTEX_POINT('',#14232);
#4585=VERTEX_POINT('',#14234);
#4586=VERTEX_POINT('',#14238);
#4587=VERTEX_POINT('',#14239);
#4588=VERTEX_POINT('',#14244);
#4589=VERTEX_POINT('',#14246);
#4590=VERTEX_POINT('',#14250);
#4591=VERTEX_POINT('',#14252);
#4592=VERTEX_POINT('',#14256);
#4593=VERTEX_POINT('',#14258);
#4594=VERTEX_POINT('',#14262);
#4595=VERTEX_POINT('',#14264);
#4596=VERTEX_POINT('',#14268);
#4597=VERTEX_POINT('',#14270);
#4598=VERTEX_POINT('',#14274);
#4599=VERTEX_POINT('',#14276);
#4600=VERTEX_POINT('',#14280);
#4601=VERTEX_POINT('',#14282);
#4602=VERTEX_POINT('',#14286);
#4603=VERTEX_POINT('',#14287);
#4604=VERTEX_POINT('',#14292);
#4605=VERTEX_POINT('',#14293);
#4606=VERTEX_POINT('',#14298);
#4607=VERTEX_POINT('',#14300);
#4608=VERTEX_POINT('',#14304);
#4609=VERTEX_POINT('',#14306);
#4610=VERTEX_POINT('',#14310);
#4611=VERTEX_POINT('',#14312);
#4612=VERTEX_POINT('',#14316);
#4613=VERTEX_POINT('',#14317);
#4614=VERTEX_POINT('',#14322);
#4615=VERTEX_POINT('',#14324);
#4616=VERTEX_POINT('',#14328);
#4617=VERTEX_POINT('',#14330);
#4618=VERTEX_POINT('',#14334);
#4619=VERTEX_POINT('',#14336);
#4620=VERTEX_POINT('',#14340);
#4621=VERTEX_POINT('',#14342);
#4622=VERTEX_POINT('',#14346);
#4623=VERTEX_POINT('',#14347);
#4624=VERTEX_POINT('',#14352);
#4625=VERTEX_POINT('',#14353);
#4626=VERTEX_POINT('',#14358);
#4627=VERTEX_POINT('',#14360);
#4628=VERTEX_POINT('',#14364);
#4629=VERTEX_POINT('',#14366);
#4630=VERTEX_POINT('',#14370);
#4631=VERTEX_POINT('',#14372);
#4632=VERTEX_POINT('',#14376);
#4633=VERTEX_POINT('',#14378);
#4634=VERTEX_POINT('',#14382);
#4635=VERTEX_POINT('',#14384);
#4636=VERTEX_POINT('',#14388);
#4637=VERTEX_POINT('',#14389);
#4638=VERTEX_POINT('',#14394);
#4639=VERTEX_POINT('',#14396);
#4640=VERTEX_POINT('',#14400);
#4641=VERTEX_POINT('',#14402);
#4642=VERTEX_POINT('',#14406);
#4643=VERTEX_POINT('',#14408);
#4644=VERTEX_POINT('',#14412);
#4645=VERTEX_POINT('',#14414);
#4646=VERTEX_POINT('',#14418);
#4647=VERTEX_POINT('',#14420);
#4648=VERTEX_POINT('',#14424);
#4649=VERTEX_POINT('',#14426);
#4650=VERTEX_POINT('',#14430);
#4651=VERTEX_POINT('',#14432);
#4652=VERTEX_POINT('',#14436);
#4653=VERTEX_POINT('',#14438);
#4654=VERTEX_POINT('',#14442);
#4655=VERTEX_POINT('',#14444);
#4656=VERTEX_POINT('',#14448);
#4657=VERTEX_POINT('',#14450);
#4658=VERTEX_POINT('',#14454);
#4659=VERTEX_POINT('',#14455);
#4660=VERTEX_POINT('',#14460);
#4661=VERTEX_POINT('',#14462);
#4662=VERTEX_POINT('',#14466);
#4663=VERTEX_POINT('',#14468);
#4664=VERTEX_POINT('',#14472);
#4665=VERTEX_POINT('',#14474);
#4666=VERTEX_POINT('',#14478);
#4667=VERTEX_POINT('',#14480);
#4668=VERTEX_POINT('',#14484);
#4669=VERTEX_POINT('',#14486);
#4670=VERTEX_POINT('',#14490);
#4671=VERTEX_POINT('',#14492);
#4672=VERTEX_POINT('',#14496);
#4673=VERTEX_POINT('',#14498);
#4674=VERTEX_POINT('',#14502);
#4675=VERTEX_POINT('',#14504);
#4676=VERTEX_POINT('',#14508);
#4677=VERTEX_POINT('',#14510);
#4678=VERTEX_POINT('',#14514);
#4679=VERTEX_POINT('',#14516);
#4680=VERTEX_POINT('',#14520);
#4681=VERTEX_POINT('',#14522);
#4682=VERTEX_POINT('',#14526);
#4683=VERTEX_POINT('',#14528);
#4684=VERTEX_POINT('',#14532);
#4685=VERTEX_POINT('',#14534);
#4686=VERTEX_POINT('',#14538);
#4687=VERTEX_POINT('',#14540);
#4688=VERTEX_POINT('',#14544);
#4689=VERTEX_POINT('',#14546);
#4690=VERTEX_POINT('',#14550);
#4691=VERTEX_POINT('',#14552);
#4692=VERTEX_POINT('',#14556);
#4693=VERTEX_POINT('',#14558);
#4694=VERTEX_POINT('',#14562);
#4695=VERTEX_POINT('',#14564);
#4696=VERTEX_POINT('',#14568);
#4697=VERTEX_POINT('',#14570);
#4698=VERTEX_POINT('',#14574);
#4699=VERTEX_POINT('',#14576);
#4700=VERTEX_POINT('',#14580);
#4701=VERTEX_POINT('',#14582);
#4702=VERTEX_POINT('',#14586);
#4703=VERTEX_POINT('',#14588);
#4704=VERTEX_POINT('',#14592);
#4705=VERTEX_POINT('',#14594);
#4706=VERTEX_POINT('',#14598);
#4707=VERTEX_POINT('',#14600);
#4708=VERTEX_POINT('',#14604);
#4709=VERTEX_POINT('',#14606);
#4710=VERTEX_POINT('',#14610);
#4711=VERTEX_POINT('',#14612);
#4712=VERTEX_POINT('',#14616);
#4713=VERTEX_POINT('',#14618);
#4714=VERTEX_POINT('',#14622);
#4715=VERTEX_POINT('',#14624);
#4716=VERTEX_POINT('',#14628);
#4717=VERTEX_POINT('',#14630);
#4718=VERTEX_POINT('',#14634);
#4719=VERTEX_POINT('',#14636);
#4720=VERTEX_POINT('',#14640);
#4721=VERTEX_POINT('',#14642);
#4722=VERTEX_POINT('',#14646);
#4723=VERTEX_POINT('',#14648);
#4724=VERTEX_POINT('',#14652);
#4725=VERTEX_POINT('',#14654);
#4726=VERTEX_POINT('',#14658);
#4727=VERTEX_POINT('',#14660);
#4728=VERTEX_POINT('',#14664);
#4729=VERTEX_POINT('',#14666);
#4730=VERTEX_POINT('',#14670);
#4731=VERTEX_POINT('',#14671);
#4732=VERTEX_POINT('',#14676);
#4733=VERTEX_POINT('',#14678);
#4734=VERTEX_POINT('',#14682);
#4735=VERTEX_POINT('',#14684);
#4736=VERTEX_POINT('',#14688);
#4737=VERTEX_POINT('',#14690);
#4738=VERTEX_POINT('',#14694);
#4739=VERTEX_POINT('',#14695);
#4740=VERTEX_POINT('',#14700);
#4741=VERTEX_POINT('',#14702);
#4742=VERTEX_POINT('',#14706);
#4743=VERTEX_POINT('',#14708);
#4744=VERTEX_POINT('',#14712);
#4745=VERTEX_POINT('',#14714);
#4746=VERTEX_POINT('',#14718);
#4747=VERTEX_POINT('',#14720);
#4748=VERTEX_POINT('',#14724);
#4749=VERTEX_POINT('',#14725);
#4750=VERTEX_POINT('',#14730);
#4751=VERTEX_POINT('',#14731);
#4752=VERTEX_POINT('',#14736);
#4753=VERTEX_POINT('',#14738);
#4754=VERTEX_POINT('',#14742);
#4755=VERTEX_POINT('',#14743);
#4756=VERTEX_POINT('',#14748);
#4757=VERTEX_POINT('',#14750);
#4758=VERTEX_POINT('',#14754);
#4759=VERTEX_POINT('',#14756);
#4760=VERTEX_POINT('',#14760);
#4761=VERTEX_POINT('',#14762);
#4762=VERTEX_POINT('',#14766);
#4763=VERTEX_POINT('',#14767);
#4764=VERTEX_POINT('',#14772);
#4765=VERTEX_POINT('',#14774);
#4766=VERTEX_POINT('',#14778);
#4767=VERTEX_POINT('',#14780);
#4768=VERTEX_POINT('',#14784);
#4769=VERTEX_POINT('',#14786);
#4770=VERTEX_POINT('',#14790);
#4771=VERTEX_POINT('',#14792);
#4772=VERTEX_POINT('',#14796);
#4773=VERTEX_POINT('',#14798);
#4774=VERTEX_POINT('',#14802);
#4775=VERTEX_POINT('',#14804);
#4776=VERTEX_POINT('',#14808);
#4777=VERTEX_POINT('',#14810);
#4778=VERTEX_POINT('',#14814);
#4779=VERTEX_POINT('',#14816);
#4780=VERTEX_POINT('',#14820);
#4781=VERTEX_POINT('',#14822);
#4782=VERTEX_POINT('',#14826);
#4783=VERTEX_POINT('',#14828);
#4784=VERTEX_POINT('',#14832);
#4785=VERTEX_POINT('',#14834);
#4786=VERTEX_POINT('',#14838);
#4787=VERTEX_POINT('',#14840);
#4788=VERTEX_POINT('',#14844);
#4789=VERTEX_POINT('',#14846);
#4790=VERTEX_POINT('',#14850);
#4791=VERTEX_POINT('',#14852);
#4792=VERTEX_POINT('',#14856);
#4793=VERTEX_POINT('',#14858);
#4794=VERTEX_POINT('',#14862);
#4795=VERTEX_POINT('',#14864);
#4796=VERTEX_POINT('',#14868);
#4797=VERTEX_POINT('',#14870);
#4798=VERTEX_POINT('',#14874);
#4799=VERTEX_POINT('',#14876);
#4800=VERTEX_POINT('',#14880);
#4801=VERTEX_POINT('',#14882);
#4802=VERTEX_POINT('',#14886);
#4803=VERTEX_POINT('',#14888);
#4804=VERTEX_POINT('',#14892);
#4805=VERTEX_POINT('',#14894);
#4806=VERTEX_POINT('',#14898);
#4807=VERTEX_POINT('',#14900);
#4808=VERTEX_POINT('',#14904);
#4809=VERTEX_POINT('',#14906);
#4810=VERTEX_POINT('',#14910);
#4811=VERTEX_POINT('',#14912);
#4812=VERTEX_POINT('',#14916);
#4813=VERTEX_POINT('',#14918);
#4814=VERTEX_POINT('',#14922);
#4815=VERTEX_POINT('',#14924);
#4816=VERTEX_POINT('',#14928);
#4817=VERTEX_POINT('',#14930);
#4818=VERTEX_POINT('',#14934);
#4819=VERTEX_POINT('',#14935);
#4820=VERTEX_POINT('',#14943);
#4821=VERTEX_POINT('',#14944);
#4822=VERTEX_POINT('',#14946);
#4823=VERTEX_POINT('',#14948);
#4824=VERTEX_POINT('',#14952);
#4825=VERTEX_POINT('',#14954);
#4826=VERTEX_POINT('',#14958);
#4827=VERTEX_POINT('',#14960);
#4828=VERTEX_POINT('',#14964);
#4829=VERTEX_POINT('',#14966);
#4830=VERTEX_POINT('',#14970);
#4831=VERTEX_POINT('',#14972);
#4832=VERTEX_POINT('',#14976);
#4833=VERTEX_POINT('',#14978);
#4834=VERTEX_POINT('',#14982);
#4835=VERTEX_POINT('',#14983);
#4836=VERTEX_POINT('',#14988);
#4837=VERTEX_POINT('',#14989);
#4838=VERTEX_POINT('',#14994);
#4839=VERTEX_POINT('',#14996);
#4840=VERTEX_POINT('',#15000);
#4841=VERTEX_POINT('',#15002);
#4842=VERTEX_POINT('',#15006);
#4843=VERTEX_POINT('',#15008);
#4844=VERTEX_POINT('',#15012);
#4845=VERTEX_POINT('',#15013);
#4846=VERTEX_POINT('',#15018);
#4847=VERTEX_POINT('',#15020);
#4848=VERTEX_POINT('',#15024);
#4849=VERTEX_POINT('',#15026);
#4850=VERTEX_POINT('',#15030);
#4851=VERTEX_POINT('',#15032);
#4852=VERTEX_POINT('',#15036);
#4853=VERTEX_POINT('',#15038);
#4854=VERTEX_POINT('',#15042);
#4855=VERTEX_POINT('',#15043);
#4856=VERTEX_POINT('',#15048);
#4857=VERTEX_POINT('',#15049);
#4858=VERTEX_POINT('',#15054);
#4859=VERTEX_POINT('',#15056);
#4860=VERTEX_POINT('',#15060);
#4861=VERTEX_POINT('',#15062);
#4862=VERTEX_POINT('',#15066);
#4863=VERTEX_POINT('',#15068);
#4864=VERTEX_POINT('',#15072);
#4865=VERTEX_POINT('',#15074);
#4866=VERTEX_POINT('',#15078);
#4867=VERTEX_POINT('',#15080);
#4868=VERTEX_POINT('',#15084);
#4869=VERTEX_POINT('',#15085);
#4870=VERTEX_POINT('',#15090);
#4871=VERTEX_POINT('',#15092);
#4872=VERTEX_POINT('',#15096);
#4873=VERTEX_POINT('',#15098);
#4874=VERTEX_POINT('',#15102);
#4875=VERTEX_POINT('',#15104);
#4876=VERTEX_POINT('',#15108);
#4877=VERTEX_POINT('',#15110);
#4878=VERTEX_POINT('',#15114);
#4879=VERTEX_POINT('',#15116);
#4880=VERTEX_POINT('',#15120);
#4881=VERTEX_POINT('',#15122);
#4882=VERTEX_POINT('',#15126);
#4883=VERTEX_POINT('',#15128);
#4884=VERTEX_POINT('',#15132);
#4885=VERTEX_POINT('',#15134);
#4886=VERTEX_POINT('',#15138);
#4887=VERTEX_POINT('',#15140);
#4888=VERTEX_POINT('',#15144);
#4889=VERTEX_POINT('',#15146);
#4890=VERTEX_POINT('',#15150);
#4891=VERTEX_POINT('',#15151);
#4892=VERTEX_POINT('',#15156);
#4893=VERTEX_POINT('',#15158);
#4894=VERTEX_POINT('',#15162);
#4895=VERTEX_POINT('',#15164);
#4896=VERTEX_POINT('',#15168);
#4897=VERTEX_POINT('',#15170);
#4898=VERTEX_POINT('',#15174);
#4899=VERTEX_POINT('',#15176);
#4900=VERTEX_POINT('',#15180);
#4901=VERTEX_POINT('',#15182);
#4902=VERTEX_POINT('',#15186);
#4903=VERTEX_POINT('',#15188);
#4904=VERTEX_POINT('',#15192);
#4905=VERTEX_POINT('',#15194);
#4906=VERTEX_POINT('',#15198);
#4907=VERTEX_POINT('',#15200);
#4908=VERTEX_POINT('',#15204);
#4909=VERTEX_POINT('',#15206);
#4910=VERTEX_POINT('',#15210);
#4911=VERTEX_POINT('',#15212);
#4912=VERTEX_POINT('',#15216);
#4913=VERTEX_POINT('',#15218);
#4914=VERTEX_POINT('',#15222);
#4915=VERTEX_POINT('',#15224);
#4916=VERTEX_POINT('',#15228);
#4917=VERTEX_POINT('',#15230);
#4918=VERTEX_POINT('',#15234);
#4919=VERTEX_POINT('',#15236);
#4920=VERTEX_POINT('',#15240);
#4921=VERTEX_POINT('',#15242);
#4922=VERTEX_POINT('',#15246);
#4923=VERTEX_POINT('',#15248);
#4924=VERTEX_POINT('',#15252);
#4925=VERTEX_POINT('',#15254);
#4926=VERTEX_POINT('',#15258);
#4927=VERTEX_POINT('',#15260);
#4928=VERTEX_POINT('',#15264);
#4929=VERTEX_POINT('',#15266);
#4930=VERTEX_POINT('',#15270);
#4931=VERTEX_POINT('',#15272);
#4932=VERTEX_POINT('',#15276);
#4933=VERTEX_POINT('',#15278);
#4934=VERTEX_POINT('',#15282);
#4935=VERTEX_POINT('',#15284);
#4936=VERTEX_POINT('',#15288);
#4937=VERTEX_POINT('',#15290);
#4938=VERTEX_POINT('',#15294);
#4939=VERTEX_POINT('',#15296);
#4940=VERTEX_POINT('',#15300);
#4941=VERTEX_POINT('',#15302);
#4942=VERTEX_POINT('',#15306);
#4943=VERTEX_POINT('',#15308);
#4944=VERTEX_POINT('',#15312);
#4945=VERTEX_POINT('',#15314);
#4946=VERTEX_POINT('',#15318);
#4947=VERTEX_POINT('',#15320);
#4948=VERTEX_POINT('',#15324);
#4949=VERTEX_POINT('',#15326);
#4950=VERTEX_POINT('',#15330);
#4951=VERTEX_POINT('',#15332);
#4952=VERTEX_POINT('',#15336);
#4953=VERTEX_POINT('',#15338);
#4954=VERTEX_POINT('',#15342);
#4955=VERTEX_POINT('',#15344);
#4956=VERTEX_POINT('',#15348);
#4957=VERTEX_POINT('',#15350);
#4958=VERTEX_POINT('',#15354);
#4959=VERTEX_POINT('',#15356);
#4960=VERTEX_POINT('',#15360);
#4961=VERTEX_POINT('',#15362);
#4962=VERTEX_POINT('',#15366);
#4963=VERTEX_POINT('',#15367);
#4964=VERTEX_POINT('',#15372);
#4965=VERTEX_POINT('',#15374);
#4966=VERTEX_POINT('',#15378);
#4967=VERTEX_POINT('',#15380);
#4968=VERTEX_POINT('',#15384);
#4969=VERTEX_POINT('',#15386);
#4970=VERTEX_POINT('',#15390);
#4971=VERTEX_POINT('',#15391);
#4972=VERTEX_POINT('',#15396);
#4973=VERTEX_POINT('',#15398);
#4974=VERTEX_POINT('',#15402);
#4975=VERTEX_POINT('',#15404);
#4976=VERTEX_POINT('',#15408);
#4977=VERTEX_POINT('',#15410);
#4978=VERTEX_POINT('',#15414);
#4979=VERTEX_POINT('',#15416);
#4980=VERTEX_POINT('',#15420);
#4981=VERTEX_POINT('',#15422);
#4982=VERTEX_POINT('',#15426);
#4983=VERTEX_POINT('',#15428);
#4984=VERTEX_POINT('',#15432);
#4985=VERTEX_POINT('',#15434);
#4986=VERTEX_POINT('',#15438);
#4987=VERTEX_POINT('',#15440);
#4988=VERTEX_POINT('',#15444);
#4989=VERTEX_POINT('',#15446);
#4990=VERTEX_POINT('',#15450);
#4991=VERTEX_POINT('',#15452);
#4992=VERTEX_POINT('',#15456);
#4993=VERTEX_POINT('',#15457);
#4994=VERTEX_POINT('',#15462);
#4995=VERTEX_POINT('',#15463);
#4996=VERTEX_POINT('',#15468);
#4997=VERTEX_POINT('',#15470);
#4998=VERTEX_POINT('',#15474);
#4999=VERTEX_POINT('',#15476);
#5000=VERTEX_POINT('',#15480);
#5001=VERTEX_POINT('',#15482);
#5002=VERTEX_POINT('',#15486);
#5003=VERTEX_POINT('',#15487);
#5004=VERTEX_POINT('',#15492);
#5005=VERTEX_POINT('',#15494);
#5006=VERTEX_POINT('',#15498);
#5007=VERTEX_POINT('',#15500);
#5008=VERTEX_POINT('',#15504);
#5009=VERTEX_POINT('',#15506);
#5010=VERTEX_POINT('',#15510);
#5011=VERTEX_POINT('',#15512);
#5012=VERTEX_POINT('',#15516);
#5013=VERTEX_POINT('',#15517);
#5014=VERTEX_POINT('',#15522);
#5015=VERTEX_POINT('',#15523);
#5016=VERTEX_POINT('',#15528);
#5017=VERTEX_POINT('',#15530);
#5018=VERTEX_POINT('',#15534);
#5019=VERTEX_POINT('',#15536);
#5020=VERTEX_POINT('',#15540);
#5021=VERTEX_POINT('',#15542);
#5022=VERTEX_POINT('',#15546);
#5023=VERTEX_POINT('',#15548);
#5024=VERTEX_POINT('',#15552);
#5025=VERTEX_POINT('',#15554);
#5026=VERTEX_POINT('',#15558);
#5027=VERTEX_POINT('',#15559);
#5028=VERTEX_POINT('',#15564);
#5029=VERTEX_POINT('',#15566);
#5030=VERTEX_POINT('',#15570);
#5031=VERTEX_POINT('',#15572);
#5032=VERTEX_POINT('',#15576);
#5033=VERTEX_POINT('',#15578);
#5034=VERTEX_POINT('',#15582);
#5035=VERTEX_POINT('',#15584);
#5036=VERTEX_POINT('',#15588);
#5037=VERTEX_POINT('',#15590);
#5038=VERTEX_POINT('',#15594);
#5039=VERTEX_POINT('',#15596);
#5040=VERTEX_POINT('',#15600);
#5041=VERTEX_POINT('',#15602);
#5042=VERTEX_POINT('',#15606);
#5043=VERTEX_POINT('',#15608);
#5044=VERTEX_POINT('',#15612);
#5045=VERTEX_POINT('',#15614);
#5046=VERTEX_POINT('',#15618);
#5047=VERTEX_POINT('',#15620);
#5048=VERTEX_POINT('',#15624);
#5049=VERTEX_POINT('',#15625);
#5050=VERTEX_POINT('',#15630);
#5051=VERTEX_POINT('',#15632);
#5052=VERTEX_POINT('',#15636);
#5053=VERTEX_POINT('',#15638);
#5054=VERTEX_POINT('',#15642);
#5055=VERTEX_POINT('',#15644);
#5056=VERTEX_POINT('',#15648);
#5057=VERTEX_POINT('',#15650);
#5058=VERTEX_POINT('',#15654);
#5059=VERTEX_POINT('',#15656);
#5060=VERTEX_POINT('',#15660);
#5061=VERTEX_POINT('',#15662);
#5062=VERTEX_POINT('',#15666);
#5063=VERTEX_POINT('',#15668);
#5064=VERTEX_POINT('',#15672);
#5065=VERTEX_POINT('',#15674);
#5066=VERTEX_POINT('',#15678);
#5067=VERTEX_POINT('',#15680);
#5068=VERTEX_POINT('',#15684);
#5069=VERTEX_POINT('',#15686);
#5070=VERTEX_POINT('',#15690);
#5071=VERTEX_POINT('',#15692);
#5072=VERTEX_POINT('',#15696);
#5073=VERTEX_POINT('',#15698);
#5074=VERTEX_POINT('',#15702);
#5075=VERTEX_POINT('',#15704);
#5076=VERTEX_POINT('',#15708);
#5077=VERTEX_POINT('',#15710);
#5078=VERTEX_POINT('',#15714);
#5079=VERTEX_POINT('',#15716);
#5080=VERTEX_POINT('',#15720);
#5081=VERTEX_POINT('',#15722);
#5082=VERTEX_POINT('',#15726);
#5083=VERTEX_POINT('',#15728);
#5084=VERTEX_POINT('',#15732);
#5085=VERTEX_POINT('',#15734);
#5086=VERTEX_POINT('',#15738);
#5087=VERTEX_POINT('',#15740);
#5088=VERTEX_POINT('',#15744);
#5089=VERTEX_POINT('',#15746);
#5090=VERTEX_POINT('',#15750);
#5091=VERTEX_POINT('',#15752);
#5092=VERTEX_POINT('',#15756);
#5093=VERTEX_POINT('',#15758);
#5094=VERTEX_POINT('',#15762);
#5095=VERTEX_POINT('',#15764);
#5096=VERTEX_POINT('',#15768);
#5097=VERTEX_POINT('',#15770);
#5098=VERTEX_POINT('',#15774);
#5099=VERTEX_POINT('',#15776);
#5100=VERTEX_POINT('',#15780);
#5101=VERTEX_POINT('',#15782);
#5102=VERTEX_POINT('',#15786);
#5103=VERTEX_POINT('',#15788);
#5104=VERTEX_POINT('',#15792);
#5105=VERTEX_POINT('',#15794);
#5106=VERTEX_POINT('',#15798);
#5107=VERTEX_POINT('',#15800);
#5108=VERTEX_POINT('',#15804);
#5109=VERTEX_POINT('',#15806);
#5110=VERTEX_POINT('',#15810);
#5111=VERTEX_POINT('',#15812);
#5112=VERTEX_POINT('',#15816);
#5113=VERTEX_POINT('',#15818);
#5114=VERTEX_POINT('',#15822);
#5115=VERTEX_POINT('',#15824);
#5116=VERTEX_POINT('',#15828);
#5117=VERTEX_POINT('',#15830);
#5118=VERTEX_POINT('',#15834);
#5119=VERTEX_POINT('',#15836);
#5120=VERTEX_POINT('',#15840);
#5121=VERTEX_POINT('',#15841);
#5122=VERTEX_POINT('',#15846);
#5123=VERTEX_POINT('',#15848);
#5124=VERTEX_POINT('',#15852);
#5125=VERTEX_POINT('',#15854);
#5126=VERTEX_POINT('',#15858);
#5127=VERTEX_POINT('',#15860);
#5128=VERTEX_POINT('',#15864);
#5129=VERTEX_POINT('',#15865);
#5130=VERTEX_POINT('',#15870);
#5131=VERTEX_POINT('',#15872);
#5132=VERTEX_POINT('',#15876);
#5133=VERTEX_POINT('',#15878);
#5134=VERTEX_POINT('',#15882);
#5135=VERTEX_POINT('',#15884);
#5136=VERTEX_POINT('',#15888);
#5137=VERTEX_POINT('',#15890);
#5138=VERTEX_POINT('',#15894);
#5139=VERTEX_POINT('',#15896);
#5140=VERTEX_POINT('',#15900);
#5141=VERTEX_POINT('',#15902);
#5142=VERTEX_POINT('',#15906);
#5143=VERTEX_POINT('',#15910);
#5144=VERTEX_POINT('',#15918);
#5145=VERTEX_POINT('',#15920);
#5146=VERTEX_POINT('',#15923);
#5147=VERTEX_POINT('',#15926);
#5148=VERTEX_POINT('',#15929);
#5149=VERTEX_POINT('',#15932);
#5150=VERTEX_POINT('',#15934);
#5151=VERTEX_POINT('',#15937);
#5152=VERTEX_POINT('',#15940);
#5153=VERTEX_POINT('',#15943);
#5154=VERTEX_POINT('',#15946);
#5155=VERTEX_POINT('',#15949);
#5156=VERTEX_POINT('',#15953);
#5157=VERTEX_POINT('',#15956);
#5158=VERTEX_POINT('',#15959);
#5159=VERTEX_POINT('',#15962);
#5160=VERTEX_POINT('',#15963);
#5161=VERTEX_POINT('',#15965);
#5162=VERTEX_POINT('',#15967);
#5163=VERTEX_POINT('',#15969);
#5164=VERTEX_POINT('',#15971);
#5165=VERTEX_POINT('',#15975);
#5166=VERTEX_POINT('',#15977);
#5167=VERTEX_POINT('',#15981);
#5168=VERTEX_POINT('',#15985);
#5169=VERTEX_POINT('',#15989);
#5170=VERTEX_POINT('',#15993);
#5171=VERTEX_POINT('',#16000);
#5172=LINE('',#12792,#6502);
#5173=LINE('',#12795,#6503);
#5174=LINE('',#12797,#6504);
#5175=LINE('',#12799,#6505);
#5176=LINE('',#12803,#6506);
#5177=LINE('',#12805,#6507);
#5178=LINE('',#12807,#6508);
#5179=LINE('',#12809,#6509);
#5180=LINE('',#12811,#6510);
#5181=LINE('',#12813,#6511);
#5182=LINE('',#12816,#6512);
#5183=LINE('',#12817,#6513);
#5184=LINE('',#12821,#6514);
#5185=LINE('',#12823,#6515);
#5186=LINE('',#12825,#6516);
#5187=LINE('',#12827,#6517);
#5188=LINE('',#12829,#6518);
#5189=LINE('',#12831,#6519);
#5190=LINE('',#12833,#6520);
#5191=LINE('',#12835,#6521);
#5192=LINE('',#12837,#6522);
#5193=LINE('',#12847,#6523);
#5194=LINE('',#12883,#6524);
#5195=LINE('',#12886,#6525);
#5196=LINE('',#12888,#6526);
#5197=LINE('',#12890,#6527);
#5198=LINE('',#12892,#6528);
#5199=LINE('',#12894,#6529);
#5200=LINE('',#12896,#6530);
#5201=LINE('',#12898,#6531);
#5202=LINE('',#12900,#6532);
#5203=LINE('',#12902,#6533);
#5204=LINE('',#12904,#6534);
#5205=LINE('',#12907,#6535);
#5206=LINE('',#12908,#6536);
#5207=LINE('',#12910,#6537);
#5208=LINE('',#12912,#6538);
#5209=LINE('',#12914,#6539);
#5210=LINE('',#12916,#6540);
#5211=LINE('',#12918,#6541);
#5212=LINE('',#12920,#6542);
#5213=LINE('',#12922,#6543);
#5214=LINE('',#12924,#6544);
#5215=LINE('',#12926,#6545);
#5216=LINE('',#12928,#6546);
#5217=LINE('',#12930,#6547);
#5218=LINE('',#12935,#6548);
#5219=LINE('',#12937,#6549);
#5220=LINE('',#12939,#6550);
#5221=LINE('',#12941,#6551);
#5222=LINE('',#12944,#6552);
#5223=LINE('',#12945,#6553);
#5224=LINE('',#12947,#6554);
#5225=LINE('',#12950,#6555);
#5226=LINE('',#12951,#6556);
#5227=LINE('',#12955,#6557);
#5228=LINE('',#12959,#6558);
#5229=LINE('',#12961,#6559);
#5230=LINE('',#12963,#6560);
#5231=LINE('',#12965,#6561);
#5232=LINE('',#12968,#6562);
#5233=LINE('',#12969,#6563);
#5234=LINE('',#12971,#6564);
#5235=LINE('',#12973,#6565);
#5236=LINE('',#12975,#6566);
#5237=LINE('',#12976,#6567);
#5238=LINE('',#12980,#6568);
#5239=LINE('',#12984,#6569);
#5240=LINE('',#12986,#6570);
#5241=LINE('',#12988,#6571);
#5242=LINE('',#12990,#6572);
#5243=LINE('',#12992,#6573);
#5244=LINE('',#13425,#6574);
#5245=LINE('',#13428,#6575);
#5246=LINE('',#13430,#6576);
#5247=LINE('',#13432,#6577);
#5248=LINE('',#13434,#6578);
#5249=LINE('',#13436,#6579);
#5250=LINE('',#13438,#6580);
#5251=LINE('',#13440,#6581);
#5252=LINE('',#13442,#6582);
#5253=LINE('',#13444,#6583);
#5254=LINE('',#13446,#6584);
#5255=LINE('',#13448,#6585);
#5256=LINE('',#13450,#6586);
#5257=LINE('',#13452,#6587);
#5258=LINE('',#13454,#6588);
#5259=LINE('',#13456,#6589);
#5260=LINE('',#13458,#6590);
#5261=LINE('',#13460,#6591);
#5262=LINE('',#13462,#6592);
#5263=LINE('',#13464,#6593);
#5264=LINE('',#13467,#6594);
#5265=LINE('',#13468,#6595);
#5266=LINE('',#13470,#6596);
#5267=LINE('',#13472,#6597);
#5268=LINE('',#13474,#6598);
#5269=LINE('',#13476,#6599);
#5270=LINE('',#13479,#6600);
#5271=LINE('',#13480,#6601);
#5272=LINE('',#13482,#6602);
#5273=LINE('',#13484,#6603);
#5274=LINE('',#13486,#6604);
#5275=LINE('',#13488,#6605);
#5276=LINE('',#13490,#6606);
#5277=LINE('',#13492,#6607);
#5278=LINE('',#13494,#6608);
#5279=LINE('',#13496,#6609);
#5280=LINE('',#13498,#6610);
#5281=LINE('',#13500,#6611);
#5282=LINE('',#13502,#6612);
#5283=LINE('',#13504,#6613);
#5284=LINE('',#13506,#6614);
#5285=LINE('',#13508,#6615);
#5286=LINE('',#13510,#6616);
#5287=LINE('',#13512,#6617);
#5288=LINE('',#13514,#6618);
#5289=LINE('',#13516,#6619);
#5290=LINE('',#13518,#6620);
#5291=LINE('',#13520,#6621);
#5292=LINE('',#13522,#6622);
#5293=LINE('',#13524,#6623);
#5294=LINE('',#13527,#6624);
#5295=LINE('',#13528,#6625);
#5296=LINE('',#13530,#6626);
#5297=LINE('',#13533,#6627);
#5298=LINE('',#13534,#6628);
#5299=LINE('',#13536,#6629);
#5300=LINE('',#13538,#6630);
#5301=LINE('',#13540,#6631);
#5302=LINE('',#13542,#6632);
#5303=LINE('',#13544,#6633);
#5304=LINE('',#13546,#6634);
#5305=LINE('',#13548,#6635);
#5306=LINE('',#13550,#6636);
#5307=LINE('',#13552,#6637);
#5308=LINE('',#13554,#6638);
#5309=LINE('',#13557,#6639);
#5310=LINE('',#13558,#6640);
#5311=LINE('',#13560,#6641);
#5312=LINE('',#13562,#6642);
#5313=LINE('',#13564,#6643);
#5314=LINE('',#13566,#6644);
#5315=LINE('',#13568,#6645);
#5316=LINE('',#13570,#6646);
#5317=LINE('',#13572,#6647);
#5318=LINE('',#13574,#6648);
#5319=LINE('',#13576,#6649);
#5320=LINE('',#13578,#6650);
#5321=LINE('',#13580,#6651);
#5322=LINE('',#13582,#6652);
#5323=LINE('',#13584,#6653);
#5324=LINE('',#13587,#6654);
#5325=LINE('',#13588,#6655);
#5326=LINE('',#13590,#6656);
#5327=LINE('',#13593,#6657);
#5328=LINE('',#13594,#6658);
#5329=LINE('',#13596,#6659);
#5330=LINE('',#13598,#6660);
#5331=LINE('',#13600,#6661);
#5332=LINE('',#13602,#6662);
#5333=LINE('',#13604,#6663);
#5334=LINE('',#13606,#6664);
#5335=LINE('',#13608,#6665);
#5336=LINE('',#13610,#6666);
#5337=LINE('',#13612,#6667);
#5338=LINE('',#13614,#6668);
#5339=LINE('',#13616,#6669);
#5340=LINE('',#13618,#6670);
#5341=LINE('',#13620,#6671);
#5342=LINE('',#13622,#6672);
#5343=LINE('',#13624,#6673);
#5344=LINE('',#13626,#6674);
#5345=LINE('',#13629,#6675);
#5346=LINE('',#13630,#6676);
#5347=LINE('',#13632,#6677);
#5348=LINE('',#13634,#6678);
#5349=LINE('',#13636,#6679);
#5350=LINE('',#13638,#6680);
#5351=LINE('',#13640,#6681);
#5352=LINE('',#13642,#6682);
#5353=LINE('',#13644,#6683);
#5354=LINE('',#13646,#6684);
#5355=LINE('',#13648,#6685);
#5356=LINE('',#13650,#6686);
#5357=LINE('',#13652,#6687);
#5358=LINE('',#13654,#6688);
#5359=LINE('',#13656,#6689);
#5360=LINE('',#13658,#6690);
#5361=LINE('',#13660,#6691);
#5362=LINE('',#13662,#6692);
#5363=LINE('',#13664,#6693);
#5364=LINE('',#13666,#6694);
#5365=LINE('',#13668,#6695);
#5366=LINE('',#13670,#6696);
#5367=LINE('',#13672,#6697);
#5368=LINE('',#13674,#6698);
#5369=LINE('',#13676,#6699);
#5370=LINE('',#13678,#6700);
#5371=LINE('',#13680,#6701);
#5372=LINE('',#13682,#6702);
#5373=LINE('',#13684,#6703);
#5374=LINE('',#13686,#6704);
#5375=LINE('',#13688,#6705);
#5376=LINE('',#13690,#6706);
#5377=LINE('',#13692,#6707);
#5378=LINE('',#13695,#6708);
#5379=LINE('',#13696,#6709);
#5380=LINE('',#13698,#6710);
#5381=LINE('',#13700,#6711);
#5382=LINE('',#13702,#6712);
#5383=LINE('',#13704,#6713);
#5384=LINE('',#13706,#6714);
#5385=LINE('',#13708,#6715);
#5386=LINE('',#13710,#6716);
#5387=LINE('',#13712,#6717);
#5388=LINE('',#13714,#6718);
#5389=LINE('',#13716,#6719);
#5390=LINE('',#13718,#6720);
#5391=LINE('',#13720,#6721);
#5392=LINE('',#13722,#6722);
#5393=LINE('',#13724,#6723);
#5394=LINE('',#13726,#6724);
#5395=LINE('',#13728,#6725);
#5396=LINE('',#13730,#6726);
#5397=LINE('',#13732,#6727);
#5398=LINE('',#13734,#6728);
#5399=LINE('',#13736,#6729);
#5400=LINE('',#13738,#6730);
#5401=LINE('',#13740,#6731);
#5402=LINE('',#13742,#6732);
#5403=LINE('',#13744,#6733);
#5404=LINE('',#13746,#6734);
#5405=LINE('',#13748,#6735);
#5406=LINE('',#13750,#6736);
#5407=LINE('',#13752,#6737);
#5408=LINE('',#13754,#6738);
#5409=LINE('',#13756,#6739);
#5410=LINE('',#13758,#6740);
#5411=LINE('',#13760,#6741);
#5412=LINE('',#13762,#6742);
#5413=LINE('',#13764,#6743);
#5414=LINE('',#13766,#6744);
#5415=LINE('',#13768,#6745);
#5416=LINE('',#13770,#6746);
#5417=LINE('',#13772,#6747);
#5418=LINE('',#13774,#6748);
#5419=LINE('',#13776,#6749);
#5420=LINE('',#13778,#6750);
#5421=LINE('',#13780,#6751);
#5422=LINE('',#13782,#6752);
#5423=LINE('',#13784,#6753);
#5424=LINE('',#13786,#6754);
#5425=LINE('',#13788,#6755);
#5426=LINE('',#13790,#6756);
#5427=LINE('',#13792,#6757);
#5428=LINE('',#13794,#6758);
#5429=LINE('',#13796,#6759);
#5430=LINE('',#13798,#6760);
#5431=LINE('',#13800,#6761);
#5432=LINE('',#13802,#6762);
#5433=LINE('',#13804,#6763);
#5434=LINE('',#13806,#6764);
#5435=LINE('',#13808,#6765);
#5436=LINE('',#13810,#6766);
#5437=LINE('',#13812,#6767);
#5438=LINE('',#13814,#6768);
#5439=LINE('',#13816,#6769);
#5440=LINE('',#13818,#6770);
#5441=LINE('',#13820,#6771);
#5442=LINE('',#13822,#6772);
#5443=LINE('',#13824,#6773);
#5444=LINE('',#13826,#6774);
#5445=LINE('',#13828,#6775);
#5446=LINE('',#13830,#6776);
#5447=LINE('',#13832,#6777);
#5448=LINE('',#13834,#6778);
#5449=LINE('',#13836,#6779);
#5450=LINE('',#13838,#6780);
#5451=LINE('',#13840,#6781);
#5452=LINE('',#13842,#6782);
#5453=LINE('',#13844,#6783);
#5454=LINE('',#13846,#6784);
#5455=LINE('',#13848,#6785);
#5456=LINE('',#13850,#6786);
#5457=LINE('',#13852,#6787);
#5458=LINE('',#13854,#6788);
#5459=LINE('',#13856,#6789);
#5460=LINE('',#13858,#6790);
#5461=LINE('',#13860,#6791);
#5462=LINE('',#13862,#6792);
#5463=LINE('',#13864,#6793);
#5464=LINE('',#13866,#6794);
#5465=LINE('',#13868,#6795);
#5466=LINE('',#13870,#6796);
#5467=LINE('',#13872,#6797);
#5468=LINE('',#13874,#6798);
#5469=LINE('',#13876,#6799);
#5470=LINE('',#13878,#6800);
#5471=LINE('',#13880,#6801);
#5472=LINE('',#13882,#6802);
#5473=LINE('',#13884,#6803);
#5474=LINE('',#13886,#6804);
#5475=LINE('',#13888,#6805);
#5476=LINE('',#13890,#6806);
#5477=LINE('',#13892,#6807);
#5478=LINE('',#13894,#6808);
#5479=LINE('',#13896,#6809);
#5480=LINE('',#13898,#6810);
#5481=LINE('',#13900,#6811);
#5482=LINE('',#13902,#6812);
#5483=LINE('',#13904,#6813);
#5484=LINE('',#13906,#6814);
#5485=LINE('',#13908,#6815);
#5486=LINE('',#13911,#6816);
#5487=LINE('',#13912,#6817);
#5488=LINE('',#13914,#6818);
#5489=LINE('',#13916,#6819);
#5490=LINE('',#13918,#6820);
#5491=LINE('',#13920,#6821);
#5492=LINE('',#13922,#6822);
#5493=LINE('',#13924,#6823);
#5494=LINE('',#13926,#6824);
#5495=LINE('',#13928,#6825);
#5496=LINE('',#13930,#6826);
#5497=LINE('',#13932,#6827);
#5498=LINE('',#13935,#6828);
#5499=LINE('',#13936,#6829);
#5500=LINE('',#13938,#6830);
#5501=LINE('',#13940,#6831);
#5502=LINE('',#13942,#6832);
#5503=LINE('',#13944,#6833);
#5504=LINE('',#13946,#6834);
#5505=LINE('',#13948,#6835);
#5506=LINE('',#13950,#6836);
#5507=LINE('',#13952,#6837);
#5508=LINE('',#13954,#6838);
#5509=LINE('',#13956,#6839);
#5510=LINE('',#13958,#6840);
#5511=LINE('',#13960,#6841);
#5512=LINE('',#13962,#6842);
#5513=LINE('',#13965,#6843);
#5514=LINE('',#13966,#6844);
#5515=LINE('',#13968,#6845);
#5516=LINE('',#13971,#6846);
#5517=LINE('',#13972,#6847);
#5518=LINE('',#13974,#6848);
#5519=LINE('',#13976,#6849);
#5520=LINE('',#13978,#6850);
#5521=LINE('',#13980,#6851);
#5522=LINE('',#13983,#6852);
#5523=LINE('',#13984,#6853);
#5524=LINE('',#13986,#6854);
#5525=LINE('',#13988,#6855);
#5526=LINE('',#13990,#6856);
#5527=LINE('',#13992,#6857);
#5528=LINE('',#13994,#6858);
#5529=LINE('',#13996,#6859);
#5530=LINE('',#13998,#6860);
#5531=LINE('',#14000,#6861);
#5532=LINE('',#14002,#6862);
#5533=LINE('',#14004,#6863);
#5534=LINE('',#14007,#6864);
#5535=LINE('',#14008,#6865);
#5536=LINE('',#14010,#6866);
#5537=LINE('',#14012,#6867);
#5538=LINE('',#14014,#6868);
#5539=LINE('',#14016,#6869);
#5540=LINE('',#14018,#6870);
#5541=LINE('',#14020,#6871);
#5542=LINE('',#14022,#6872);
#5543=LINE('',#14024,#6873);
#5544=LINE('',#14026,#6874);
#5545=LINE('',#14028,#6875);
#5546=LINE('',#14030,#6876);
#5547=LINE('',#14032,#6877);
#5548=LINE('',#14034,#6878);
#5549=LINE('',#14036,#6879);
#5550=LINE('',#14038,#6880);
#5551=LINE('',#14040,#6881);
#5552=LINE('',#14042,#6882);
#5553=LINE('',#14044,#6883);
#5554=LINE('',#14046,#6884);
#5555=LINE('',#14048,#6885);
#5556=LINE('',#14050,#6886);
#5557=LINE('',#14052,#6887);
#5558=LINE('',#14054,#6888);
#5559=LINE('',#14056,#6889);
#5560=LINE('',#14058,#6890);
#5561=LINE('',#14060,#6891);
#5562=LINE('',#14062,#6892);
#5563=LINE('',#14064,#6893);
#5564=LINE('',#14066,#6894);
#5565=LINE('',#14068,#6895);
#5566=LINE('',#14070,#6896);
#5567=LINE('',#14072,#6897);
#5568=LINE('',#14074,#6898);
#5569=LINE('',#14076,#6899);
#5570=LINE('',#14078,#6900);
#5571=LINE('',#14080,#6901);
#5572=LINE('',#14082,#6902);
#5573=LINE('',#14084,#6903);
#5574=LINE('',#14086,#6904);
#5575=LINE('',#14088,#6905);
#5576=LINE('',#14090,#6906);
#5577=LINE('',#14092,#6907);
#5578=LINE('',#14094,#6908);
#5579=LINE('',#14096,#6909);
#5580=LINE('',#14098,#6910);
#5581=LINE('',#14100,#6911);
#5582=LINE('',#14102,#6912);
#5583=LINE('',#14104,#6913);
#5584=LINE('',#14106,#6914);
#5585=LINE('',#14108,#6915);
#5586=LINE('',#14110,#6916);
#5587=LINE('',#14112,#6917);
#5588=LINE('',#14114,#6918);
#5589=LINE('',#14116,#6919);
#5590=LINE('',#14118,#6920);
#5591=LINE('',#14120,#6921);
#5592=LINE('',#14122,#6922);
#5593=LINE('',#14124,#6923);
#5594=LINE('',#14126,#6924);
#5595=LINE('',#14128,#6925);
#5596=LINE('',#14130,#6926);
#5597=LINE('',#14132,#6927);
#5598=LINE('',#14134,#6928);
#5599=LINE('',#14136,#6929);
#5600=LINE('',#14138,#6930);
#5601=LINE('',#14140,#6931);
#5602=LINE('',#14142,#6932);
#5603=LINE('',#14144,#6933);
#5604=LINE('',#14146,#6934);
#5605=LINE('',#14148,#6935);
#5606=LINE('',#14150,#6936);
#5607=LINE('',#14152,#6937);
#5608=LINE('',#14154,#6938);
#5609=LINE('',#14156,#6939);
#5610=LINE('',#14158,#6940);
#5611=LINE('',#14160,#6941);
#5612=LINE('',#14162,#6942);
#5613=LINE('',#14164,#6943);
#5614=LINE('',#14166,#6944);
#5615=LINE('',#14168,#6945);
#5616=LINE('',#14170,#6946);
#5617=LINE('',#14172,#6947);
#5618=LINE('',#14175,#6948);
#5619=LINE('',#14176,#6949);
#5620=LINE('',#14178,#6950);
#5621=LINE('',#14179,#6951);
#5622=LINE('',#14186,#6952);
#5623=LINE('',#14189,#6953);
#5624=LINE('',#14191,#6954);
#5625=LINE('',#14193,#6955);
#5626=LINE('',#14195,#6956);
#5627=LINE('',#14197,#6957);
#5628=LINE('',#14199,#6958);
#5629=LINE('',#14201,#6959);
#5630=LINE('',#14203,#6960);
#5631=LINE('',#14205,#6961);
#5632=LINE('',#14207,#6962);
#5633=LINE('',#14209,#6963);
#5634=LINE('',#14211,#6964);
#5635=LINE('',#14213,#6965);
#5636=LINE('',#14215,#6966);
#5637=LINE('',#14217,#6967);
#5638=LINE('',#14219,#6968);
#5639=LINE('',#14221,#6969);
#5640=LINE('',#14223,#6970);
#5641=LINE('',#14225,#6971);
#5642=LINE('',#14228,#6972);
#5643=LINE('',#14229,#6973);
#5644=LINE('',#14231,#6974);
#5645=LINE('',#14233,#6975);
#5646=LINE('',#14235,#6976);
#5647=LINE('',#14237,#6977);
#5648=LINE('',#14240,#6978);
#5649=LINE('',#14241,#6979);
#5650=LINE('',#14243,#6980);
#5651=LINE('',#14245,#6981);
#5652=LINE('',#14247,#6982);
#5653=LINE('',#14249,#6983);
#5654=LINE('',#14251,#6984);
#5655=LINE('',#14253,#6985);
#5656=LINE('',#14255,#6986);
#5657=LINE('',#14257,#6987);
#5658=LINE('',#14259,#6988);
#5659=LINE('',#14261,#6989);
#5660=LINE('',#14263,#6990);
#5661=LINE('',#14265,#6991);
#5662=LINE('',#14267,#6992);
#5663=LINE('',#14269,#6993);
#5664=LINE('',#14271,#6994);
#5665=LINE('',#14273,#6995);
#5666=LINE('',#14275,#6996);
#5667=LINE('',#14277,#6997);
#5668=LINE('',#14279,#6998);
#5669=LINE('',#14281,#6999);
#5670=LINE('',#14283,#7000);
#5671=LINE('',#14285,#7001);
#5672=LINE('',#14288,#7002);
#5673=LINE('',#14289,#7003);
#5674=LINE('',#14291,#7004);
#5675=LINE('',#14294,#7005);
#5676=LINE('',#14295,#7006);
#5677=LINE('',#14297,#7007);
#5678=LINE('',#14299,#7008);
#5679=LINE('',#14301,#7009);
#5680=LINE('',#14303,#7010);
#5681=LINE('',#14305,#7011);
#5682=LINE('',#14307,#7012);
#5683=LINE('',#14309,#7013);
#5684=LINE('',#14311,#7014);
#5685=LINE('',#14313,#7015);
#5686=LINE('',#14315,#7016);
#5687=LINE('',#14318,#7017);
#5688=LINE('',#14319,#7018);
#5689=LINE('',#14321,#7019);
#5690=LINE('',#14323,#7020);
#5691=LINE('',#14325,#7021);
#5692=LINE('',#14327,#7022);
#5693=LINE('',#14329,#7023);
#5694=LINE('',#14331,#7024);
#5695=LINE('',#14333,#7025);
#5696=LINE('',#14335,#7026);
#5697=LINE('',#14337,#7027);
#5698=LINE('',#14339,#7028);
#5699=LINE('',#14341,#7029);
#5700=LINE('',#14343,#7030);
#5701=LINE('',#14345,#7031);
#5702=LINE('',#14348,#7032);
#5703=LINE('',#14349,#7033);
#5704=LINE('',#14351,#7034);
#5705=LINE('',#14354,#7035);
#5706=LINE('',#14355,#7036);
#5707=LINE('',#14357,#7037);
#5708=LINE('',#14359,#7038);
#5709=LINE('',#14361,#7039);
#5710=LINE('',#14363,#7040);
#5711=LINE('',#14365,#7041);
#5712=LINE('',#14367,#7042);
#5713=LINE('',#14369,#7043);
#5714=LINE('',#14371,#7044);
#5715=LINE('',#14373,#7045);
#5716=LINE('',#14375,#7046);
#5717=LINE('',#14377,#7047);
#5718=LINE('',#14379,#7048);
#5719=LINE('',#14381,#7049);
#5720=LINE('',#14383,#7050);
#5721=LINE('',#14385,#7051);
#5722=LINE('',#14387,#7052);
#5723=LINE('',#14390,#7053);
#5724=LINE('',#14391,#7054);
#5725=LINE('',#14393,#7055);
#5726=LINE('',#14395,#7056);
#5727=LINE('',#14397,#7057);
#5728=LINE('',#14399,#7058);
#5729=LINE('',#14401,#7059);
#5730=LINE('',#14403,#7060);
#5731=LINE('',#14405,#7061);
#5732=LINE('',#14407,#7062);
#5733=LINE('',#14409,#7063);
#5734=LINE('',#14411,#7064);
#5735=LINE('',#14413,#7065);
#5736=LINE('',#14415,#7066);
#5737=LINE('',#14417,#7067);
#5738=LINE('',#14419,#7068);
#5739=LINE('',#14421,#7069);
#5740=LINE('',#14423,#7070);
#5741=LINE('',#14425,#7071);
#5742=LINE('',#14427,#7072);
#5743=LINE('',#14429,#7073);
#5744=LINE('',#14431,#7074);
#5745=LINE('',#14433,#7075);
#5746=LINE('',#14435,#7076);
#5747=LINE('',#14437,#7077);
#5748=LINE('',#14439,#7078);
#5749=LINE('',#14441,#7079);
#5750=LINE('',#14443,#7080);
#5751=LINE('',#14445,#7081);
#5752=LINE('',#14447,#7082);
#5753=LINE('',#14449,#7083);
#5754=LINE('',#14451,#7084);
#5755=LINE('',#14453,#7085);
#5756=LINE('',#14456,#7086);
#5757=LINE('',#14457,#7087);
#5758=LINE('',#14459,#7088);
#5759=LINE('',#14461,#7089);
#5760=LINE('',#14463,#7090);
#5761=LINE('',#14465,#7091);
#5762=LINE('',#14467,#7092);
#5763=LINE('',#14469,#7093);
#5764=LINE('',#14471,#7094);
#5765=LINE('',#14473,#7095);
#5766=LINE('',#14475,#7096);
#5767=LINE('',#14477,#7097);
#5768=LINE('',#14479,#7098);
#5769=LINE('',#14481,#7099);
#5770=LINE('',#14483,#7100);
#5771=LINE('',#14485,#7101);
#5772=LINE('',#14487,#7102);
#5773=LINE('',#14489,#7103);
#5774=LINE('',#14491,#7104);
#5775=LINE('',#14493,#7105);
#5776=LINE('',#14495,#7106);
#5777=LINE('',#14497,#7107);
#5778=LINE('',#14499,#7108);
#5779=LINE('',#14501,#7109);
#5780=LINE('',#14503,#7110);
#5781=LINE('',#14505,#7111);
#5782=LINE('',#14507,#7112);
#5783=LINE('',#14509,#7113);
#5784=LINE('',#14511,#7114);
#5785=LINE('',#14513,#7115);
#5786=LINE('',#14515,#7116);
#5787=LINE('',#14517,#7117);
#5788=LINE('',#14519,#7118);
#5789=LINE('',#14521,#7119);
#5790=LINE('',#14523,#7120);
#5791=LINE('',#14525,#7121);
#5792=LINE('',#14527,#7122);
#5793=LINE('',#14529,#7123);
#5794=LINE('',#14531,#7124);
#5795=LINE('',#14533,#7125);
#5796=LINE('',#14535,#7126);
#5797=LINE('',#14537,#7127);
#5798=LINE('',#14539,#7128);
#5799=LINE('',#14541,#7129);
#5800=LINE('',#14543,#7130);
#5801=LINE('',#14545,#7131);
#5802=LINE('',#14547,#7132);
#5803=LINE('',#14549,#7133);
#5804=LINE('',#14551,#7134);
#5805=LINE('',#14553,#7135);
#5806=LINE('',#14555,#7136);
#5807=LINE('',#14557,#7137);
#5808=LINE('',#14559,#7138);
#5809=LINE('',#14561,#7139);
#5810=LINE('',#14563,#7140);
#5811=LINE('',#14565,#7141);
#5812=LINE('',#14567,#7142);
#5813=LINE('',#14569,#7143);
#5814=LINE('',#14571,#7144);
#5815=LINE('',#14573,#7145);
#5816=LINE('',#14575,#7146);
#5817=LINE('',#14577,#7147);
#5818=LINE('',#14579,#7148);
#5819=LINE('',#14581,#7149);
#5820=LINE('',#14583,#7150);
#5821=LINE('',#14585,#7151);
#5822=LINE('',#14587,#7152);
#5823=LINE('',#14589,#7153);
#5824=LINE('',#14591,#7154);
#5825=LINE('',#14593,#7155);
#5826=LINE('',#14595,#7156);
#5827=LINE('',#14597,#7157);
#5828=LINE('',#14599,#7158);
#5829=LINE('',#14601,#7159);
#5830=LINE('',#14603,#7160);
#5831=LINE('',#14605,#7161);
#5832=LINE('',#14607,#7162);
#5833=LINE('',#14609,#7163);
#5834=LINE('',#14611,#7164);
#5835=LINE('',#14613,#7165);
#5836=LINE('',#14615,#7166);
#5837=LINE('',#14617,#7167);
#5838=LINE('',#14619,#7168);
#5839=LINE('',#14621,#7169);
#5840=LINE('',#14623,#7170);
#5841=LINE('',#14625,#7171);
#5842=LINE('',#14627,#7172);
#5843=LINE('',#14629,#7173);
#5844=LINE('',#14631,#7174);
#5845=LINE('',#14633,#7175);
#5846=LINE('',#14635,#7176);
#5847=LINE('',#14637,#7177);
#5848=LINE('',#14639,#7178);
#5849=LINE('',#14641,#7179);
#5850=LINE('',#14643,#7180);
#5851=LINE('',#14645,#7181);
#5852=LINE('',#14647,#7182);
#5853=LINE('',#14649,#7183);
#5854=LINE('',#14651,#7184);
#5855=LINE('',#14653,#7185);
#5856=LINE('',#14655,#7186);
#5857=LINE('',#14657,#7187);
#5858=LINE('',#14659,#7188);
#5859=LINE('',#14661,#7189);
#5860=LINE('',#14663,#7190);
#5861=LINE('',#14665,#7191);
#5862=LINE('',#14667,#7192);
#5863=LINE('',#14669,#7193);
#5864=LINE('',#14672,#7194);
#5865=LINE('',#14673,#7195);
#5866=LINE('',#14675,#7196);
#5867=LINE('',#14677,#7197);
#5868=LINE('',#14679,#7198);
#5869=LINE('',#14681,#7199);
#5870=LINE('',#14683,#7200);
#5871=LINE('',#14685,#7201);
#5872=LINE('',#14687,#7202);
#5873=LINE('',#14689,#7203);
#5874=LINE('',#14691,#7204);
#5875=LINE('',#14693,#7205);
#5876=LINE('',#14696,#7206);
#5877=LINE('',#14697,#7207);
#5878=LINE('',#14699,#7208);
#5879=LINE('',#14701,#7209);
#5880=LINE('',#14703,#7210);
#5881=LINE('',#14705,#7211);
#5882=LINE('',#14707,#7212);
#5883=LINE('',#14709,#7213);
#5884=LINE('',#14711,#7214);
#5885=LINE('',#14713,#7215);
#5886=LINE('',#14715,#7216);
#5887=LINE('',#14717,#7217);
#5888=LINE('',#14719,#7218);
#5889=LINE('',#14721,#7219);
#5890=LINE('',#14723,#7220);
#5891=LINE('',#14726,#7221);
#5892=LINE('',#14727,#7222);
#5893=LINE('',#14729,#7223);
#5894=LINE('',#14732,#7224);
#5895=LINE('',#14733,#7225);
#5896=LINE('',#14735,#7226);
#5897=LINE('',#14737,#7227);
#5898=LINE('',#14739,#7228);
#5899=LINE('',#14741,#7229);
#5900=LINE('',#14744,#7230);
#5901=LINE('',#14745,#7231);
#5902=LINE('',#14747,#7232);
#5903=LINE('',#14749,#7233);
#5904=LINE('',#14751,#7234);
#5905=LINE('',#14753,#7235);
#5906=LINE('',#14755,#7236);
#5907=LINE('',#14757,#7237);
#5908=LINE('',#14759,#7238);
#5909=LINE('',#14761,#7239);
#5910=LINE('',#14763,#7240);
#5911=LINE('',#14765,#7241);
#5912=LINE('',#14768,#7242);
#5913=LINE('',#14769,#7243);
#5914=LINE('',#14771,#7244);
#5915=LINE('',#14773,#7245);
#5916=LINE('',#14775,#7246);
#5917=LINE('',#14777,#7247);
#5918=LINE('',#14779,#7248);
#5919=LINE('',#14781,#7249);
#5920=LINE('',#14783,#7250);
#5921=LINE('',#14785,#7251);
#5922=LINE('',#14787,#7252);
#5923=LINE('',#14789,#7253);
#5924=LINE('',#14791,#7254);
#5925=LINE('',#14793,#7255);
#5926=LINE('',#14795,#7256);
#5927=LINE('',#14797,#7257);
#5928=LINE('',#14799,#7258);
#5929=LINE('',#14801,#7259);
#5930=LINE('',#14803,#7260);
#5931=LINE('',#14805,#7261);
#5932=LINE('',#14807,#7262);
#5933=LINE('',#14809,#7263);
#5934=LINE('',#14811,#7264);
#5935=LINE('',#14813,#7265);
#5936=LINE('',#14815,#7266);
#5937=LINE('',#14817,#7267);
#5938=LINE('',#14819,#7268);
#5939=LINE('',#14821,#7269);
#5940=LINE('',#14823,#7270);
#5941=LINE('',#14825,#7271);
#5942=LINE('',#14827,#7272);
#5943=LINE('',#14829,#7273);
#5944=LINE('',#14831,#7274);
#5945=LINE('',#14833,#7275);
#5946=LINE('',#14835,#7276);
#5947=LINE('',#14837,#7277);
#5948=LINE('',#14839,#7278);
#5949=LINE('',#14841,#7279);
#5950=LINE('',#14843,#7280);
#5951=LINE('',#14845,#7281);
#5952=LINE('',#14847,#7282);
#5953=LINE('',#14849,#7283);
#5954=LINE('',#14851,#7284);
#5955=LINE('',#14853,#7285);
#5956=LINE('',#14855,#7286);
#5957=LINE('',#14857,#7287);
#5958=LINE('',#14859,#7288);
#5959=LINE('',#14861,#7289);
#5960=LINE('',#14863,#7290);
#5961=LINE('',#14865,#7291);
#5962=LINE('',#14867,#7292);
#5963=LINE('',#14869,#7293);
#5964=LINE('',#14871,#7294);
#5965=LINE('',#14873,#7295);
#5966=LINE('',#14875,#7296);
#5967=LINE('',#14877,#7297);
#5968=LINE('',#14879,#7298);
#5969=LINE('',#14881,#7299);
#5970=LINE('',#14883,#7300);
#5971=LINE('',#14885,#7301);
#5972=LINE('',#14887,#7302);
#5973=LINE('',#14889,#7303);
#5974=LINE('',#14891,#7304);
#5975=LINE('',#14893,#7305);
#5976=LINE('',#14895,#7306);
#5977=LINE('',#14897,#7307);
#5978=LINE('',#14899,#7308);
#5979=LINE('',#14901,#7309);
#5980=LINE('',#14903,#7310);
#5981=LINE('',#14905,#7311);
#5982=LINE('',#14907,#7312);
#5983=LINE('',#14909,#7313);
#5984=LINE('',#14911,#7314);
#5985=LINE('',#14913,#7315);
#5986=LINE('',#14915,#7316);
#5987=LINE('',#14917,#7317);
#5988=LINE('',#14919,#7318);
#5989=LINE('',#14921,#7319);
#5990=LINE('',#14923,#7320);
#5991=LINE('',#14925,#7321);
#5992=LINE('',#14927,#7322);
#5993=LINE('',#14929,#7323);
#5994=LINE('',#14931,#7324);
#5995=LINE('',#14933,#7325);
#5996=LINE('',#14936,#7326);
#5997=LINE('',#14937,#7327);
#5998=LINE('',#14939,#7328);
#5999=LINE('',#14940,#7329);
#6000=LINE('',#14942,#7330);
#6001=LINE('',#14945,#7331);
#6002=LINE('',#14947,#7332);
#6003=LINE('',#14949,#7333);
#6004=LINE('',#14951,#7334);
#6005=LINE('',#14953,#7335);
#6006=LINE('',#14955,#7336);
#6007=LINE('',#14957,#7337);
#6008=LINE('',#14959,#7338);
#6009=LINE('',#14961,#7339);
#6010=LINE('',#14963,#7340);
#6011=LINE('',#14965,#7341);
#6012=LINE('',#14967,#7342);
#6013=LINE('',#14969,#7343);
#6014=LINE('',#14971,#7344);
#6015=LINE('',#14973,#7345);
#6016=LINE('',#14975,#7346);
#6017=LINE('',#14977,#7347);
#6018=LINE('',#14979,#7348);
#6019=LINE('',#14981,#7349);
#6020=LINE('',#14984,#7350);
#6021=LINE('',#14985,#7351);
#6022=LINE('',#14987,#7352);
#6023=LINE('',#14990,#7353);
#6024=LINE('',#14991,#7354);
#6025=LINE('',#14993,#7355);
#6026=LINE('',#14995,#7356);
#6027=LINE('',#14997,#7357);
#6028=LINE('',#14999,#7358);
#6029=LINE('',#15001,#7359);
#6030=LINE('',#15003,#7360);
#6031=LINE('',#15005,#7361);
#6032=LINE('',#15007,#7362);
#6033=LINE('',#15009,#7363);
#6034=LINE('',#15011,#7364);
#6035=LINE('',#15014,#7365);
#6036=LINE('',#15015,#7366);
#6037=LINE('',#15017,#7367);
#6038=LINE('',#15019,#7368);
#6039=LINE('',#15021,#7369);
#6040=LINE('',#15023,#7370);
#6041=LINE('',#15025,#7371);
#6042=LINE('',#15027,#7372);
#6043=LINE('',#15029,#7373);
#6044=LINE('',#15031,#7374);
#6045=LINE('',#15033,#7375);
#6046=LINE('',#15035,#7376);
#6047=LINE('',#15037,#7377);
#6048=LINE('',#15039,#7378);
#6049=LINE('',#15041,#7379);
#6050=LINE('',#15044,#7380);
#6051=LINE('',#15045,#7381);
#6052=LINE('',#15047,#7382);
#6053=LINE('',#15050,#7383);
#6054=LINE('',#15051,#7384);
#6055=LINE('',#15053,#7385);
#6056=LINE('',#15055,#7386);
#6057=LINE('',#15057,#7387);
#6058=LINE('',#15059,#7388);
#6059=LINE('',#15061,#7389);
#6060=LINE('',#15063,#7390);
#6061=LINE('',#15065,#7391);
#6062=LINE('',#15067,#7392);
#6063=LINE('',#15069,#7393);
#6064=LINE('',#15071,#7394);
#6065=LINE('',#15073,#7395);
#6066=LINE('',#15075,#7396);
#6067=LINE('',#15077,#7397);
#6068=LINE('',#15079,#7398);
#6069=LINE('',#15081,#7399);
#6070=LINE('',#15083,#7400);
#6071=LINE('',#15086,#7401);
#6072=LINE('',#15087,#7402);
#6073=LINE('',#15089,#7403);
#6074=LINE('',#15091,#7404);
#6075=LINE('',#15093,#7405);
#6076=LINE('',#15095,#7406);
#6077=LINE('',#15097,#7407);
#6078=LINE('',#15099,#7408);
#6079=LINE('',#15101,#7409);
#6080=LINE('',#15103,#7410);
#6081=LINE('',#15105,#7411);
#6082=LINE('',#15107,#7412);
#6083=LINE('',#15109,#7413);
#6084=LINE('',#15111,#7414);
#6085=LINE('',#15113,#7415);
#6086=LINE('',#15115,#7416);
#6087=LINE('',#15117,#7417);
#6088=LINE('',#15119,#7418);
#6089=LINE('',#15121,#7419);
#6090=LINE('',#15123,#7420);
#6091=LINE('',#15125,#7421);
#6092=LINE('',#15127,#7422);
#6093=LINE('',#15129,#7423);
#6094=LINE('',#15131,#7424);
#6095=LINE('',#15133,#7425);
#6096=LINE('',#15135,#7426);
#6097=LINE('',#15137,#7427);
#6098=LINE('',#15139,#7428);
#6099=LINE('',#15141,#7429);
#6100=LINE('',#15143,#7430);
#6101=LINE('',#15145,#7431);
#6102=LINE('',#15147,#7432);
#6103=LINE('',#15149,#7433);
#6104=LINE('',#15152,#7434);
#6105=LINE('',#15153,#7435);
#6106=LINE('',#15155,#7436);
#6107=LINE('',#15157,#7437);
#6108=LINE('',#15159,#7438);
#6109=LINE('',#15161,#7439);
#6110=LINE('',#15163,#7440);
#6111=LINE('',#15165,#7441);
#6112=LINE('',#15167,#7442);
#6113=LINE('',#15169,#7443);
#6114=LINE('',#15171,#7444);
#6115=LINE('',#15173,#7445);
#6116=LINE('',#15175,#7446);
#6117=LINE('',#15177,#7447);
#6118=LINE('',#15179,#7448);
#6119=LINE('',#15181,#7449);
#6120=LINE('',#15183,#7450);
#6121=LINE('',#15185,#7451);
#6122=LINE('',#15187,#7452);
#6123=LINE('',#15189,#7453);
#6124=LINE('',#15191,#7454);
#6125=LINE('',#15193,#7455);
#6126=LINE('',#15195,#7456);
#6127=LINE('',#15197,#7457);
#6128=LINE('',#15199,#7458);
#6129=LINE('',#15201,#7459);
#6130=LINE('',#15203,#7460);
#6131=LINE('',#15205,#7461);
#6132=LINE('',#15207,#7462);
#6133=LINE('',#15209,#7463);
#6134=LINE('',#15211,#7464);
#6135=LINE('',#15213,#7465);
#6136=LINE('',#15215,#7466);
#6137=LINE('',#15217,#7467);
#6138=LINE('',#15219,#7468);
#6139=LINE('',#15221,#7469);
#6140=LINE('',#15223,#7470);
#6141=LINE('',#15225,#7471);
#6142=LINE('',#15227,#7472);
#6143=LINE('',#15229,#7473);
#6144=LINE('',#15231,#7474);
#6145=LINE('',#15233,#7475);
#6146=LINE('',#15235,#7476);
#6147=LINE('',#15237,#7477);
#6148=LINE('',#15239,#7478);
#6149=LINE('',#15241,#7479);
#6150=LINE('',#15243,#7480);
#6151=LINE('',#15245,#7481);
#6152=LINE('',#15247,#7482);
#6153=LINE('',#15249,#7483);
#6154=LINE('',#15251,#7484);
#6155=LINE('',#15253,#7485);
#6156=LINE('',#15255,#7486);
#6157=LINE('',#15257,#7487);
#6158=LINE('',#15259,#7488);
#6159=LINE('',#15261,#7489);
#6160=LINE('',#15263,#7490);
#6161=LINE('',#15265,#7491);
#6162=LINE('',#15267,#7492);
#6163=LINE('',#15269,#7493);
#6164=LINE('',#15271,#7494);
#6165=LINE('',#15273,#7495);
#6166=LINE('',#15275,#7496);
#6167=LINE('',#15277,#7497);
#6168=LINE('',#15279,#7498);
#6169=LINE('',#15281,#7499);
#6170=LINE('',#15283,#7500);
#6171=LINE('',#15285,#7501);
#6172=LINE('',#15287,#7502);
#6173=LINE('',#15289,#7503);
#6174=LINE('',#15291,#7504);
#6175=LINE('',#15293,#7505);
#6176=LINE('',#15295,#7506);
#6177=LINE('',#15297,#7507);
#6178=LINE('',#15299,#7508);
#6179=LINE('',#15301,#7509);
#6180=LINE('',#15303,#7510);
#6181=LINE('',#15305,#7511);
#6182=LINE('',#15307,#7512);
#6183=LINE('',#15309,#7513);
#6184=LINE('',#15311,#7514);
#6185=LINE('',#15313,#7515);
#6186=LINE('',#15315,#7516);
#6187=LINE('',#15317,#7517);
#6188=LINE('',#15319,#7518);
#6189=LINE('',#15321,#7519);
#6190=LINE('',#15323,#7520);
#6191=LINE('',#15325,#7521);
#6192=LINE('',#15327,#7522);
#6193=LINE('',#15329,#7523);
#6194=LINE('',#15331,#7524);
#6195=LINE('',#15333,#7525);
#6196=LINE('',#15335,#7526);
#6197=LINE('',#15337,#7527);
#6198=LINE('',#15339,#7528);
#6199=LINE('',#15341,#7529);
#6200=LINE('',#15343,#7530);
#6201=LINE('',#15345,#7531);
#6202=LINE('',#15347,#7532);
#6203=LINE('',#15349,#7533);
#6204=LINE('',#15351,#7534);
#6205=LINE('',#15353,#7535);
#6206=LINE('',#15355,#7536);
#6207=LINE('',#15357,#7537);
#6208=LINE('',#15359,#7538);
#6209=LINE('',#15361,#7539);
#6210=LINE('',#15363,#7540);
#6211=LINE('',#15365,#7541);
#6212=LINE('',#15368,#7542);
#6213=LINE('',#15369,#7543);
#6214=LINE('',#15371,#7544);
#6215=LINE('',#15373,#7545);
#6216=LINE('',#15375,#7546);
#6217=LINE('',#15377,#7547);
#6218=LINE('',#15379,#7548);
#6219=LINE('',#15381,#7549);
#6220=LINE('',#15383,#7550);
#6221=LINE('',#15385,#7551);
#6222=LINE('',#15387,#7552);
#6223=LINE('',#15389,#7553);
#6224=LINE('',#15392,#7554);
#6225=LINE('',#15393,#7555);
#6226=LINE('',#15395,#7556);
#6227=LINE('',#15397,#7557);
#6228=LINE('',#15399,#7558);
#6229=LINE('',#15401,#7559);
#6230=LINE('',#15403,#7560);
#6231=LINE('',#15405,#7561);
#6232=LINE('',#15407,#7562);
#6233=LINE('',#15409,#7563);
#6234=LINE('',#15411,#7564);
#6235=LINE('',#15413,#7565);
#6236=LINE('',#15415,#7566);
#6237=LINE('',#15417,#7567);
#6238=LINE('',#15419,#7568);
#6239=LINE('',#15421,#7569);
#6240=LINE('',#15423,#7570);
#6241=LINE('',#15425,#7571);
#6242=LINE('',#15427,#7572);
#6243=LINE('',#15429,#7573);
#6244=LINE('',#15431,#7574);
#6245=LINE('',#15433,#7575);
#6246=LINE('',#15435,#7576);
#6247=LINE('',#15437,#7577);
#6248=LINE('',#15439,#7578);
#6249=LINE('',#15441,#7579);
#6250=LINE('',#15443,#7580);
#6251=LINE('',#15445,#7581);
#6252=LINE('',#15447,#7582);
#6253=LINE('',#15449,#7583);
#6254=LINE('',#15451,#7584);
#6255=LINE('',#15453,#7585);
#6256=LINE('',#15455,#7586);
#6257=LINE('',#15458,#7587);
#6258=LINE('',#15459,#7588);
#6259=LINE('',#15461,#7589);
#6260=LINE('',#15464,#7590);
#6261=LINE('',#15465,#7591);
#6262=LINE('',#15467,#7592);
#6263=LINE('',#15469,#7593);
#6264=LINE('',#15471,#7594);
#6265=LINE('',#15473,#7595);
#6266=LINE('',#15475,#7596);
#6267=LINE('',#15477,#7597);
#6268=LINE('',#15479,#7598);
#6269=LINE('',#15481,#7599);
#6270=LINE('',#15483,#7600);
#6271=LINE('',#15485,#7601);
#6272=LINE('',#15488,#7602);
#6273=LINE('',#15489,#7603);
#6274=LINE('',#15491,#7604);
#6275=LINE('',#15493,#7605);
#6276=LINE('',#15495,#7606);
#6277=LINE('',#15497,#7607);
#6278=LINE('',#15499,#7608);
#6279=LINE('',#15501,#7609);
#6280=LINE('',#15503,#7610);
#6281=LINE('',#15505,#7611);
#6282=LINE('',#15507,#7612);
#6283=LINE('',#15509,#7613);
#6284=LINE('',#15511,#7614);
#6285=LINE('',#15513,#7615);
#6286=LINE('',#15515,#7616);
#6287=LINE('',#15518,#7617);
#6288=LINE('',#15519,#7618);
#6289=LINE('',#15521,#7619);
#6290=LINE('',#15524,#7620);
#6291=LINE('',#15525,#7621);
#6292=LINE('',#15527,#7622);
#6293=LINE('',#15529,#7623);
#6294=LINE('',#15531,#7624);
#6295=LINE('',#15533,#7625);
#6296=LINE('',#15535,#7626);
#6297=LINE('',#15537,#7627);
#6298=LINE('',#15539,#7628);
#6299=LINE('',#15541,#7629);
#6300=LINE('',#15543,#7630);
#6301=LINE('',#15545,#7631);
#6302=LINE('',#15547,#7632);
#6303=LINE('',#15549,#7633);
#6304=LINE('',#15551,#7634);
#6305=LINE('',#15553,#7635);
#6306=LINE('',#15555,#7636);
#6307=LINE('',#15557,#7637);
#6308=LINE('',#15560,#7638);
#6309=LINE('',#15561,#7639);
#6310=LINE('',#15563,#7640);
#6311=LINE('',#15565,#7641);
#6312=LINE('',#15567,#7642);
#6313=LINE('',#15569,#7643);
#6314=LINE('',#15571,#7644);
#6315=LINE('',#15573,#7645);
#6316=LINE('',#15575,#7646);
#6317=LINE('',#15577,#7647);
#6318=LINE('',#15579,#7648);
#6319=LINE('',#15581,#7649);
#6320=LINE('',#15583,#7650);
#6321=LINE('',#15585,#7651);
#6322=LINE('',#15587,#7652);
#6323=LINE('',#15589,#7653);
#6324=LINE('',#15591,#7654);
#6325=LINE('',#15593,#7655);
#6326=LINE('',#15595,#7656);
#6327=LINE('',#15597,#7657);
#6328=LINE('',#15599,#7658);
#6329=LINE('',#15601,#7659);
#6330=LINE('',#15603,#7660);
#6331=LINE('',#15605,#7661);
#6332=LINE('',#15607,#7662);
#6333=LINE('',#15609,#7663);
#6334=LINE('',#15611,#7664);
#6335=LINE('',#15613,#7665);
#6336=LINE('',#15615,#7666);
#6337=LINE('',#15617,#7667);
#6338=LINE('',#15619,#7668);
#6339=LINE('',#15621,#7669);
#6340=LINE('',#15623,#7670);
#6341=LINE('',#15626,#7671);
#6342=LINE('',#15627,#7672);
#6343=LINE('',#15629,#7673);
#6344=LINE('',#15631,#7674);
#6345=LINE('',#15633,#7675);
#6346=LINE('',#15635,#7676);
#6347=LINE('',#15637,#7677);
#6348=LINE('',#15639,#7678);
#6349=LINE('',#15641,#7679);
#6350=LINE('',#15643,#7680);
#6351=LINE('',#15645,#7681);
#6352=LINE('',#15647,#7682);
#6353=LINE('',#15649,#7683);
#6354=LINE('',#15651,#7684);
#6355=LINE('',#15653,#7685);
#6356=LINE('',#15655,#7686);
#6357=LINE('',#15657,#7687);
#6358=LINE('',#15659,#7688);
#6359=LINE('',#15661,#7689);
#6360=LINE('',#15663,#7690);
#6361=LINE('',#15665,#7691);
#6362=LINE('',#15667,#7692);
#6363=LINE('',#15669,#7693);
#6364=LINE('',#15671,#7694);
#6365=LINE('',#15673,#7695);
#6366=LINE('',#15675,#7696);
#6367=LINE('',#15677,#7697);
#6368=LINE('',#15679,#7698);
#6369=LINE('',#15681,#7699);
#6370=LINE('',#15683,#7700);
#6371=LINE('',#15685,#7701);
#6372=LINE('',#15687,#7702);
#6373=LINE('',#15689,#7703);
#6374=LINE('',#15691,#7704);
#6375=LINE('',#15693,#7705);
#6376=LINE('',#15695,#7706);
#6377=LINE('',#15697,#7707);
#6378=LINE('',#15699,#7708);
#6379=LINE('',#15701,#7709);
#6380=LINE('',#15703,#7710);
#6381=LINE('',#15705,#7711);
#6382=LINE('',#15707,#7712);
#6383=LINE('',#15709,#7713);
#6384=LINE('',#15711,#7714);
#6385=LINE('',#15713,#7715);
#6386=LINE('',#15715,#7716);
#6387=LINE('',#15717,#7717);
#6388=LINE('',#15719,#7718);
#6389=LINE('',#15721,#7719);
#6390=LINE('',#15723,#7720);
#6391=LINE('',#15725,#7721);
#6392=LINE('',#15727,#7722);
#6393=LINE('',#15729,#7723);
#6394=LINE('',#15731,#7724);
#6395=LINE('',#15733,#7725);
#6396=LINE('',#15735,#7726);
#6397=LINE('',#15737,#7727);
#6398=LINE('',#15739,#7728);
#6399=LINE('',#15741,#7729);
#6400=LINE('',#15743,#7730);
#6401=LINE('',#15745,#7731);
#6402=LINE('',#15747,#7732);
#6403=LINE('',#15749,#7733);
#6404=LINE('',#15751,#7734);
#6405=LINE('',#15753,#7735);
#6406=LINE('',#15755,#7736);
#6407=LINE('',#15757,#7737);
#6408=LINE('',#15759,#7738);
#6409=LINE('',#15761,#7739);
#6410=LINE('',#15763,#7740);
#6411=LINE('',#15765,#7741);
#6412=LINE('',#15767,#7742);
#6413=LINE('',#15769,#7743);
#6414=LINE('',#15771,#7744);
#6415=LINE('',#15773,#7745);
#6416=LINE('',#15775,#7746);
#6417=LINE('',#15777,#7747);
#6418=LINE('',#15779,#7748);
#6419=LINE('',#15781,#7749);
#6420=LINE('',#15783,#7750);
#6421=LINE('',#15785,#7751);
#6422=LINE('',#15787,#7752);
#6423=LINE('',#15789,#7753);
#6424=LINE('',#15791,#7754);
#6425=LINE('',#15793,#7755);
#6426=LINE('',#15795,#7756);
#6427=LINE('',#15797,#7757);
#6428=LINE('',#15799,#7758);
#6429=LINE('',#15801,#7759);
#6430=LINE('',#15803,#7760);
#6431=LINE('',#15805,#7761);
#6432=LINE('',#15807,#7762);
#6433=LINE('',#15809,#7763);
#6434=LINE('',#15811,#7764);
#6435=LINE('',#15813,#7765);
#6436=LINE('',#15815,#7766);
#6437=LINE('',#15817,#7767);
#6438=LINE('',#15819,#7768);
#6439=LINE('',#15821,#7769);
#6440=LINE('',#15823,#7770);
#6441=LINE('',#15825,#7771);
#6442=LINE('',#15827,#7772);
#6443=LINE('',#15829,#7773);
#6444=LINE('',#15831,#7774);
#6445=LINE('',#15833,#7775);
#6446=LINE('',#15835,#7776);
#6447=LINE('',#15837,#7777);
#6448=LINE('',#15839,#7778);
#6449=LINE('',#15842,#7779);
#6450=LINE('',#15843,#7780);
#6451=LINE('',#15845,#7781);
#6452=LINE('',#15847,#7782);
#6453=LINE('',#15849,#7783);
#6454=LINE('',#15851,#7784);
#6455=LINE('',#15853,#7785);
#6456=LINE('',#15855,#7786);
#6457=LINE('',#15857,#7787);
#6458=LINE('',#15859,#7788);
#6459=LINE('',#15861,#7789);
#6460=LINE('',#15863,#7790);
#6461=LINE('',#15866,#7791);
#6462=LINE('',#15867,#7792);
#6463=LINE('',#15869,#7793);
#6464=LINE('',#15871,#7794);
#6465=LINE('',#15873,#7795);
#6466=LINE('',#15875,#7796);
#6467=LINE('',#15877,#7797);
#6468=LINE('',#15879,#7798);
#6469=LINE('',#15881,#7799);
#6470=LINE('',#15883,#7800);
#6471=LINE('',#15885,#7801);
#6472=LINE('',#15887,#7802);
#6473=LINE('',#15889,#7803);
#6474=LINE('',#15891,#7804);
#6475=LINE('',#15893,#7805);
#6476=LINE('',#15895,#7806);
#6477=LINE('',#15897,#7807);
#6478=LINE('',#15903,#7808);
#6479=LINE('',#15905,#7809);
#6480=LINE('',#15907,#7810);
#6481=LINE('',#15909,#7811);
#6482=LINE('',#15911,#7812);
#6483=LINE('',#15913,#7813);
#6484=LINE('',#15961,#7814);
#6485=LINE('',#15964,#7815);
#6486=LINE('',#15966,#7816);
#6487=LINE('',#15968,#7817);
#6488=LINE('',#15970,#7818);
#6489=LINE('',#15972,#7819);
#6490=LINE('',#15974,#7820);
#6491=LINE('',#15976,#7821);
#6492=LINE('',#15978,#7822);
#6493=LINE('',#15980,#7823);
#6494=LINE('',#15982,#7824);
#6495=LINE('',#15984,#7825);
#6496=LINE('',#15986,#7826);
#6497=LINE('',#15988,#7827);
#6498=LINE('',#15990,#7828);
#6499=LINE('',#15992,#7829);
#6500=LINE('',#15994,#7830);
#6501=LINE('',#15996,#7831);
#6502=VECTOR('',#10406,1.);
#6503=VECTOR('',#10407,1.);
#6504=VECTOR('',#10408,1.);
#6505=VECTOR('',#10409,1.);
#6506=VECTOR('',#10414,1.);
#6507=VECTOR('',#10415,1.);
#6508=VECTOR('',#10416,1.);
#6509=VECTOR('',#10417,1.);
#6510=VECTOR('',#10418,1.);
#6511=VECTOR('',#10421,1.);
#6512=VECTOR('',#10422,1.);
#6513=VECTOR('',#10423,1.);
#6514=VECTOR('',#10428,1.);
#6515=VECTOR('',#10429,1.);
#6516=VECTOR('',#10432,1.);
#6517=VECTOR('',#10433,1.);
#6518=VECTOR('',#10436,1.);
#6519=VECTOR('',#10437,1.);
#6520=VECTOR('',#10440,1.);
#6521=VECTOR('',#10441,1.);
#6522=VECTOR('',#10444,1.);
#6523=VECTOR('',#10455,1.);
#6524=VECTOR('',#10464,1.);
#6525=VECTOR('',#10465,1.);
#6526=VECTOR('',#10466,1.);
#6527=VECTOR('',#10467,1.);
#6528=VECTOR('',#10470,1.);
#6529=VECTOR('',#10471,1.);
#6530=VECTOR('',#10472,1.);
#6531=VECTOR('',#10475,1.);
#6532=VECTOR('',#10476,1.);
#6533=VECTOR('',#10477,1.);
#6534=VECTOR('',#10480,1.);
#6535=VECTOR('',#10481,1.);
#6536=VECTOR('',#10482,1.);
#6537=VECTOR('',#10485,1.);
#6538=VECTOR('',#10486,1.);
#6539=VECTOR('',#10487,1.);
#6540=VECTOR('',#10490,1.);
#6541=VECTOR('',#10491,1.);
#6542=VECTOR('',#10492,1.);
#6543=VECTOR('',#10495,1.);
#6544=VECTOR('',#10496,1.);
#6545=VECTOR('',#10497,1.);
#6546=VECTOR('',#10500,1.);
#6547=VECTOR('',#10501,1.);
#6548=VECTOR('',#10508,1.);
#6549=VECTOR('',#10509,1.);
#6550=VECTOR('',#10510,1.);
#6551=VECTOR('',#10513,1.);
#6552=VECTOR('',#10514,1.);
#6553=VECTOR('',#10515,1.);
#6554=VECTOR('',#10518,1.);
#6555=VECTOR('',#10519,1.);
#6556=VECTOR('',#10520,1.);
#6557=VECTOR('',#10525,1.);
#6558=VECTOR('',#10530,1.);
#6559=VECTOR('',#10531,1.);
#6560=VECTOR('',#10532,1.);
#6561=VECTOR('',#10535,1.);
#6562=VECTOR('',#10536,1.);
#6563=VECTOR('',#10537,1.);
#6564=VECTOR('',#10540,1.);
#6565=VECTOR('',#10541,1.);
#6566=VECTOR('',#10542,1.);
#6567=VECTOR('',#10543,1.);
#6568=VECTOR('',#10548,1.);
#6569=VECTOR('',#10553,1.);
#6570=VECTOR('',#10554,1.);
#6571=VECTOR('',#10557,1.);
#6572=VECTOR('',#10558,1.);
#6573=VECTOR('',#10561,1.);
#6574=VECTOR('',#10608,1.);
#6575=VECTOR('',#10609,1.);
#6576=VECTOR('',#10610,1.);
#6577=VECTOR('',#10611,1.);
#6578=VECTOR('',#10614,1.);
#6579=VECTOR('',#10615,1.);
#6580=VECTOR('',#10616,1.);
#6581=VECTOR('',#10619,1.);
#6582=VECTOR('',#10620,1.);
#6583=VECTOR('',#10621,1.);
#6584=VECTOR('',#10624,1.);
#6585=VECTOR('',#10625,1.);
#6586=VECTOR('',#10626,1.);
#6587=VECTOR('',#10629,1.);
#6588=VECTOR('',#10630,1.);
#6589=VECTOR('',#10631,1.);
#6590=VECTOR('',#10634,1.);
#6591=VECTOR('',#10635,1.);
#6592=VECTOR('',#10636,1.);
#6593=VECTOR('',#10639,1.);
#6594=VECTOR('',#10640,1.);
#6595=VECTOR('',#10641,1.);
#6596=VECTOR('',#10644,1.);
#6597=VECTOR('',#10645,1.);
#6598=VECTOR('',#10646,1.);
#6599=VECTOR('',#10649,1.);
#6600=VECTOR('',#10650,1.);
#6601=VECTOR('',#10651,1.);
#6602=VECTOR('',#10654,1.);
#6603=VECTOR('',#10655,1.);
#6604=VECTOR('',#10656,1.);
#6605=VECTOR('',#10659,1.);
#6606=VECTOR('',#10660,1.);
#6607=VECTOR('',#10661,1.);
#6608=VECTOR('',#10664,1.);
#6609=VECTOR('',#10665,1.);
#6610=VECTOR('',#10666,1.);
#6611=VECTOR('',#10669,1.);
#6612=VECTOR('',#10670,1.);
#6613=VECTOR('',#10671,1.);
#6614=VECTOR('',#10674,1.);
#6615=VECTOR('',#10675,1.);
#6616=VECTOR('',#10676,1.);
#6617=VECTOR('',#10679,1.);
#6618=VECTOR('',#10680,1.);
#6619=VECTOR('',#10681,1.);
#6620=VECTOR('',#10684,1.);
#6621=VECTOR('',#10685,1.);
#6622=VECTOR('',#10686,1.);
#6623=VECTOR('',#10689,1.);
#6624=VECTOR('',#10690,1.);
#6625=VECTOR('',#10691,1.);
#6626=VECTOR('',#10694,1.);
#6627=VECTOR('',#10695,1.);
#6628=VECTOR('',#10696,1.);
#6629=VECTOR('',#10699,1.);
#6630=VECTOR('',#10700,1.);
#6631=VECTOR('',#10701,1.);
#6632=VECTOR('',#10704,1.);
#6633=VECTOR('',#10705,1.);
#6634=VECTOR('',#10706,1.);
#6635=VECTOR('',#10709,1.);
#6636=VECTOR('',#10710,1.);
#6637=VECTOR('',#10711,1.);
#6638=VECTOR('',#10714,1.);
#6639=VECTOR('',#10715,1.);
#6640=VECTOR('',#10716,1.);
#6641=VECTOR('',#10719,1.);
#6642=VECTOR('',#10720,1.);
#6643=VECTOR('',#10721,1.);
#6644=VECTOR('',#10724,1.);
#6645=VECTOR('',#10725,1.);
#6646=VECTOR('',#10726,1.);
#6647=VECTOR('',#10729,1.);
#6648=VECTOR('',#10730,1.);
#6649=VECTOR('',#10731,1.);
#6650=VECTOR('',#10734,1.);
#6651=VECTOR('',#10735,1.);
#6652=VECTOR('',#10736,1.);
#6653=VECTOR('',#10739,1.);
#6654=VECTOR('',#10740,1.);
#6655=VECTOR('',#10741,1.);
#6656=VECTOR('',#10744,1.);
#6657=VECTOR('',#10745,1.);
#6658=VECTOR('',#10746,1.);
#6659=VECTOR('',#10749,1.);
#6660=VECTOR('',#10750,1.);
#6661=VECTOR('',#10751,1.);
#6662=VECTOR('',#10754,1.);
#6663=VECTOR('',#10755,1.);
#6664=VECTOR('',#10756,1.);
#6665=VECTOR('',#10759,1.);
#6666=VECTOR('',#10760,1.);
#6667=VECTOR('',#10761,1.);
#6668=VECTOR('',#10764,1.);
#6669=VECTOR('',#10765,1.);
#6670=VECTOR('',#10766,1.);
#6671=VECTOR('',#10769,1.);
#6672=VECTOR('',#10770,1.);
#6673=VECTOR('',#10771,1.);
#6674=VECTOR('',#10774,1.);
#6675=VECTOR('',#10775,1.);
#6676=VECTOR('',#10776,1.);
#6677=VECTOR('',#10779,1.);
#6678=VECTOR('',#10780,1.);
#6679=VECTOR('',#10781,1.);
#6680=VECTOR('',#10784,1.);
#6681=VECTOR('',#10785,1.);
#6682=VECTOR('',#10786,1.);
#6683=VECTOR('',#10789,1.);
#6684=VECTOR('',#10790,1.);
#6685=VECTOR('',#10791,1.);
#6686=VECTOR('',#10794,1.);
#6687=VECTOR('',#10795,1.);
#6688=VECTOR('',#10796,1.);
#6689=VECTOR('',#10799,1.);
#6690=VECTOR('',#10800,1.);
#6691=VECTOR('',#10801,1.);
#6692=VECTOR('',#10804,1.);
#6693=VECTOR('',#10805,1.);
#6694=VECTOR('',#10806,1.);
#6695=VECTOR('',#10809,1.);
#6696=VECTOR('',#10810,1.);
#6697=VECTOR('',#10811,1.);
#6698=VECTOR('',#10814,1.);
#6699=VECTOR('',#10815,1.);
#6700=VECTOR('',#10816,1.);
#6701=VECTOR('',#10819,1.);
#6702=VECTOR('',#10820,1.);
#6703=VECTOR('',#10821,1.);
#6704=VECTOR('',#10824,1.);
#6705=VECTOR('',#10825,1.);
#6706=VECTOR('',#10826,1.);
#6707=VECTOR('',#10829,1.);
#6708=VECTOR('',#10830,1.);
#6709=VECTOR('',#10831,1.);
#6710=VECTOR('',#10834,1.);
#6711=VECTOR('',#10835,1.);
#6712=VECTOR('',#10836,1.);
#6713=VECTOR('',#10839,1.);
#6714=VECTOR('',#10840,1.);
#6715=VECTOR('',#10841,1.);
#6716=VECTOR('',#10844,1.);
#6717=VECTOR('',#10845,1.);
#6718=VECTOR('',#10846,1.);
#6719=VECTOR('',#10849,1.);
#6720=VECTOR('',#10850,1.);
#6721=VECTOR('',#10851,1.);
#6722=VECTOR('',#10854,1.);
#6723=VECTOR('',#10855,1.);
#6724=VECTOR('',#10856,1.);
#6725=VECTOR('',#10859,1.);
#6726=VECTOR('',#10860,1.);
#6727=VECTOR('',#10861,1.);
#6728=VECTOR('',#10864,1.);
#6729=VECTOR('',#10865,1.);
#6730=VECTOR('',#10866,1.);
#6731=VECTOR('',#10869,1.);
#6732=VECTOR('',#10870,1.);
#6733=VECTOR('',#10871,1.);
#6734=VECTOR('',#10874,1.);
#6735=VECTOR('',#10875,1.);
#6736=VECTOR('',#10876,1.);
#6737=VECTOR('',#10879,1.);
#6738=VECTOR('',#10880,1.);
#6739=VECTOR('',#10881,1.);
#6740=VECTOR('',#10884,1.);
#6741=VECTOR('',#10885,1.);
#6742=VECTOR('',#10886,1.);
#6743=VECTOR('',#10889,1.);
#6744=VECTOR('',#10890,1.);
#6745=VECTOR('',#10891,1.);
#6746=VECTOR('',#10894,1.);
#6747=VECTOR('',#10895,1.);
#6748=VECTOR('',#10896,1.);
#6749=VECTOR('',#10899,1.);
#6750=VECTOR('',#10900,1.);
#6751=VECTOR('',#10901,1.);
#6752=VECTOR('',#10904,1.);
#6753=VECTOR('',#10905,1.);
#6754=VECTOR('',#10906,1.);
#6755=VECTOR('',#10909,1.);
#6756=VECTOR('',#10910,1.);
#6757=VECTOR('',#10911,1.);
#6758=VECTOR('',#10914,1.);
#6759=VECTOR('',#10915,1.);
#6760=VECTOR('',#10916,1.);
#6761=VECTOR('',#10919,1.);
#6762=VECTOR('',#10920,1.);
#6763=VECTOR('',#10921,1.);
#6764=VECTOR('',#10924,1.);
#6765=VECTOR('',#10925,1.);
#6766=VECTOR('',#10926,1.);
#6767=VECTOR('',#10929,1.);
#6768=VECTOR('',#10930,1.);
#6769=VECTOR('',#10931,1.);
#6770=VECTOR('',#10934,1.);
#6771=VECTOR('',#10935,1.);
#6772=VECTOR('',#10936,1.);
#6773=VECTOR('',#10939,1.);
#6774=VECTOR('',#10940,1.);
#6775=VECTOR('',#10941,1.);
#6776=VECTOR('',#10944,1.);
#6777=VECTOR('',#10945,1.);
#6778=VECTOR('',#10946,1.);
#6779=VECTOR('',#10949,1.);
#6780=VECTOR('',#10950,1.);
#6781=VECTOR('',#10951,1.);
#6782=VECTOR('',#10954,1.);
#6783=VECTOR('',#10955,1.);
#6784=VECTOR('',#10956,1.);
#6785=VECTOR('',#10959,1.);
#6786=VECTOR('',#10960,1.);
#6787=VECTOR('',#10961,1.);
#6788=VECTOR('',#10964,1.);
#6789=VECTOR('',#10965,1.);
#6790=VECTOR('',#10966,1.);
#6791=VECTOR('',#10969,1.);
#6792=VECTOR('',#10970,1.);
#6793=VECTOR('',#10971,1.);
#6794=VECTOR('',#10974,1.);
#6795=VECTOR('',#10975,1.);
#6796=VECTOR('',#10976,1.);
#6797=VECTOR('',#10979,1.);
#6798=VECTOR('',#10980,1.);
#6799=VECTOR('',#10981,1.);
#6800=VECTOR('',#10984,1.);
#6801=VECTOR('',#10985,1.);
#6802=VECTOR('',#10986,1.);
#6803=VECTOR('',#10989,1.);
#6804=VECTOR('',#10990,1.);
#6805=VECTOR('',#10991,1.);
#6806=VECTOR('',#10994,1.);
#6807=VECTOR('',#10995,1.);
#6808=VECTOR('',#10996,1.);
#6809=VECTOR('',#10999,1.);
#6810=VECTOR('',#11000,1.);
#6811=VECTOR('',#11001,1.);
#6812=VECTOR('',#11004,1.);
#6813=VECTOR('',#11005,1.);
#6814=VECTOR('',#11006,1.);
#6815=VECTOR('',#11009,1.);
#6816=VECTOR('',#11010,1.);
#6817=VECTOR('',#11011,1.);
#6818=VECTOR('',#11014,1.);
#6819=VECTOR('',#11015,1.);
#6820=VECTOR('',#11016,1.);
#6821=VECTOR('',#11019,1.);
#6822=VECTOR('',#11020,1.);
#6823=VECTOR('',#11021,1.);
#6824=VECTOR('',#11024,1.);
#6825=VECTOR('',#11025,1.);
#6826=VECTOR('',#11026,1.);
#6827=VECTOR('',#11029,1.);
#6828=VECTOR('',#11030,1.);
#6829=VECTOR('',#11031,1.);
#6830=VECTOR('',#11034,1.);
#6831=VECTOR('',#11035,1.);
#6832=VECTOR('',#11036,1.);
#6833=VECTOR('',#11039,1.);
#6834=VECTOR('',#11040,1.);
#6835=VECTOR('',#11041,1.);
#6836=VECTOR('',#11044,1.);
#6837=VECTOR('',#11045,1.);
#6838=VECTOR('',#11046,1.);
#6839=VECTOR('',#11049,1.);
#6840=VECTOR('',#11050,1.);
#6841=VECTOR('',#11051,1.);
#6842=VECTOR('',#11054,1.);
#6843=VECTOR('',#11055,1.);
#6844=VECTOR('',#11056,1.);
#6845=VECTOR('',#11059,1.);
#6846=VECTOR('',#11060,1.);
#6847=VECTOR('',#11061,1.);
#6848=VECTOR('',#11064,1.);
#6849=VECTOR('',#11065,1.);
#6850=VECTOR('',#11066,1.);
#6851=VECTOR('',#11069,1.);
#6852=VECTOR('',#11070,1.);
#6853=VECTOR('',#11071,1.);
#6854=VECTOR('',#11074,1.);
#6855=VECTOR('',#11075,1.);
#6856=VECTOR('',#11076,1.);
#6857=VECTOR('',#11079,1.);
#6858=VECTOR('',#11080,1.);
#6859=VECTOR('',#11081,1.);
#6860=VECTOR('',#11084,1.);
#6861=VECTOR('',#11085,1.);
#6862=VECTOR('',#11086,1.);
#6863=VECTOR('',#11089,1.);
#6864=VECTOR('',#11090,1.);
#6865=VECTOR('',#11091,1.);
#6866=VECTOR('',#11094,1.);
#6867=VECTOR('',#11095,1.);
#6868=VECTOR('',#11096,1.);
#6869=VECTOR('',#11099,1.);
#6870=VECTOR('',#11100,1.);
#6871=VECTOR('',#11101,1.);
#6872=VECTOR('',#11104,1.);
#6873=VECTOR('',#11105,1.);
#6874=VECTOR('',#11106,1.);
#6875=VECTOR('',#11109,1.);
#6876=VECTOR('',#11110,1.);
#6877=VECTOR('',#11111,1.);
#6878=VECTOR('',#11114,1.);
#6879=VECTOR('',#11115,1.);
#6880=VECTOR('',#11116,1.);
#6881=VECTOR('',#11119,1.);
#6882=VECTOR('',#11120,1.);
#6883=VECTOR('',#11121,1.);
#6884=VECTOR('',#11124,1.);
#6885=VECTOR('',#11125,1.);
#6886=VECTOR('',#11126,1.);
#6887=VECTOR('',#11129,1.);
#6888=VECTOR('',#11130,1.);
#6889=VECTOR('',#11131,1.);
#6890=VECTOR('',#11134,1.);
#6891=VECTOR('',#11135,1.);
#6892=VECTOR('',#11136,1.);
#6893=VECTOR('',#11139,1.);
#6894=VECTOR('',#11140,1.);
#6895=VECTOR('',#11141,1.);
#6896=VECTOR('',#11144,1.);
#6897=VECTOR('',#11145,1.);
#6898=VECTOR('',#11146,1.);
#6899=VECTOR('',#11149,1.);
#6900=VECTOR('',#11150,1.);
#6901=VECTOR('',#11151,1.);
#6902=VECTOR('',#11154,1.);
#6903=VECTOR('',#11155,1.);
#6904=VECTOR('',#11156,1.);
#6905=VECTOR('',#11159,1.);
#6906=VECTOR('',#11160,1.);
#6907=VECTOR('',#11161,1.);
#6908=VECTOR('',#11164,1.);
#6909=VECTOR('',#11165,1.);
#6910=VECTOR('',#11166,1.);
#6911=VECTOR('',#11169,1.);
#6912=VECTOR('',#11170,1.);
#6913=VECTOR('',#11171,1.);
#6914=VECTOR('',#11174,1.);
#6915=VECTOR('',#11175,1.);
#6916=VECTOR('',#11176,1.);
#6917=VECTOR('',#11179,1.);
#6918=VECTOR('',#11180,1.);
#6919=VECTOR('',#11181,1.);
#6920=VECTOR('',#11184,1.);
#6921=VECTOR('',#11185,1.);
#6922=VECTOR('',#11186,1.);
#6923=VECTOR('',#11189,1.);
#6924=VECTOR('',#11190,1.);
#6925=VECTOR('',#11191,1.);
#6926=VECTOR('',#11194,1.);
#6927=VECTOR('',#11195,1.);
#6928=VECTOR('',#11196,1.);
#6929=VECTOR('',#11199,1.);
#6930=VECTOR('',#11200,1.);
#6931=VECTOR('',#11201,1.);
#6932=VECTOR('',#11204,1.);
#6933=VECTOR('',#11205,1.);
#6934=VECTOR('',#11206,1.);
#6935=VECTOR('',#11209,1.);
#6936=VECTOR('',#11210,1.);
#6937=VECTOR('',#11211,1.);
#6938=VECTOR('',#11214,1.);
#6939=VECTOR('',#11215,1.);
#6940=VECTOR('',#11216,1.);
#6941=VECTOR('',#11219,1.);
#6942=VECTOR('',#11220,1.);
#6943=VECTOR('',#11221,1.);
#6944=VECTOR('',#11224,1.);
#6945=VECTOR('',#11225,1.);
#6946=VECTOR('',#11226,1.);
#6947=VECTOR('',#11229,1.);
#6948=VECTOR('',#11230,1.);
#6949=VECTOR('',#11231,1.);
#6950=VECTOR('',#11234,1.);
#6951=VECTOR('',#11235,1.);
#6952=VECTOR('',#11244,1.);
#6953=VECTOR('',#11245,1.);
#6954=VECTOR('',#11246,1.);
#6955=VECTOR('',#11247,1.);
#6956=VECTOR('',#11250,1.);
#6957=VECTOR('',#11251,1.);
#6958=VECTOR('',#11252,1.);
#6959=VECTOR('',#11255,1.);
#6960=VECTOR('',#11256,1.);
#6961=VECTOR('',#11257,1.);
#6962=VECTOR('',#11260,1.);
#6963=VECTOR('',#11261,1.);
#6964=VECTOR('',#11262,1.);
#6965=VECTOR('',#11265,1.);
#6966=VECTOR('',#11266,1.);
#6967=VECTOR('',#11267,1.);
#6968=VECTOR('',#11270,1.);
#6969=VECTOR('',#11271,1.);
#6970=VECTOR('',#11272,1.);
#6971=VECTOR('',#11275,1.);
#6972=VECTOR('',#11276,1.);
#6973=VECTOR('',#11277,1.);
#6974=VECTOR('',#11280,1.);
#6975=VECTOR('',#11281,1.);
#6976=VECTOR('',#11282,1.);
#6977=VECTOR('',#11285,1.);
#6978=VECTOR('',#11286,1.);
#6979=VECTOR('',#11287,1.);
#6980=VECTOR('',#11290,1.);
#6981=VECTOR('',#11291,1.);
#6982=VECTOR('',#11292,1.);
#6983=VECTOR('',#11295,1.);
#6984=VECTOR('',#11296,1.);
#6985=VECTOR('',#11297,1.);
#6986=VECTOR('',#11300,1.);
#6987=VECTOR('',#11301,1.);
#6988=VECTOR('',#11302,1.);
#6989=VECTOR('',#11305,1.);
#6990=VECTOR('',#11306,1.);
#6991=VECTOR('',#11307,1.);
#6992=VECTOR('',#11310,1.);
#6993=VECTOR('',#11311,1.);
#6994=VECTOR('',#11312,1.);
#6995=VECTOR('',#11315,1.);
#6996=VECTOR('',#11316,1.);
#6997=VECTOR('',#11317,1.);
#6998=VECTOR('',#11320,1.);
#6999=VECTOR('',#11321,1.);
#7000=VECTOR('',#11322,1.);
#7001=VECTOR('',#11325,1.);
#7002=VECTOR('',#11326,1.);
#7003=VECTOR('',#11327,1.);
#7004=VECTOR('',#11330,1.);
#7005=VECTOR('',#11331,1.);
#7006=VECTOR('',#11332,1.);
#7007=VECTOR('',#11335,1.);
#7008=VECTOR('',#11336,1.);
#7009=VECTOR('',#11337,1.);
#7010=VECTOR('',#11340,1.);
#7011=VECTOR('',#11341,1.);
#7012=VECTOR('',#11342,1.);
#7013=VECTOR('',#11345,1.);
#7014=VECTOR('',#11346,1.);
#7015=VECTOR('',#11347,1.);
#7016=VECTOR('',#11350,1.);
#7017=VECTOR('',#11351,1.);
#7018=VECTOR('',#11352,1.);
#7019=VECTOR('',#11355,1.);
#7020=VECTOR('',#11356,1.);
#7021=VECTOR('',#11357,1.);
#7022=VECTOR('',#11360,1.);
#7023=VECTOR('',#11361,1.);
#7024=VECTOR('',#11362,1.);
#7025=VECTOR('',#11365,1.);
#7026=VECTOR('',#11366,1.);
#7027=VECTOR('',#11367,1.);
#7028=VECTOR('',#11370,1.);
#7029=VECTOR('',#11371,1.);
#7030=VECTOR('',#11372,1.);
#7031=VECTOR('',#11375,1.);
#7032=VECTOR('',#11376,1.);
#7033=VECTOR('',#11377,1.);
#7034=VECTOR('',#11380,1.);
#7035=VECTOR('',#11381,1.);
#7036=VECTOR('',#11382,1.);
#7037=VECTOR('',#11385,1.);
#7038=VECTOR('',#11386,1.);
#7039=VECTOR('',#11387,1.);
#7040=VECTOR('',#11390,1.);
#7041=VECTOR('',#11391,1.);
#7042=VECTOR('',#11392,1.);
#7043=VECTOR('',#11395,1.);
#7044=VECTOR('',#11396,1.);
#7045=VECTOR('',#11397,1.);
#7046=VECTOR('',#11400,1.);
#7047=VECTOR('',#11401,1.);
#7048=VECTOR('',#11402,1.);
#7049=VECTOR('',#11405,1.);
#7050=VECTOR('',#11406,1.);
#7051=VECTOR('',#11407,1.);
#7052=VECTOR('',#11410,1.);
#7053=VECTOR('',#11411,1.);
#7054=VECTOR('',#11412,1.);
#7055=VECTOR('',#11415,1.);
#7056=VECTOR('',#11416,1.);
#7057=VECTOR('',#11417,1.);
#7058=VECTOR('',#11420,1.);
#7059=VECTOR('',#11421,1.);
#7060=VECTOR('',#11422,1.);
#7061=VECTOR('',#11425,1.);
#7062=VECTOR('',#11426,1.);
#7063=VECTOR('',#11427,1.);
#7064=VECTOR('',#11430,1.);
#7065=VECTOR('',#11431,1.);
#7066=VECTOR('',#11432,1.);
#7067=VECTOR('',#11435,1.);
#7068=VECTOR('',#11436,1.);
#7069=VECTOR('',#11437,1.);
#7070=VECTOR('',#11440,1.);
#7071=VECTOR('',#11441,1.);
#7072=VECTOR('',#11442,1.);
#7073=VECTOR('',#11445,1.);
#7074=VECTOR('',#11446,1.);
#7075=VECTOR('',#11447,1.);
#7076=VECTOR('',#11450,1.);
#7077=VECTOR('',#11451,1.);
#7078=VECTOR('',#11452,1.);
#7079=VECTOR('',#11455,1.);
#7080=VECTOR('',#11456,1.);
#7081=VECTOR('',#11457,1.);
#7082=VECTOR('',#11460,1.);
#7083=VECTOR('',#11461,1.);
#7084=VECTOR('',#11462,1.);
#7085=VECTOR('',#11465,1.);
#7086=VECTOR('',#11466,1.);
#7087=VECTOR('',#11467,1.);
#7088=VECTOR('',#11470,1.);
#7089=VECTOR('',#11471,1.);
#7090=VECTOR('',#11472,1.);
#7091=VECTOR('',#11475,1.);
#7092=VECTOR('',#11476,1.);
#7093=VECTOR('',#11477,1.);
#7094=VECTOR('',#11480,1.);
#7095=VECTOR('',#11481,1.);
#7096=VECTOR('',#11482,1.);
#7097=VECTOR('',#11485,1.);
#7098=VECTOR('',#11486,1.);
#7099=VECTOR('',#11487,1.);
#7100=VECTOR('',#11490,1.);
#7101=VECTOR('',#11491,1.);
#7102=VECTOR('',#11492,1.);
#7103=VECTOR('',#11495,1.);
#7104=VECTOR('',#11496,1.);
#7105=VECTOR('',#11497,1.);
#7106=VECTOR('',#11500,1.);
#7107=VECTOR('',#11501,1.);
#7108=VECTOR('',#11502,1.);
#7109=VECTOR('',#11505,1.);
#7110=VECTOR('',#11506,1.);
#7111=VECTOR('',#11507,1.);
#7112=VECTOR('',#11510,1.);
#7113=VECTOR('',#11511,1.);
#7114=VECTOR('',#11512,1.);
#7115=VECTOR('',#11515,1.);
#7116=VECTOR('',#11516,1.);
#7117=VECTOR('',#11517,1.);
#7118=VECTOR('',#11520,1.);
#7119=VECTOR('',#11521,1.);
#7120=VECTOR('',#11522,1.);
#7121=VECTOR('',#11525,1.);
#7122=VECTOR('',#11526,1.);
#7123=VECTOR('',#11527,1.);
#7124=VECTOR('',#11530,1.);
#7125=VECTOR('',#11531,1.);
#7126=VECTOR('',#11532,1.);
#7127=VECTOR('',#11535,1.);
#7128=VECTOR('',#11536,1.);
#7129=VECTOR('',#11537,1.);
#7130=VECTOR('',#11540,1.);
#7131=VECTOR('',#11541,1.);
#7132=VECTOR('',#11542,1.);
#7133=VECTOR('',#11545,1.);
#7134=VECTOR('',#11546,1.);
#7135=VECTOR('',#11547,1.);
#7136=VECTOR('',#11550,1.);
#7137=VECTOR('',#11551,1.);
#7138=VECTOR('',#11552,1.);
#7139=VECTOR('',#11555,1.);
#7140=VECTOR('',#11556,1.);
#7141=VECTOR('',#11557,1.);
#7142=VECTOR('',#11560,1.);
#7143=VECTOR('',#11561,1.);
#7144=VECTOR('',#11562,1.);
#7145=VECTOR('',#11565,1.);
#7146=VECTOR('',#11566,1.);
#7147=VECTOR('',#11567,1.);
#7148=VECTOR('',#11570,1.);
#7149=VECTOR('',#11571,1.);
#7150=VECTOR('',#11572,1.);
#7151=VECTOR('',#11575,1.);
#7152=VECTOR('',#11576,1.);
#7153=VECTOR('',#11577,1.);
#7154=VECTOR('',#11580,1.);
#7155=VECTOR('',#11581,1.);
#7156=VECTOR('',#11582,1.);
#7157=VECTOR('',#11585,1.);
#7158=VECTOR('',#11586,1.);
#7159=VECTOR('',#11587,1.);
#7160=VECTOR('',#11590,1.);
#7161=VECTOR('',#11591,1.);
#7162=VECTOR('',#11592,1.);
#7163=VECTOR('',#11595,1.);
#7164=VECTOR('',#11596,1.);
#7165=VECTOR('',#11597,1.);
#7166=VECTOR('',#11600,1.);
#7167=VECTOR('',#11601,1.);
#7168=VECTOR('',#11602,1.);
#7169=VECTOR('',#11605,1.);
#7170=VECTOR('',#11606,1.);
#7171=VECTOR('',#11607,1.);
#7172=VECTOR('',#11610,1.);
#7173=VECTOR('',#11611,1.);
#7174=VECTOR('',#11612,1.);
#7175=VECTOR('',#11615,1.);
#7176=VECTOR('',#11616,1.);
#7177=VECTOR('',#11617,1.);
#7178=VECTOR('',#11620,1.);
#7179=VECTOR('',#11621,1.);
#7180=VECTOR('',#11622,1.);
#7181=VECTOR('',#11625,1.);
#7182=VECTOR('',#11626,1.);
#7183=VECTOR('',#11627,1.);
#7184=VECTOR('',#11630,1.);
#7185=VECTOR('',#11631,1.);
#7186=VECTOR('',#11632,1.);
#7187=VECTOR('',#11635,1.);
#7188=VECTOR('',#11636,1.);
#7189=VECTOR('',#11637,1.);
#7190=VECTOR('',#11640,1.);
#7191=VECTOR('',#11641,1.);
#7192=VECTOR('',#11642,1.);
#7193=VECTOR('',#11645,1.);
#7194=VECTOR('',#11646,1.);
#7195=VECTOR('',#11647,1.);
#7196=VECTOR('',#11650,1.);
#7197=VECTOR('',#11651,1.);
#7198=VECTOR('',#11652,1.);
#7199=VECTOR('',#11655,1.);
#7200=VECTOR('',#11656,1.);
#7201=VECTOR('',#11657,1.);
#7202=VECTOR('',#11660,1.);
#7203=VECTOR('',#11661,1.);
#7204=VECTOR('',#11662,1.);
#7205=VECTOR('',#11665,1.);
#7206=VECTOR('',#11666,1.);
#7207=VECTOR('',#11667,1.);
#7208=VECTOR('',#11670,1.);
#7209=VECTOR('',#11671,1.);
#7210=VECTOR('',#11672,1.);
#7211=VECTOR('',#11675,1.);
#7212=VECTOR('',#11676,1.);
#7213=VECTOR('',#11677,1.);
#7214=VECTOR('',#11680,1.);
#7215=VECTOR('',#11681,1.);
#7216=VECTOR('',#11682,1.);
#7217=VECTOR('',#11685,1.);
#7218=VECTOR('',#11686,1.);
#7219=VECTOR('',#11687,1.);
#7220=VECTOR('',#11690,1.);
#7221=VECTOR('',#11691,1.);
#7222=VECTOR('',#11692,1.);
#7223=VECTOR('',#11695,1.);
#7224=VECTOR('',#11696,1.);
#7225=VECTOR('',#11697,1.);
#7226=VECTOR('',#11700,1.);
#7227=VECTOR('',#11701,1.);
#7228=VECTOR('',#11702,1.);
#7229=VECTOR('',#11705,1.);
#7230=VECTOR('',#11706,1.);
#7231=VECTOR('',#11707,1.);
#7232=VECTOR('',#11710,1.);
#7233=VECTOR('',#11711,1.);
#7234=VECTOR('',#11712,1.);
#7235=VECTOR('',#11715,1.);
#7236=VECTOR('',#11716,1.);
#7237=VECTOR('',#11717,1.);
#7238=VECTOR('',#11720,1.);
#7239=VECTOR('',#11721,1.);
#7240=VECTOR('',#11722,1.);
#7241=VECTOR('',#11725,1.);
#7242=VECTOR('',#11726,1.);
#7243=VECTOR('',#11727,1.);
#7244=VECTOR('',#11730,1.);
#7245=VECTOR('',#11731,1.);
#7246=VECTOR('',#11732,1.);
#7247=VECTOR('',#11735,1.);
#7248=VECTOR('',#11736,1.);
#7249=VECTOR('',#11737,1.);
#7250=VECTOR('',#11740,1.);
#7251=VECTOR('',#11741,1.);
#7252=VECTOR('',#11742,1.);
#7253=VECTOR('',#11745,1.);
#7254=VECTOR('',#11746,1.);
#7255=VECTOR('',#11747,1.);
#7256=VECTOR('',#11750,1.);
#7257=VECTOR('',#11751,1.);
#7258=VECTOR('',#11752,1.);
#7259=VECTOR('',#11755,1.);
#7260=VECTOR('',#11756,1.);
#7261=VECTOR('',#11757,1.);
#7262=VECTOR('',#11760,1.);
#7263=VECTOR('',#11761,1.);
#7264=VECTOR('',#11762,1.);
#7265=VECTOR('',#11765,1.);
#7266=VECTOR('',#11766,1.);
#7267=VECTOR('',#11767,1.);
#7268=VECTOR('',#11770,1.);
#7269=VECTOR('',#11771,1.);
#7270=VECTOR('',#11772,1.);
#7271=VECTOR('',#11775,1.);
#7272=VECTOR('',#11776,1.);
#7273=VECTOR('',#11777,1.);
#7274=VECTOR('',#11780,1.);
#7275=VECTOR('',#11781,1.);
#7276=VECTOR('',#11782,1.);
#7277=VECTOR('',#11785,1.);
#7278=VECTOR('',#11786,1.);
#7279=VECTOR('',#11787,1.);
#7280=VECTOR('',#11790,1.);
#7281=VECTOR('',#11791,1.);
#7282=VECTOR('',#11792,1.);
#7283=VECTOR('',#11795,1.);
#7284=VECTOR('',#11796,1.);
#7285=VECTOR('',#11797,1.);
#7286=VECTOR('',#11800,1.);
#7287=VECTOR('',#11801,1.);
#7288=VECTOR('',#11802,1.);
#7289=VECTOR('',#11805,1.);
#7290=VECTOR('',#11806,1.);
#7291=VECTOR('',#11807,1.);
#7292=VECTOR('',#11810,1.);
#7293=VECTOR('',#11811,1.);
#7294=VECTOR('',#11812,1.);
#7295=VECTOR('',#11815,1.);
#7296=VECTOR('',#11816,1.);
#7297=VECTOR('',#11817,1.);
#7298=VECTOR('',#11820,1.);
#7299=VECTOR('',#11821,1.);
#7300=VECTOR('',#11822,1.);
#7301=VECTOR('',#11825,1.);
#7302=VECTOR('',#11826,1.);
#7303=VECTOR('',#11827,1.);
#7304=VECTOR('',#11830,1.);
#7305=VECTOR('',#11831,1.);
#7306=VECTOR('',#11832,1.);
#7307=VECTOR('',#11835,1.);
#7308=VECTOR('',#11836,1.);
#7309=VECTOR('',#11837,1.);
#7310=VECTOR('',#11840,1.);
#7311=VECTOR('',#11841,1.);
#7312=VECTOR('',#11842,1.);
#7313=VECTOR('',#11845,1.);
#7314=VECTOR('',#11846,1.);
#7315=VECTOR('',#11847,1.);
#7316=VECTOR('',#11850,1.);
#7317=VECTOR('',#11851,1.);
#7318=VECTOR('',#11852,1.);
#7319=VECTOR('',#11855,1.);
#7320=VECTOR('',#11856,1.);
#7321=VECTOR('',#11857,1.);
#7322=VECTOR('',#11860,1.);
#7323=VECTOR('',#11861,1.);
#7324=VECTOR('',#11862,1.);
#7325=VECTOR('',#11865,1.);
#7326=VECTOR('',#11866,1.);
#7327=VECTOR('',#11867,1.);
#7328=VECTOR('',#11870,1.);
#7329=VECTOR('',#11871,1.);
#7330=VECTOR('',#11874,1.);
#7331=VECTOR('',#11875,1.);
#7332=VECTOR('',#11876,1.);
#7333=VECTOR('',#11877,1.);
#7334=VECTOR('',#11880,1.);
#7335=VECTOR('',#11881,1.);
#7336=VECTOR('',#11882,1.);
#7337=VECTOR('',#11885,1.);
#7338=VECTOR('',#11886,1.);
#7339=VECTOR('',#11887,1.);
#7340=VECTOR('',#11890,1.);
#7341=VECTOR('',#11891,1.);
#7342=VECTOR('',#11892,1.);
#7343=VECTOR('',#11895,1.);
#7344=VECTOR('',#11896,1.);
#7345=VECTOR('',#11897,1.);
#7346=VECTOR('',#11900,1.);
#7347=VECTOR('',#11901,1.);
#7348=VECTOR('',#11902,1.);
#7349=VECTOR('',#11905,1.);
#7350=VECTOR('',#11906,1.);
#7351=VECTOR('',#11907,1.);
#7352=VECTOR('',#11910,1.);
#7353=VECTOR('',#11911,1.);
#7354=VECTOR('',#11912,1.);
#7355=VECTOR('',#11915,1.);
#7356=VECTOR('',#11916,1.);
#7357=VECTOR('',#11917,1.);
#7358=VECTOR('',#11920,1.);
#7359=VECTOR('',#11921,1.);
#7360=VECTOR('',#11922,1.);
#7361=VECTOR('',#11925,1.);
#7362=VECTOR('',#11926,1.);
#7363=VECTOR('',#11927,1.);
#7364=VECTOR('',#11930,1.);
#7365=VECTOR('',#11931,1.);
#7366=VECTOR('',#11932,1.);
#7367=VECTOR('',#11935,1.);
#7368=VECTOR('',#11936,1.);
#7369=VECTOR('',#11937,1.);
#7370=VECTOR('',#11940,1.);
#7371=VECTOR('',#11941,1.);
#7372=VECTOR('',#11942,1.);
#7373=VECTOR('',#11945,1.);
#7374=VECTOR('',#11946,1.);
#7375=VECTOR('',#11947,1.);
#7376=VECTOR('',#11950,1.);
#7377=VECTOR('',#11951,1.);
#7378=VECTOR('',#11952,1.);
#7379=VECTOR('',#11955,1.);
#7380=VECTOR('',#11956,1.);
#7381=VECTOR('',#11957,1.);
#7382=VECTOR('',#11960,1.);
#7383=VECTOR('',#11961,1.);
#7384=VECTOR('',#11962,1.);
#7385=VECTOR('',#11965,1.);
#7386=VECTOR('',#11966,1.);
#7387=VECTOR('',#11967,1.);
#7388=VECTOR('',#11970,1.);
#7389=VECTOR('',#11971,1.);
#7390=VECTOR('',#11972,1.);
#7391=VECTOR('',#11975,1.);
#7392=VECTOR('',#11976,1.);
#7393=VECTOR('',#11977,1.);
#7394=VECTOR('',#11980,1.);
#7395=VECTOR('',#11981,1.);
#7396=VECTOR('',#11982,1.);
#7397=VECTOR('',#11985,1.);
#7398=VECTOR('',#11986,1.);
#7399=VECTOR('',#11987,1.);
#7400=VECTOR('',#11990,1.);
#7401=VECTOR('',#11991,1.);
#7402=VECTOR('',#11992,1.);
#7403=VECTOR('',#11995,1.);
#7404=VECTOR('',#11996,1.);
#7405=VECTOR('',#11997,1.);
#7406=VECTOR('',#12000,1.);
#7407=VECTOR('',#12001,1.);
#7408=VECTOR('',#12002,1.);
#7409=VECTOR('',#12005,1.);
#7410=VECTOR('',#12006,1.);
#7411=VECTOR('',#12007,1.);
#7412=VECTOR('',#12010,1.);
#7413=VECTOR('',#12011,1.);
#7414=VECTOR('',#12012,1.);
#7415=VECTOR('',#12015,1.);
#7416=VECTOR('',#12016,1.);
#7417=VECTOR('',#12017,1.);
#7418=VECTOR('',#12020,1.);
#7419=VECTOR('',#12021,1.);
#7420=VECTOR('',#12022,1.);
#7421=VECTOR('',#12025,1.);
#7422=VECTOR('',#12026,1.);
#7423=VECTOR('',#12027,1.);
#7424=VECTOR('',#12030,1.);
#7425=VECTOR('',#12031,1.);
#7426=VECTOR('',#12032,1.);
#7427=VECTOR('',#12035,1.);
#7428=VECTOR('',#12036,1.);
#7429=VECTOR('',#12037,1.);
#7430=VECTOR('',#12040,1.);
#7431=VECTOR('',#12041,1.);
#7432=VECTOR('',#12042,1.);
#7433=VECTOR('',#12045,1.);
#7434=VECTOR('',#12046,1.);
#7435=VECTOR('',#12047,1.);
#7436=VECTOR('',#12050,1.);
#7437=VECTOR('',#12051,1.);
#7438=VECTOR('',#12052,1.);
#7439=VECTOR('',#12055,1.);
#7440=VECTOR('',#12056,1.);
#7441=VECTOR('',#12057,1.);
#7442=VECTOR('',#12060,1.);
#7443=VECTOR('',#12061,1.);
#7444=VECTOR('',#12062,1.);
#7445=VECTOR('',#12065,1.);
#7446=VECTOR('',#12066,1.);
#7447=VECTOR('',#12067,1.);
#7448=VECTOR('',#12070,1.);
#7449=VECTOR('',#12071,1.);
#7450=VECTOR('',#12072,1.);
#7451=VECTOR('',#12075,1.);
#7452=VECTOR('',#12076,1.);
#7453=VECTOR('',#12077,1.);
#7454=VECTOR('',#12080,1.);
#7455=VECTOR('',#12081,1.);
#7456=VECTOR('',#12082,1.);
#7457=VECTOR('',#12085,1.);
#7458=VECTOR('',#12086,1.);
#7459=VECTOR('',#12087,1.);
#7460=VECTOR('',#12090,1.);
#7461=VECTOR('',#12091,1.);
#7462=VECTOR('',#12092,1.);
#7463=VECTOR('',#12095,1.);
#7464=VECTOR('',#12096,1.);
#7465=VECTOR('',#12097,1.);
#7466=VECTOR('',#12100,1.);
#7467=VECTOR('',#12101,1.);
#7468=VECTOR('',#12102,1.);
#7469=VECTOR('',#12105,1.);
#7470=VECTOR('',#12106,1.);
#7471=VECTOR('',#12107,1.);
#7472=VECTOR('',#12110,1.);
#7473=VECTOR('',#12111,1.);
#7474=VECTOR('',#12112,1.);
#7475=VECTOR('',#12115,1.);
#7476=VECTOR('',#12116,1.);
#7477=VECTOR('',#12117,1.);
#7478=VECTOR('',#12120,1.);
#7479=VECTOR('',#12121,1.);
#7480=VECTOR('',#12122,1.);
#7481=VECTOR('',#12125,1.);
#7482=VECTOR('',#12126,1.);
#7483=VECTOR('',#12127,1.);
#7484=VECTOR('',#12130,1.);
#7485=VECTOR('',#12131,1.);
#7486=VECTOR('',#12132,1.);
#7487=VECTOR('',#12135,1.);
#7488=VECTOR('',#12136,1.);
#7489=VECTOR('',#12137,1.);
#7490=VECTOR('',#12140,1.);
#7491=VECTOR('',#12141,1.);
#7492=VECTOR('',#12142,1.);
#7493=VECTOR('',#12145,1.);
#7494=VECTOR('',#12146,1.);
#7495=VECTOR('',#12147,1.);
#7496=VECTOR('',#12150,1.);
#7497=VECTOR('',#12151,1.);
#7498=VECTOR('',#12152,1.);
#7499=VECTOR('',#12155,1.);
#7500=VECTOR('',#12156,1.);
#7501=VECTOR('',#12157,1.);
#7502=VECTOR('',#12160,1.);
#7503=VECTOR('',#12161,1.);
#7504=VECTOR('',#12162,1.);
#7505=VECTOR('',#12165,1.);
#7506=VECTOR('',#12166,1.);
#7507=VECTOR('',#12167,1.);
#7508=VECTOR('',#12170,1.);
#7509=VECTOR('',#12171,1.);
#7510=VECTOR('',#12172,1.);
#7511=VECTOR('',#12175,1.);
#7512=VECTOR('',#12176,1.);
#7513=VECTOR('',#12177,1.);
#7514=VECTOR('',#12180,1.);
#7515=VECTOR('',#12181,1.);
#7516=VECTOR('',#12182,1.);
#7517=VECTOR('',#12185,1.);
#7518=VECTOR('',#12186,1.);
#7519=VECTOR('',#12187,1.);
#7520=VECTOR('',#12190,1.);
#7521=VECTOR('',#12191,1.);
#7522=VECTOR('',#12192,1.);
#7523=VECTOR('',#12195,1.);
#7524=VECTOR('',#12196,1.);
#7525=VECTOR('',#12197,1.);
#7526=VECTOR('',#12200,1.);
#7527=VECTOR('',#12201,1.);
#7528=VECTOR('',#12202,1.);
#7529=VECTOR('',#12205,1.);
#7530=VECTOR('',#12206,1.);
#7531=VECTOR('',#12207,1.);
#7532=VECTOR('',#12210,1.);
#7533=VECTOR('',#12211,1.);
#7534=VECTOR('',#12212,1.);
#7535=VECTOR('',#12215,1.);
#7536=VECTOR('',#12216,1.);
#7537=VECTOR('',#12217,1.);
#7538=VECTOR('',#12220,1.);
#7539=VECTOR('',#12221,1.);
#7540=VECTOR('',#12222,1.);
#7541=VECTOR('',#12225,1.);
#7542=VECTOR('',#12226,1.);
#7543=VECTOR('',#12227,1.);
#7544=VECTOR('',#12230,1.);
#7545=VECTOR('',#12231,1.);
#7546=VECTOR('',#12232,1.);
#7547=VECTOR('',#12235,1.);
#7548=VECTOR('',#12236,1.);
#7549=VECTOR('',#12237,1.);
#7550=VECTOR('',#12240,1.);
#7551=VECTOR('',#12241,1.);
#7552=VECTOR('',#12242,1.);
#7553=VECTOR('',#12245,1.);
#7554=VECTOR('',#12246,1.);
#7555=VECTOR('',#12247,1.);
#7556=VECTOR('',#12250,1.);
#7557=VECTOR('',#12251,1.);
#7558=VECTOR('',#12252,1.);
#7559=VECTOR('',#12255,1.);
#7560=VECTOR('',#12256,1.);
#7561=VECTOR('',#12257,1.);
#7562=VECTOR('',#12260,1.);
#7563=VECTOR('',#12261,1.);
#7564=VECTOR('',#12262,1.);
#7565=VECTOR('',#12265,1.);
#7566=VECTOR('',#12266,1.);
#7567=VECTOR('',#12267,1.);
#7568=VECTOR('',#12270,1.);
#7569=VECTOR('',#12271,1.);
#7570=VECTOR('',#12272,1.);
#7571=VECTOR('',#12275,1.);
#7572=VECTOR('',#12276,1.);
#7573=VECTOR('',#12277,1.);
#7574=VECTOR('',#12280,1.);
#7575=VECTOR('',#12281,1.);
#7576=VECTOR('',#12282,1.);
#7577=VECTOR('',#12285,1.);
#7578=VECTOR('',#12286,1.);
#7579=VECTOR('',#12287,1.);
#7580=VECTOR('',#12290,1.);
#7581=VECTOR('',#12291,1.);
#7582=VECTOR('',#12292,1.);
#7583=VECTOR('',#12295,1.);
#7584=VECTOR('',#12296,1.);
#7585=VECTOR('',#12297,1.);
#7586=VECTOR('',#12300,1.);
#7587=VECTOR('',#12301,1.);
#7588=VECTOR('',#12302,1.);
#7589=VECTOR('',#12305,1.);
#7590=VECTOR('',#12306,1.);
#7591=VECTOR('',#12307,1.);
#7592=VECTOR('',#12310,1.);
#7593=VECTOR('',#12311,1.);
#7594=VECTOR('',#12312,1.);
#7595=VECTOR('',#12315,1.);
#7596=VECTOR('',#12316,1.);
#7597=VECTOR('',#12317,1.);
#7598=VECTOR('',#12320,1.);
#7599=VECTOR('',#12321,1.);
#7600=VECTOR('',#12322,1.);
#7601=VECTOR('',#12325,1.);
#7602=VECTOR('',#12326,1.);
#7603=VECTOR('',#12327,1.);
#7604=VECTOR('',#12330,1.);
#7605=VECTOR('',#12331,1.);
#7606=VECTOR('',#12332,1.);
#7607=VECTOR('',#12335,1.);
#7608=VECTOR('',#12336,1.);
#7609=VECTOR('',#12337,1.);
#7610=VECTOR('',#12340,1.);
#7611=VECTOR('',#12341,1.);
#7612=VECTOR('',#12342,1.);
#7613=VECTOR('',#12345,1.);
#7614=VECTOR('',#12346,1.);
#7615=VECTOR('',#12347,1.);
#7616=VECTOR('',#12350,1.);
#7617=VECTOR('',#12351,1.);
#7618=VECTOR('',#12352,1.);
#7619=VECTOR('',#12355,1.);
#7620=VECTOR('',#12356,1.);
#7621=VECTOR('',#12357,1.);
#7622=VECTOR('',#12360,1.);
#7623=VECTOR('',#12361,1.);
#7624=VECTOR('',#12362,1.);
#7625=VECTOR('',#12365,1.);
#7626=VECTOR('',#12366,1.);
#7627=VECTOR('',#12367,1.);
#7628=VECTOR('',#12370,1.);
#7629=VECTOR('',#12371,1.);
#7630=VECTOR('',#12372,1.);
#7631=VECTOR('',#12375,1.);
#7632=VECTOR('',#12376,1.);
#7633=VECTOR('',#12377,1.);
#7634=VECTOR('',#12380,1.);
#7635=VECTOR('',#12381,1.);
#7636=VECTOR('',#12382,1.);
#7637=VECTOR('',#12385,1.);
#7638=VECTOR('',#12386,1.);
#7639=VECTOR('',#12387,1.);
#7640=VECTOR('',#12390,1.);
#7641=VECTOR('',#12391,1.);
#7642=VECTOR('',#12392,1.);
#7643=VECTOR('',#12395,1.);
#7644=VECTOR('',#12396,1.);
#7645=VECTOR('',#12397,1.);
#7646=VECTOR('',#12400,1.);
#7647=VECTOR('',#12401,1.);
#7648=VECTOR('',#12402,1.);
#7649=VECTOR('',#12405,1.);
#7650=VECTOR('',#12406,1.);
#7651=VECTOR('',#12407,1.);
#7652=VECTOR('',#12410,1.);
#7653=VECTOR('',#12411,1.);
#7654=VECTOR('',#12412,1.);
#7655=VECTOR('',#12415,1.);
#7656=VECTOR('',#12416,1.);
#7657=VECTOR('',#12417,1.);
#7658=VECTOR('',#12420,1.);
#7659=VECTOR('',#12421,1.);
#7660=VECTOR('',#12422,1.);
#7661=VECTOR('',#12425,1.);
#7662=VECTOR('',#12426,1.);
#7663=VECTOR('',#12427,1.);
#7664=VECTOR('',#12430,1.);
#7665=VECTOR('',#12431,1.);
#7666=VECTOR('',#12432,1.);
#7667=VECTOR('',#12435,1.);
#7668=VECTOR('',#12436,1.);
#7669=VECTOR('',#12437,1.);
#7670=VECTOR('',#12440,1.);
#7671=VECTOR('',#12441,1.);
#7672=VECTOR('',#12442,1.);
#7673=VECTOR('',#12445,1.);
#7674=VECTOR('',#12446,1.);
#7675=VECTOR('',#12447,1.);
#7676=VECTOR('',#12450,1.);
#7677=VECTOR('',#12451,1.);
#7678=VECTOR('',#12452,1.);
#7679=VECTOR('',#12455,1.);
#7680=VECTOR('',#12456,1.);
#7681=VECTOR('',#12457,1.);
#7682=VECTOR('',#12460,1.);
#7683=VECTOR('',#12461,1.);
#7684=VECTOR('',#12462,1.);
#7685=VECTOR('',#12465,1.);
#7686=VECTOR('',#12466,1.);
#7687=VECTOR('',#12467,1.);
#7688=VECTOR('',#12470,1.);
#7689=VECTOR('',#12471,1.);
#7690=VECTOR('',#12472,1.);
#7691=VECTOR('',#12475,1.);
#7692=VECTOR('',#12476,1.);
#7693=VECTOR('',#12477,1.);
#7694=VECTOR('',#12480,1.);
#7695=VECTOR('',#12481,1.);
#7696=VECTOR('',#12482,1.);
#7697=VECTOR('',#12485,1.);
#7698=VECTOR('',#12486,1.);
#7699=VECTOR('',#12487,1.);
#7700=VECTOR('',#12490,1.);
#7701=VECTOR('',#12491,1.);
#7702=VECTOR('',#12492,1.);
#7703=VECTOR('',#12495,1.);
#7704=VECTOR('',#12496,1.);
#7705=VECTOR('',#12497,1.);
#7706=VECTOR('',#12500,1.);
#7707=VECTOR('',#12501,1.);
#7708=VECTOR('',#12502,1.);
#7709=VECTOR('',#12505,1.);
#7710=VECTOR('',#12506,1.);
#7711=VECTOR('',#12507,1.);
#7712=VECTOR('',#12510,1.);
#7713=VECTOR('',#12511,1.);
#7714=VECTOR('',#12512,1.);
#7715=VECTOR('',#12515,1.);
#7716=VECTOR('',#12516,1.);
#7717=VECTOR('',#12517,1.);
#7718=VECTOR('',#12520,1.);
#7719=VECTOR('',#12521,1.);
#7720=VECTOR('',#12522,1.);
#7721=VECTOR('',#12525,1.);
#7722=VECTOR('',#12526,1.);
#7723=VECTOR('',#12527,1.);
#7724=VECTOR('',#12530,1.);
#7725=VECTOR('',#12531,1.);
#7726=VECTOR('',#12532,1.);
#7727=VECTOR('',#12535,1.);
#7728=VECTOR('',#12536,1.);
#7729=VECTOR('',#12537,1.);
#7730=VECTOR('',#12540,1.);
#7731=VECTOR('',#12541,1.);
#7732=VECTOR('',#12542,1.);
#7733=VECTOR('',#12545,1.);
#7734=VECTOR('',#12546,1.);
#7735=VECTOR('',#12547,1.);
#7736=VECTOR('',#12550,1.);
#7737=VECTOR('',#12551,1.);
#7738=VECTOR('',#12552,1.);
#7739=VECTOR('',#12555,1.);
#7740=VECTOR('',#12556,1.);
#7741=VECTOR('',#12557,1.);
#7742=VECTOR('',#12560,1.);
#7743=VECTOR('',#12561,1.);
#7744=VECTOR('',#12562,1.);
#7745=VECTOR('',#12565,1.);
#7746=VECTOR('',#12566,1.);
#7747=VECTOR('',#12567,1.);
#7748=VECTOR('',#12570,1.);
#7749=VECTOR('',#12571,1.);
#7750=VECTOR('',#12572,1.);
#7751=VECTOR('',#12575,1.);
#7752=VECTOR('',#12576,1.);
#7753=VECTOR('',#12577,1.);
#7754=VECTOR('',#12580,1.);
#7755=VECTOR('',#12581,1.);
#7756=VECTOR('',#12582,1.);
#7757=VECTOR('',#12585,1.);
#7758=VECTOR('',#12586,1.);
#7759=VECTOR('',#12587,1.);
#7760=VECTOR('',#12590,1.);
#7761=VECTOR('',#12591,1.);
#7762=VECTOR('',#12592,1.);
#7763=VECTOR('',#12595,1.);
#7764=VECTOR('',#12596,1.);
#7765=VECTOR('',#12597,1.);
#7766=VECTOR('',#12600,1.);
#7767=VECTOR('',#12601,1.);
#7768=VECTOR('',#12602,1.);
#7769=VECTOR('',#12605,1.);
#7770=VECTOR('',#12606,1.);
#7771=VECTOR('',#12607,1.);
#7772=VECTOR('',#12610,1.);
#7773=VECTOR('',#12611,1.);
#7774=VECTOR('',#12612,1.);
#7775=VECTOR('',#12615,1.);
#7776=VECTOR('',#12616,1.);
#7777=VECTOR('',#12617,1.);
#7778=VECTOR('',#12620,1.);
#7779=VECTOR('',#12621,1.);
#7780=VECTOR('',#12622,1.);
#7781=VECTOR('',#12625,1.);
#7782=VECTOR('',#12626,1.);
#7783=VECTOR('',#12627,1.);
#7784=VECTOR('',#12630,1.);
#7785=VECTOR('',#12631,1.);
#7786=VECTOR('',#12632,1.);
#7787=VECTOR('',#12635,1.);
#7788=VECTOR('',#12636,1.);
#7789=VECTOR('',#12637,1.);
#7790=VECTOR('',#12640,1.);
#7791=VECTOR('',#12641,1.);
#7792=VECTOR('',#12642,1.);
#7793=VECTOR('',#12645,1.);
#7794=VECTOR('',#12646,1.);
#7795=VECTOR('',#12647,1.);
#7796=VECTOR('',#12650,1.);
#7797=VECTOR('',#12651,1.);
#7798=VECTOR('',#12652,1.);
#7799=VECTOR('',#12655,1.);
#7800=VECTOR('',#12656,1.);
#7801=VECTOR('',#12657,1.);
#7802=VECTOR('',#12660,1.);
#7803=VECTOR('',#12661,1.);
#7804=VECTOR('',#12662,1.);
#7805=VECTOR('',#12665,1.);
#7806=VECTOR('',#12666,1.);
#7807=VECTOR('',#12667,1.);
#7808=VECTOR('',#12674,1.);
#7809=VECTOR('',#12677,1.);
#7810=VECTOR('',#12678,1.);
#7811=VECTOR('',#12681,1.);
#7812=VECTOR('',#12682,1.);
#7813=VECTOR('',#12685,1.);
#7814=VECTOR('',#12750,1.);
#7815=VECTOR('',#12751,1.);
#7816=VECTOR('',#12752,1.);
#7817=VECTOR('',#12753,1.);
#7818=VECTOR('',#12754,1.);
#7819=VECTOR('',#12755,1.);
#7820=VECTOR('',#12758,1.);
#7821=VECTOR('',#12759,1.);
#7822=VECTOR('',#12760,1.);
#7823=VECTOR('',#12763,1.);
#7824=VECTOR('',#12764,1.);
#7825=VECTOR('',#12767,1.);
#7826=VECTOR('',#12768,1.);
#7827=VECTOR('',#12771,1.);
#7828=VECTOR('',#12772,1.);
#7829=VECTOR('',#12775,1.);
#7830=VECTOR('',#12776,1.);
#7831=VECTOR('',#12779,1.);
#7832=EDGE_LOOP('',(#100,#101,#102,#103));
#7833=EDGE_LOOP('',(#104));
#7834=EDGE_LOOP('',(#105,#106,#107,#108,#109,#110));
#7835=EDGE_LOOP('',(#111,#112,#113,#114));
#7836=EDGE_LOOP('',(#115,#116,#117,#118,#119,#120));
#7837=EDGE_LOOP('',(#121,#122,#123,#124));
#7838=EDGE_LOOP('',(#125,#126,#127,#128));
#7839=EDGE_LOOP('',(#129,#130,#131,#132));
#7840=EDGE_LOOP('',(#133,#134,#135,#136,#137,#138));
#7841=EDGE_LOOP('',(#139));
#7842=EDGE_LOOP('',(#140));
#7843=EDGE_LOOP('',(#141,#142));
#7844=EDGE_LOOP('',(#143));
#7845=EDGE_LOOP('',(#144,#145,#146,#147));
#7846=EDGE_LOOP('',(#148,#149,#150,#151));
#7847=EDGE_LOOP('',(#152,#153,#154,#155));
#7848=EDGE_LOOP('',(#156,#157,#158,#159));
#7849=EDGE_LOOP('',(#160,#161,#162,#163));
#7850=EDGE_LOOP('',(#164,#165,#166,#167));
#7851=EDGE_LOOP('',(#168,#169,#170,#171));
#7852=EDGE_LOOP('',(#172,#173,#174,#175));
#7853=EDGE_LOOP('',(#176,#177,#178,#179,#180,#181,#182,#183));
#7854=EDGE_LOOP('',(#184,#185,#186,#187,#188,#189,#190,#191,#192,#193));
#7855=EDGE_LOOP('',(#194,#195,#196,#197));
#7856=EDGE_LOOP('',(#198));
#7857=EDGE_LOOP('',(#199,#200,#201,#202));
#7858=EDGE_LOOP('',(#203,#204,#205,#206));
#7859=EDGE_LOOP('',(#207));
#7860=EDGE_LOOP('',(#208,#209,#210,#211));
#7861=EDGE_LOOP('',(#212,#213,#214,#215));
#7862=EDGE_LOOP('',(#216,#217,#218,#219,#220,#221));
#7863=EDGE_LOOP('',(#222,#223,#224,#225,#226,#227,#228,#229));
#7864=EDGE_LOOP('',(#230,#231,#232,#233,#234,#235,#236,#237,#238,#239,#240,#241,#242,#243,#244,#245,#246,#247));
#7865=EDGE_LOOP('',(#248,#249,#250,#251));
#7866=EDGE_LOOP('',(#252,#253,#254,#255,#256,#257,#258,#259,#260,#261,#262,#263,#264,#265,#266,#267,#268,#269));
#7867=EDGE_LOOP('',(#270,#271,#272,#273));
#7868=EDGE_LOOP('',(#274));
#7869=EDGE_LOOP('',(#275));
#7870=EDGE_LOOP('',(#276));
#7871=EDGE_LOOP('',(#277));
#7872=EDGE_LOOP('',(#278));
#7873=EDGE_LOOP('',(#279));
#7874=EDGE_LOOP('',(#280));
#7875=EDGE_LOOP('',(#281));
#7876=EDGE_LOOP('',(#282));
#7877=EDGE_LOOP('',(#283));
#7878=EDGE_LOOP('',(#284));
#7879=EDGE_LOOP('',(#285));
#7880=EDGE_LOOP('',(#286));
#7881=EDGE_LOOP('',(#287));
#7882=EDGE_LOOP('',(#288));
#7883=EDGE_LOOP('',(#289));
#7884=EDGE_LOOP('',(#290));
#7885=EDGE_LOOP('',(#291));
#7886=EDGE_LOOP('',(#292));
#7887=EDGE_LOOP('',(#293));
#7888=EDGE_LOOP('',(#294));
#7889=EDGE_LOOP('',(#295));
#7890=EDGE_LOOP('',(#296));
#7891=EDGE_LOOP('',(#297));
#7892=EDGE_LOOP('',(#298));
#7893=EDGE_LOOP('',(#299,#300,#301,#302));
#7894=EDGE_LOOP('',(#303,#304,#305,#306));
#7895=EDGE_LOOP('',(#307,#308,#309,#310));
#7896=EDGE_LOOP('',(#311,#312,#313,#314));
#7897=EDGE_LOOP('',(#315,#316,#317,#318));
#7898=EDGE_LOOP('',(#319,#320,#321,#322));
#7899=EDGE_LOOP('',(#323,#324,#325,#326));
#7900=EDGE_LOOP('',(#327,#328,#329,#330));
#7901=EDGE_LOOP('',(#331,#332,#333,#334));
#7902=EDGE_LOOP('',(#335,#336,#337,#338));
#7903=EDGE_LOOP('',(#339,#340,#341,#342));
#7904=EDGE_LOOP('',(#343,#344,#345,#346));
#7905=EDGE_LOOP('',(#347,#348,#349,#350));
#7906=EDGE_LOOP('',(#351,#352,#353,#354));
#7907=EDGE_LOOP('',(#355,#356,#357,#358));
#7908=EDGE_LOOP('',(#359,#360,#361,#362));
#7909=EDGE_LOOP('',(#363,#364,#365,#366));
#7910=EDGE_LOOP('',(#367,#368,#369,#370));
#7911=EDGE_LOOP('',(#371,#372,#373,#374));
#7912=EDGE_LOOP('',(#375,#376,#377,#378));
#7913=EDGE_LOOP('',(#379,#380,#381,#382));
#7914=EDGE_LOOP('',(#383,#384,#385,#386));
#7915=EDGE_LOOP('',(#387,#388,#389,#390));
#7916=EDGE_LOOP('',(#391,#392,#393,#394));
#7917=EDGE_LOOP('',(#395,#396,#397,#398));
#7918=EDGE_LOOP('',(#399,#400,#401,#402));
#7919=EDGE_LOOP('',(#403,#404,#405,#406));
#7920=EDGE_LOOP('',(#407,#408,#409,#410));
#7921=EDGE_LOOP('',(#411,#412,#413,#414));
#7922=EDGE_LOOP('',(#415,#416,#417,#418));
#7923=EDGE_LOOP('',(#419,#420,#421,#422));
#7924=EDGE_LOOP('',(#423,#424,#425,#426));
#7925=EDGE_LOOP('',(#427,#428,#429,#430));
#7926=EDGE_LOOP('',(#431,#432,#433,#434));
#7927=EDGE_LOOP('',(#435,#436,#437,#438));
#7928=EDGE_LOOP('',(#439,#440,#441,#442));
#7929=EDGE_LOOP('',(#443,#444,#445,#446));
#7930=EDGE_LOOP('',(#447,#448,#449,#450));
#7931=EDGE_LOOP('',(#451,#452,#453,#454));
#7932=EDGE_LOOP('',(#455,#456,#457,#458));
#7933=EDGE_LOOP('',(#459,#460,#461,#462));
#7934=EDGE_LOOP('',(#463,#464,#465,#466));
#7935=EDGE_LOOP('',(#467,#468,#469,#470));
#7936=EDGE_LOOP('',(#471,#472,#473,#474));
#7937=EDGE_LOOP('',(#475,#476,#477,#478));
#7938=EDGE_LOOP('',(#479,#480,#481,#482));
#7939=EDGE_LOOP('',(#483,#484,#485,#486));
#7940=EDGE_LOOP('',(#487,#488,#489,#490));
#7941=EDGE_LOOP('',(#491,#492,#493,#494));
#7942=EDGE_LOOP('',(#495,#496,#497,#498));
#7943=EDGE_LOOP('',(#499,#500,#501,#502));
#7944=EDGE_LOOP('',(#503,#504,#505,#506));
#7945=EDGE_LOOP('',(#507,#508,#509,#510));
#7946=EDGE_LOOP('',(#511,#512,#513,#514));
#7947=EDGE_LOOP('',(#515,#516,#517,#518));
#7948=EDGE_LOOP('',(#519,#520,#521,#522));
#7949=EDGE_LOOP('',(#523,#524,#525,#526));
#7950=EDGE_LOOP('',(#527,#528,#529,#530));
#7951=EDGE_LOOP('',(#531,#532,#533,#534));
#7952=EDGE_LOOP('',(#535,#536,#537,#538));
#7953=EDGE_LOOP('',(#539,#540,#541,#542));
#7954=EDGE_LOOP('',(#543,#544,#545,#546));
#7955=EDGE_LOOP('',(#547,#548,#549,#550));
#7956=EDGE_LOOP('',(#551,#552,#553,#554));
#7957=EDGE_LOOP('',(#555,#556,#557,#558));
#7958=EDGE_LOOP('',(#559,#560,#561,#562));
#7959=EDGE_LOOP('',(#563,#564,#565,#566));
#7960=EDGE_LOOP('',(#567,#568,#569,#570));
#7961=EDGE_LOOP('',(#571,#572,#573,#574));
#7962=EDGE_LOOP('',(#575,#576,#577,#578));
#7963=EDGE_LOOP('',(#579,#580,#581,#582));
#7964=EDGE_LOOP('',(#583,#584,#585,#586));
#7965=EDGE_LOOP('',(#587,#588,#589,#590));
#7966=EDGE_LOOP('',(#591,#592,#593,#594));
#7967=EDGE_LOOP('',(#595,#596,#597,#598));
#7968=EDGE_LOOP('',(#599,#600,#601,#602));
#7969=EDGE_LOOP('',(#603,#604,#605,#606));
#7970=EDGE_LOOP('',(#607,#608,#609,#610));
#7971=EDGE_LOOP('',(#611,#612,#613,#614));
#7972=EDGE_LOOP('',(#615,#616,#617,#618));
#7973=EDGE_LOOP('',(#619,#620,#621,#622));
#7974=EDGE_LOOP('',(#623,#624,#625,#626));
#7975=EDGE_LOOP('',(#627,#628,#629,#630));
#7976=EDGE_LOOP('',(#631,#632,#633,#634));
#7977=EDGE_LOOP('',(#635,#636,#637,#638));
#7978=EDGE_LOOP('',(#639,#640,#641,#642));
#7979=EDGE_LOOP('',(#643,#644,#645,#646));
#7980=EDGE_LOOP('',(#647,#648,#649,#650));
#7981=EDGE_LOOP('',(#651,#652,#653,#654));
#7982=EDGE_LOOP('',(#655,#656,#657,#658));
#7983=EDGE_LOOP('',(#659,#660,#661,#662));
#7984=EDGE_LOOP('',(#663,#664,#665,#666));
#7985=EDGE_LOOP('',(#667,#668,#669,#670));
#7986=EDGE_LOOP('',(#671,#672,#673,#674));
#7987=EDGE_LOOP('',(#675,#676,#677,#678));
#7988=EDGE_LOOP('',(#679,#680,#681,#682));
#7989=EDGE_LOOP('',(#683,#684,#685,#686));
#7990=EDGE_LOOP('',(#687,#688,#689,#690));
#7991=EDGE_LOOP('',(#691,#692,#693,#694));
#7992=EDGE_LOOP('',(#695,#696,#697,#698));
#7993=EDGE_LOOP('',(#699,#700,#701,#702));
#7994=EDGE_LOOP('',(#703,#704,#705,#706));
#7995=EDGE_LOOP('',(#707,#708,#709,#710));
#7996=EDGE_LOOP('',(#711,#712,#713,#714));
#7997=EDGE_LOOP('',(#715,#716,#717,#718));
#7998=EDGE_LOOP('',(#719,#720,#721,#722));
#7999=EDGE_LOOP('',(#723,#724,#725,#726));
#8000=EDGE_LOOP('',(#727,#728,#729,#730));
#8001=EDGE_LOOP('',(#731,#732,#733,#734));
#8002=EDGE_LOOP('',(#735,#736,#737,#738));
#8003=EDGE_LOOP('',(#739,#740,#741,#742));
#8004=EDGE_LOOP('',(#743,#744,#745,#746));
#8005=EDGE_LOOP('',(#747,#748,#749,#750));
#8006=EDGE_LOOP('',(#751,#752,#753,#754));
#8007=EDGE_LOOP('',(#755,#756,#757,#758));
#8008=EDGE_LOOP('',(#759,#760,#761,#762));
#8009=EDGE_LOOP('',(#763,#764,#765,#766));
#8010=EDGE_LOOP('',(#767,#768,#769,#770));
#8011=EDGE_LOOP('',(#771,#772,#773,#774));
#8012=EDGE_LOOP('',(#775,#776,#777,#778));
#8013=EDGE_LOOP('',(#779,#780,#781,#782));
#8014=EDGE_LOOP('',(#783,#784,#785,#786));
#8015=EDGE_LOOP('',(#787,#788,#789,#790));
#8016=EDGE_LOOP('',(#791,#792,#793,#794));
#8017=EDGE_LOOP('',(#795,#796,#797,#798));
#8018=EDGE_LOOP('',(#799,#800,#801,#802));
#8019=EDGE_LOOP('',(#803));
#8020=EDGE_LOOP('',(#804));
#8021=EDGE_LOOP('',(#805,#806,#807,#808));
#8022=EDGE_LOOP('',(#809,#810,#811,#812));
#8023=EDGE_LOOP('',(#813,#814,#815,#816));
#8024=EDGE_LOOP('',(#817,#818,#819,#820));
#8025=EDGE_LOOP('',(#821,#822,#823,#824));
#8026=EDGE_LOOP('',(#825,#826,#827,#828));
#8027=EDGE_LOOP('',(#829,#830,#831,#832));
#8028=EDGE_LOOP('',(#833,#834,#835,#836));
#8029=EDGE_LOOP('',(#837,#838,#839,#840));
#8030=EDGE_LOOP('',(#841,#842,#843,#844));
#8031=EDGE_LOOP('',(#845,#846,#847,#848));
#8032=EDGE_LOOP('',(#849,#850,#851,#852));
#8033=EDGE_LOOP('',(#853,#854,#855,#856));
#8034=EDGE_LOOP('',(#857,#858,#859,#860));
#8035=EDGE_LOOP('',(#861,#862,#863,#864));
#8036=EDGE_LOOP('',(#865,#866,#867,#868));
#8037=EDGE_LOOP('',(#869,#870,#871,#872));
#8038=EDGE_LOOP('',(#873,#874,#875,#876));
#8039=EDGE_LOOP('',(#877,#878,#879,#880));
#8040=EDGE_LOOP('',(#881,#882,#883,#884));
#8041=EDGE_LOOP('',(#885,#886,#887,#888));
#8042=EDGE_LOOP('',(#889,#890,#891,#892));
#8043=EDGE_LOOP('',(#893,#894,#895,#896));
#8044=EDGE_LOOP('',(#897,#898,#899,#900));
#8045=EDGE_LOOP('',(#901,#902,#903,#904));
#8046=EDGE_LOOP('',(#905,#906,#907,#908));
#8047=EDGE_LOOP('',(#909,#910,#911,#912));
#8048=EDGE_LOOP('',(#913,#914,#915,#916));
#8049=EDGE_LOOP('',(#917,#918,#919,#920));
#8050=EDGE_LOOP('',(#921,#922,#923,#924));
#8051=EDGE_LOOP('',(#925,#926,#927,#928));
#8052=EDGE_LOOP('',(#929,#930,#931,#932));
#8053=EDGE_LOOP('',(#933,#934,#935,#936));
#8054=EDGE_LOOP('',(#937,#938,#939,#940));
#8055=EDGE_LOOP('',(#941,#942,#943,#944));
#8056=EDGE_LOOP('',(#945,#946,#947,#948));
#8057=EDGE_LOOP('',(#949,#950,#951,#952));
#8058=EDGE_LOOP('',(#953,#954,#955,#956));
#8059=EDGE_LOOP('',(#957,#958,#959,#960));
#8060=EDGE_LOOP('',(#961,#962,#963,#964));
#8061=EDGE_LOOP('',(#965,#966,#967,#968));
#8062=EDGE_LOOP('',(#969,#970,#971,#972));
#8063=EDGE_LOOP('',(#973,#974,#975,#976));
#8064=EDGE_LOOP('',(#977,#978,#979,#980));
#8065=EDGE_LOOP('',(#981,#982,#983,#984));
#8066=EDGE_LOOP('',(#985,#986,#987,#988));
#8067=EDGE_LOOP('',(#989,#990,#991,#992));
#8068=EDGE_LOOP('',(#993,#994,#995,#996));
#8069=EDGE_LOOP('',(#997,#998,#999,#1000));
#8070=EDGE_LOOP('',(#1001,#1002,#1003,#1004));
#8071=EDGE_LOOP('',(#1005,#1006,#1007,#1008));
#8072=EDGE_LOOP('',(#1009,#1010,#1011,#1012));
#8073=EDGE_LOOP('',(#1013,#1014,#1015,#1016));
#8074=EDGE_LOOP('',(#1017,#1018,#1019,#1020));
#8075=EDGE_LOOP('',(#1021,#1022,#1023,#1024));
#8076=EDGE_LOOP('',(#1025,#1026,#1027,#1028));
#8077=EDGE_LOOP('',(#1029,#1030,#1031,#1032));
#8078=EDGE_LOOP('',(#1033,#1034,#1035,#1036));
#8079=EDGE_LOOP('',(#1037,#1038,#1039,#1040));
#8080=EDGE_LOOP('',(#1041,#1042,#1043,#1044));
#8081=EDGE_LOOP('',(#1045,#1046,#1047,#1048));
#8082=EDGE_LOOP('',(#1049,#1050,#1051,#1052));
#8083=EDGE_LOOP('',(#1053,#1054,#1055,#1056));
#8084=EDGE_LOOP('',(#1057,#1058,#1059,#1060));
#8085=EDGE_LOOP('',(#1061,#1062,#1063,#1064));
#8086=EDGE_LOOP('',(#1065,#1066,#1067,#1068));
#8087=EDGE_LOOP('',(#1069,#1070,#1071,#1072));
#8088=EDGE_LOOP('',(#1073,#1074,#1075,#1076));
#8089=EDGE_LOOP('',(#1077,#1078,#1079,#1080));
#8090=EDGE_LOOP('',(#1081,#1082,#1083,#1084));
#8091=EDGE_LOOP('',(#1085,#1086,#1087,#1088));
#8092=EDGE_LOOP('',(#1089,#1090,#1091,#1092));
#8093=EDGE_LOOP('',(#1093,#1094,#1095,#1096));
#8094=EDGE_LOOP('',(#1097,#1098,#1099,#1100));
#8095=EDGE_LOOP('',(#1101,#1102,#1103,#1104));
#8096=EDGE_LOOP('',(#1105,#1106,#1107,#1108));
#8097=EDGE_LOOP('',(#1109,#1110,#1111,#1112));
#8098=EDGE_LOOP('',(#1113,#1114,#1115,#1116));
#8099=EDGE_LOOP('',(#1117,#1118,#1119,#1120));
#8100=EDGE_LOOP('',(#1121,#1122,#1123,#1124));
#8101=EDGE_LOOP('',(#1125,#1126,#1127,#1128));
#8102=EDGE_LOOP('',(#1129,#1130,#1131,#1132));
#8103=EDGE_LOOP('',(#1133,#1134,#1135,#1136));
#8104=EDGE_LOOP('',(#1137,#1138,#1139,#1140));
#8105=EDGE_LOOP('',(#1141,#1142,#1143,#1144));
#8106=EDGE_LOOP('',(#1145,#1146,#1147,#1148));
#8107=EDGE_LOOP('',(#1149,#1150,#1151,#1152));
#8108=EDGE_LOOP('',(#1153,#1154,#1155,#1156));
#8109=EDGE_LOOP('',(#1157,#1158,#1159,#1160));
#8110=EDGE_LOOP('',(#1161,#1162,#1163,#1164));
#8111=EDGE_LOOP('',(#1165,#1166,#1167,#1168));
#8112=EDGE_LOOP('',(#1169,#1170,#1171,#1172));
#8113=EDGE_LOOP('',(#1173,#1174,#1175,#1176));
#8114=EDGE_LOOP('',(#1177,#1178,#1179,#1180));
#8115=EDGE_LOOP('',(#1181,#1182,#1183,#1184));
#8116=EDGE_LOOP('',(#1185,#1186,#1187,#1188));
#8117=EDGE_LOOP('',(#1189,#1190,#1191,#1192));
#8118=EDGE_LOOP('',(#1193,#1194,#1195,#1196));
#8119=EDGE_LOOP('',(#1197,#1198,#1199,#1200));
#8120=EDGE_LOOP('',(#1201,#1202,#1203,#1204));
#8121=EDGE_LOOP('',(#1205,#1206,#1207,#1208));
#8122=EDGE_LOOP('',(#1209,#1210,#1211,#1212));
#8123=EDGE_LOOP('',(#1213,#1214,#1215,#1216));
#8124=EDGE_LOOP('',(#1217,#1218,#1219,#1220));
#8125=EDGE_LOOP('',(#1221,#1222,#1223,#1224));
#8126=EDGE_LOOP('',(#1225,#1226,#1227,#1228));
#8127=EDGE_LOOP('',(#1229,#1230,#1231,#1232));
#8128=EDGE_LOOP('',(#1233,#1234,#1235,#1236));
#8129=EDGE_LOOP('',(#1237,#1238,#1239,#1240));
#8130=EDGE_LOOP('',(#1241,#1242,#1243,#1244));
#8131=EDGE_LOOP('',(#1245,#1246,#1247,#1248));
#8132=EDGE_LOOP('',(#1249,#1250,#1251,#1252));
#8133=EDGE_LOOP('',(#1253,#1254,#1255,#1256));
#8134=EDGE_LOOP('',(#1257,#1258,#1259,#1260));
#8135=EDGE_LOOP('',(#1261,#1262,#1263,#1264));
#8136=EDGE_LOOP('',(#1265,#1266,#1267,#1268));
#8137=EDGE_LOOP('',(#1269,#1270,#1271,#1272));
#8138=EDGE_LOOP('',(#1273,#1274,#1275,#1276));
#8139=EDGE_LOOP('',(#1277,#1278,#1279,#1280));
#8140=EDGE_LOOP('',(#1281,#1282,#1283,#1284));
#8141=EDGE_LOOP('',(#1285,#1286,#1287,#1288));
#8142=EDGE_LOOP('',(#1289,#1290,#1291,#1292));
#8143=EDGE_LOOP('',(#1293,#1294,#1295,#1296));
#8144=EDGE_LOOP('',(#1297,#1298,#1299,#1300));
#8145=EDGE_LOOP('',(#1301,#1302,#1303,#1304));
#8146=EDGE_LOOP('',(#1305,#1306,#1307,#1308));
#8147=EDGE_LOOP('',(#1309,#1310,#1311,#1312));
#8148=EDGE_LOOP('',(#1313,#1314,#1315,#1316));
#8149=EDGE_LOOP('',(#1317,#1318,#1319,#1320));
#8150=EDGE_LOOP('',(#1321,#1322,#1323,#1324));
#8151=EDGE_LOOP('',(#1325,#1326,#1327,#1328));
#8152=EDGE_LOOP('',(#1329,#1330,#1331,#1332));
#8153=EDGE_LOOP('',(#1333,#1334,#1335,#1336));
#8154=EDGE_LOOP('',(#1337,#1338,#1339,#1340));
#8155=EDGE_LOOP('',(#1341,#1342,#1343,#1344));
#8156=EDGE_LOOP('',(#1345,#1346,#1347,#1348));
#8157=EDGE_LOOP('',(#1349,#1350,#1351,#1352));
#8158=EDGE_LOOP('',(#1353,#1354,#1355,#1356));
#8159=EDGE_LOOP('',(#1357,#1358,#1359,#1360));
#8160=EDGE_LOOP('',(#1361,#1362,#1363,#1364));
#8161=EDGE_LOOP('',(#1365,#1366,#1367,#1368));
#8162=EDGE_LOOP('',(#1369,#1370,#1371,#1372));
#8163=EDGE_LOOP('',(#1373,#1374,#1375,#1376));
#8164=EDGE_LOOP('',(#1377,#1378,#1379,#1380));
#8165=EDGE_LOOP('',(#1381,#1382,#1383,#1384));
#8166=EDGE_LOOP('',(#1385,#1386,#1387,#1388));
#8167=EDGE_LOOP('',(#1389,#1390,#1391,#1392));
#8168=EDGE_LOOP('',(#1393,#1394,#1395,#1396));
#8169=EDGE_LOOP('',(#1397,#1398,#1399,#1400));
#8170=EDGE_LOOP('',(#1401,#1402,#1403,#1404));
#8171=EDGE_LOOP('',(#1405,#1406,#1407,#1408));
#8172=EDGE_LOOP('',(#1409,#1410,#1411,#1412));
#8173=EDGE_LOOP('',(#1413,#1414,#1415,#1416));
#8174=EDGE_LOOP('',(#1417,#1418,#1419,#1420));
#8175=EDGE_LOOP('',(#1421,#1422,#1423,#1424));
#8176=EDGE_LOOP('',(#1425,#1426,#1427,#1428));
#8177=EDGE_LOOP('',(#1429,#1430,#1431,#1432));
#8178=EDGE_LOOP('',(#1433,#1434,#1435,#1436));
#8179=EDGE_LOOP('',(#1437,#1438,#1439,#1440));
#8180=EDGE_LOOP('',(#1441,#1442,#1443,#1444));
#8181=EDGE_LOOP('',(#1445,#1446,#1447,#1448));
#8182=EDGE_LOOP('',(#1449,#1450,#1451,#1452));
#8183=EDGE_LOOP('',(#1453,#1454,#1455,#1456));
#8184=EDGE_LOOP('',(#1457,#1458,#1459,#1460));
#8185=EDGE_LOOP('',(#1461,#1462,#1463,#1464));
#8186=EDGE_LOOP('',(#1465,#1466,#1467,#1468));
#8187=EDGE_LOOP('',(#1469,#1470,#1471,#1472));
#8188=EDGE_LOOP('',(#1473,#1474,#1475,#1476));
#8189=EDGE_LOOP('',(#1477,#1478,#1479,#1480));
#8190=EDGE_LOOP('',(#1481,#1482,#1483,#1484));
#8191=EDGE_LOOP('',(#1485,#1486,#1487,#1488));
#8192=EDGE_LOOP('',(#1489,#1490,#1491,#1492));
#8193=EDGE_LOOP('',(#1493,#1494,#1495,#1496));
#8194=EDGE_LOOP('',(#1497,#1498,#1499,#1500));
#8195=EDGE_LOOP('',(#1501,#1502,#1503,#1504));
#8196=EDGE_LOOP('',(#1505,#1506,#1507,#1508));
#8197=EDGE_LOOP('',(#1509,#1510,#1511,#1512));
#8198=EDGE_LOOP('',(#1513,#1514,#1515,#1516));
#8199=EDGE_LOOP('',(#1517,#1518,#1519,#1520));
#8200=EDGE_LOOP('',(#1521,#1522,#1523,#1524));
#8201=EDGE_LOOP('',(#1525,#1526,#1527,#1528));
#8202=EDGE_LOOP('',(#1529,#1530,#1531,#1532));
#8203=EDGE_LOOP('',(#1533,#1534,#1535,#1536));
#8204=EDGE_LOOP('',(#1537,#1538,#1539,#1540));
#8205=EDGE_LOOP('',(#1541,#1542,#1543,#1544));
#8206=EDGE_LOOP('',(#1545,#1546,#1547,#1548));
#8207=EDGE_LOOP('',(#1549,#1550,#1551,#1552));
#8208=EDGE_LOOP('',(#1553,#1554,#1555,#1556));
#8209=EDGE_LOOP('',(#1557,#1558,#1559,#1560));
#8210=EDGE_LOOP('',(#1561,#1562,#1563,#1564));
#8211=EDGE_LOOP('',(#1565,#1566,#1567,#1568));
#8212=EDGE_LOOP('',(#1569,#1570,#1571,#1572));
#8213=EDGE_LOOP('',(#1573,#1574,#1575,#1576));
#8214=EDGE_LOOP('',(#1577,#1578,#1579,#1580));
#8215=EDGE_LOOP('',(#1581,#1582,#1583,#1584));
#8216=EDGE_LOOP('',(#1585,#1586,#1587,#1588));
#8217=EDGE_LOOP('',(#1589,#1590,#1591,#1592));
#8218=EDGE_LOOP('',(#1593,#1594,#1595,#1596));
#8219=EDGE_LOOP('',(#1597,#1598,#1599,#1600));
#8220=EDGE_LOOP('',(#1601,#1602,#1603,#1604));
#8221=EDGE_LOOP('',(#1605,#1606,#1607,#1608));
#8222=EDGE_LOOP('',(#1609,#1610,#1611,#1612));
#8223=EDGE_LOOP('',(#1613,#1614,#1615,#1616));
#8224=EDGE_LOOP('',(#1617,#1618,#1619,#1620));
#8225=EDGE_LOOP('',(#1621,#1622,#1623,#1624));
#8226=EDGE_LOOP('',(#1625,#1626,#1627,#1628));
#8227=EDGE_LOOP('',(#1629,#1630,#1631,#1632));
#8228=EDGE_LOOP('',(#1633,#1634,#1635,#1636));
#8229=EDGE_LOOP('',(#1637,#1638,#1639,#1640));
#8230=EDGE_LOOP('',(#1641,#1642,#1643,#1644));
#8231=EDGE_LOOP('',(#1645,#1646,#1647,#1648));
#8232=EDGE_LOOP('',(#1649,#1650,#1651,#1652));
#8233=EDGE_LOOP('',(#1653,#1654,#1655,#1656));
#8234=EDGE_LOOP('',(#1657,#1658,#1659,#1660));
#8235=EDGE_LOOP('',(#1661,#1662,#1663,#1664));
#8236=EDGE_LOOP('',(#1665,#1666,#1667,#1668));
#8237=EDGE_LOOP('',(#1669,#1670,#1671,#1672));
#8238=EDGE_LOOP('',(#1673,#1674,#1675,#1676));
#8239=EDGE_LOOP('',(#1677,#1678,#1679,#1680));
#8240=EDGE_LOOP('',(#1681,#1682,#1683,#1684));
#8241=EDGE_LOOP('',(#1685,#1686,#1687,#1688));
#8242=EDGE_LOOP('',(#1689,#1690,#1691,#1692));
#8243=EDGE_LOOP('',(#1693,#1694,#1695,#1696));
#8244=EDGE_LOOP('',(#1697,#1698,#1699,#1700));
#8245=EDGE_LOOP('',(#1701,#1702,#1703,#1704));
#8246=EDGE_LOOP('',(#1705,#1706,#1707,#1708));
#8247=EDGE_LOOP('',(#1709,#1710,#1711,#1712));
#8248=EDGE_LOOP('',(#1713,#1714,#1715,#1716));
#8249=EDGE_LOOP('',(#1717,#1718,#1719,#1720));
#8250=EDGE_LOOP('',(#1721,#1722,#1723,#1724));
#8251=EDGE_LOOP('',(#1725,#1726,#1727,#1728));
#8252=EDGE_LOOP('',(#1729,#1730,#1731,#1732));
#8253=EDGE_LOOP('',(#1733,#1734,#1735,#1736));
#8254=EDGE_LOOP('',(#1737,#1738,#1739,#1740));
#8255=EDGE_LOOP('',(#1741,#1742,#1743,#1744));
#8256=EDGE_LOOP('',(#1745,#1746,#1747,#1748));
#8257=EDGE_LOOP('',(#1749,#1750,#1751,#1752));
#8258=EDGE_LOOP('',(#1753,#1754,#1755,#1756));
#8259=EDGE_LOOP('',(#1757,#1758,#1759,#1760));
#8260=EDGE_LOOP('',(#1761,#1762,#1763,#1764));
#8261=EDGE_LOOP('',(#1765,#1766,#1767,#1768));
#8262=EDGE_LOOP('',(#1769,#1770,#1771,#1772));
#8263=EDGE_LOOP('',(#1773,#1774,#1775,#1776));
#8264=EDGE_LOOP('',(#1777,#1778,#1779,#1780));
#8265=EDGE_LOOP('',(#1781,#1782,#1783,#1784));
#8266=EDGE_LOOP('',(#1785,#1786,#1787,#1788));
#8267=EDGE_LOOP('',(#1789,#1790,#1791,#1792));
#8268=EDGE_LOOP('',(#1793,#1794,#1795,#1796));
#8269=EDGE_LOOP('',(#1797,#1798,#1799,#1800));
#8270=EDGE_LOOP('',(#1801,#1802,#1803,#1804));
#8271=EDGE_LOOP('',(#1805,#1806,#1807,#1808));
#8272=EDGE_LOOP('',(#1809,#1810,#1811,#1812));
#8273=EDGE_LOOP('',(#1813,#1814,#1815,#1816));
#8274=EDGE_LOOP('',(#1817,#1818,#1819,#1820));
#8275=EDGE_LOOP('',(#1821,#1822,#1823,#1824));
#8276=EDGE_LOOP('',(#1825,#1826,#1827,#1828));
#8277=EDGE_LOOP('',(#1829,#1830,#1831,#1832));
#8278=EDGE_LOOP('',(#1833,#1834,#1835,#1836));
#8279=EDGE_LOOP('',(#1837,#1838,#1839,#1840));
#8280=EDGE_LOOP('',(#1841,#1842,#1843,#1844));
#8281=EDGE_LOOP('',(#1845,#1846,#1847,#1848));
#8282=EDGE_LOOP('',(#1849,#1850,#1851,#1852));
#8283=EDGE_LOOP('',(#1853,#1854,#1855,#1856));
#8284=EDGE_LOOP('',(#1857,#1858,#1859,#1860));
#8285=EDGE_LOOP('',(#1861,#1862,#1863,#1864));
#8286=EDGE_LOOP('',(#1865,#1866,#1867,#1868));
#8287=EDGE_LOOP('',(#1869,#1870,#1871,#1872));
#8288=EDGE_LOOP('',(#1873,#1874,#1875,#1876));
#8289=EDGE_LOOP('',(#1877,#1878,#1879,#1880));
#8290=EDGE_LOOP('',(#1881,#1882,#1883,#1884));
#8291=EDGE_LOOP('',(#1885,#1886,#1887,#1888));
#8292=EDGE_LOOP('',(#1889,#1890,#1891,#1892));
#8293=EDGE_LOOP('',(#1893,#1894,#1895,#1896));
#8294=EDGE_LOOP('',(#1897,#1898,#1899,#1900));
#8295=EDGE_LOOP('',(#1901,#1902,#1903,#1904));
#8296=EDGE_LOOP('',(#1905,#1906,#1907,#1908));
#8297=EDGE_LOOP('',(#1909,#1910,#1911,#1912));
#8298=EDGE_LOOP('',(#1913,#1914,#1915,#1916));
#8299=EDGE_LOOP('',(#1917,#1918,#1919,#1920));
#8300=EDGE_LOOP('',(#1921,#1922,#1923,#1924));
#8301=EDGE_LOOP('',(#1925,#1926,#1927,#1928));
#8302=EDGE_LOOP('',(#1929,#1930,#1931,#1932));
#8303=EDGE_LOOP('',(#1933,#1934,#1935,#1936));
#8304=EDGE_LOOP('',(#1937,#1938,#1939,#1940));
#8305=EDGE_LOOP('',(#1941,#1942,#1943,#1944));
#8306=EDGE_LOOP('',(#1945));
#8307=EDGE_LOOP('',(#1946));
#8308=EDGE_LOOP('',(#1947));
#8309=EDGE_LOOP('',(#1948));
#8310=EDGE_LOOP('',(#1949,#1950,#1951,#1952));
#8311=EDGE_LOOP('',(#1953,#1954,#1955,#1956,#1957,#1958,#1959,#1960,#1961,#1962,#1963,#1964,#1965,#1966,#1967,#1968,#1969,#1970,#1971,#1972,#1973,#1974,#1975,#1976,#1977,#1978,#1979,#1980,#1981,#1982,#1983,#1984,#1985,#1986,#1987,#1988,#1989,#1990,#1991,#1992,#1993,#1994,#1995,#1996,#1997,#1998,#1999,#2000,#2001,#2002,#2003,#2004,#2005,#2006,#2007,#2008,#2009,#2010,#2011,#2012,#2013,#2014,#2015,#2016,#2017,#2018,#2019,#2020,#2021,#2022,#2023,#2024,#2025,#2026,#2027,#2028,#2029,#2030,#2031,#2032,#2033,#2034,#2035,#2036,#2037,#2038,#2039,#2040,#2041,#2042,#2043,#2044,#2045,#2046,#2047,#2048,#2049,#2050,#2051,#2052,#2053,#2054,#2055,#2056,#2057,#2058,#2059,#2060,#2061,#2062,#2063,#2064,#2065,#2066,#2067,#2068,#2069,#2070,#2071,#2072,#2073,#2074,#2075,#2076,#2077,#2078));
#8312=EDGE_LOOP('',(#2079));
#8313=EDGE_LOOP('',(#2080,#2081,#2082,#2083,#2084,#2085,#2086,#2087,#2088,#2089,#2090,#2091,#2092,#2093,#2094,#2095,#2096,#2097,#2098,#2099,#2100,#2101,#2102,#2103,#2104,#2105,#2106,#2107,#2108,#2109,#2110,#2111,#2112,#2113,#2114,#2115,#2116,#2117,#2118,#2119,#2120,#2121,#2122,#2123,#2124,#2125,#2126,#2127,#2128,#2129,#2130,#2131,#2132,#2133,#2134,#2135,#2136,#2137,#2138,#2139,#2140,#2141,#2142,#2143,#2144,#2145,#2146,#2147,#2148,#2149,#2150,#2151,#2152,#2153,#2154,#2155,#2156,#2157,#2158,#2159,#2160,#2161,#2162,#2163,#2164,#2165,#2166,#2167,#2168,#2169,#2170,#2171,#2172,#2173,#2174,#2175,#2176,#2177,#2178,#2179,#2180,#2181,#2182,#2183,#2184,#2185,#2186,#2187,#2188,#2189,#2190,#2191,#2192,#2193,#2194,#2195,#2196,#2197,#2198,#2199,#2200,#2201,#2202,#2203,#2204,#2205));
#8314=EDGE_LOOP('',(#2206,#2207,#2208,#2209,#2210,#2211,#2212,#2213,#2214,#2215,#2216,#2217,#2218,#2219,#2220,#2221,#2222,#2223,#2224,#2225,#2226,#2227,#2228,#2229,#2230,#2231,#2232,#2233,#2234,#2235,#2236,#2237,#2238,#2239,#2240,#2241,#2242,#2243,#2244,#2245,#2246,#2247,#2248,#2249,#2250,#2251,#2252,#2253,#2254,#2255,#2256,#2257,#2258,#2259,#2260,#2261,#2262,#2263,#2264,#2265,#2266,#2267,#2268,#2269,#2270,#2271,#2272,#2273,#2274,#2275,#2276,#2277,#2278,#2279,#2280,#2281,#2282,#2283,#2284,#2285,#2286,#2287,#2288,#2289,#2290,#2291,#2292,#2293,#2294,#2295,#2296,#2297,#2298,#2299,#2300,#2301,#2302,#2303,#2304,#2305,#2306,#2307,#2308,#2309,#2310,#2311,#2312,#2313,#2314,#2315,#2316,#2317,#2318,#2319,#2320,#2321,#2322,#2323,#2324,#2325,#2326,#2327,#2328,#2329,#2330,#2331,#2332,#2333,#2334,#2335,#2336,#2337,#2338,#2339,#2340,#2341,#2342,#2343,#2344,#2345,#2346,#2347,#2348,#2349,#2350,#2351,#2352,#2353,#2354,#2355,#2356,#2357,#2358,#2359,#2360,#2361,#2362,#2363,#2364,#2365,#2366,#2367));
#8315=EDGE_LOOP('',(#2368,#2369,#2370,#2371));
#8316=EDGE_LOOP('',(#2372));
#8317=EDGE_LOOP('',(#2373,#2374,#2375,#2376,#2377,#2378,#2379,#2380,#2381,#2382,#2383,#2384,#2385,#2386,#2387,#2388,#2389,#2390,#2391,#2392,#2393,#2394,#2395,#2396,#2397,#2398,#2399,#2400,#2401,#2402,#2403,#2404,#2405,#2406,#2407,#2408,#2409,#2410,#2411,#2412,#2413,#2414,#2415,#2416,#2417,#2418,#2419,#2420,#2421,#2422,#2423,#2424,#2425,#2426,#2427,#2428,#2429,#2430,#2431,#2432,#2433,#2434,#2435,#2436,#2437,#2438,#2439,#2440,#2441,#2442,#2443,#2444,#2445,#2446,#2447,#2448,#2449,#2450,#2451,#2452,#2453,#2454,#2455,#2456,#2457,#2458,#2459,#2460,#2461,#2462,#2463,#2464,#2465,#2466,#2467,#2468,#2469,#2470,#2471,#2472,#2473,#2474,#2475,#2476,#2477,#2478,#2479,#2480,#2481,#2482,#2483,#2484,#2485,#2486,#2487,#2488,#2489,#2490,#2491,#2492,#2493,#2494,#2495,#2496,#2497,#2498));
#8318=EDGE_LOOP('',(#2499));
#8319=EDGE_LOOP('',(#2500,#2501,#2502,#2503,#2504,#2505,#2506,#2507,#2508,#2509,#2510,#2511,#2512,#2513,#2514,#2515,#2516,#2517,#2518,#2519,#2520,#2521,#2522,#2523,#2524,#2525,#2526,#2527,#2528,#2529,#2530,#2531,#2532,#2533,#2534,#2535,#2536,#2537,#2538,#2539,#2540,#2541,#2542,#2543,#2544,#2545,#2546,#2547,#2548,#2549,#2550,#2551,#2552,#2553,#2554,#2555,#2556,#2557,#2558,#2559,#2560,#2561,#2562,#2563,#2564,#2565,#2566,#2567,#2568,#2569,#2570,#2571,#2572,#2573,#2574,#2575,#2576,#2577,#2578,#2579,#2580,#2581,#2582,#2583,#2584,#2585,#2586,#2587,#2588,#2589,#2590,#2591,#2592,#2593,#2594,#2595,#2596,#2597,#2598,#2599,#2600,#2601,#2602,#2603,#2604,#2605,#2606,#2607,#2608,#2609,#2610,#2611,#2612,#2613,#2614,#2615,#2616,#2617,#2618,#2619,#2620,#2621,#2622,#2623,#2624,#2625));
#8320=EDGE_LOOP('',(#2626,#2627,#2628,#2629,#2630,#2631,#2632,#2633,#2634,#2635,#2636,#2637,#2638,#2639,#2640,#2641,#2642,#2643,#2644,#2645,#2646,#2647,#2648,#2649,#2650,#2651,#2652,#2653,#2654,#2655,#2656,#2657,#2658,#2659,#2660,#2661,#2662,#2663,#2664,#2665,#2666,#2667,#2668,#2669,#2670,#2671,#2672,#2673,#2674,#2675,#2676,#2677,#2678,#2679,#2680,#2681,#2682,#2683,#2684,#2685,#2686,#2687,#2688,#2689,#2690,#2691,#2692,#2693,#2694,#2695,#2696,#2697,#2698,#2699,#2700,#2701,#2702,#2703,#2704,#2705,#2706,#2707,#2708,#2709,#2710,#2711,#2712,#2713,#2714,#2715,#2716,#2717,#2718,#2719,#2720,#2721,#2722,#2723,#2724,#2725,#2726,#2727,#2728,#2729,#2730,#2731,#2732,#2733,#2734,#2735,#2736,#2737,#2738,#2739,#2740,#2741,#2742,#2743,#2744,#2745,#2746,#2747,#2748,#2749,#2750,#2751,#2752,#2753,#2754,#2755,#2756,#2757,#2758,#2759,#2760,#2761,#2762,#2763,#2764,#2765,#2766,#2767,#2768,#2769,#2770,#2771,#2772,#2773,#2774,#2775,#2776,#2777,#2778,#2779,#2780,#2781,#2782,#2783,#2784,#2785,#2786,#2787));
#8321=EDGE_LOOP('',(#2788,#2789,#2790,#2791));
#8322=EDGE_LOOP('',(#2792));
#8323=EDGE_LOOP('',(#2793));
#8324=EDGE_LOOP('',(#2794));
#8325=EDGE_LOOP('',(#2795));
#8326=EDGE_LOOP('',(#2796));
#8327=EDGE_LOOP('',(#2797));
#8328=EDGE_LOOP('',(#2798));
#8329=EDGE_LOOP('',(#2799));
#8330=EDGE_LOOP('',(#2800));
#8331=EDGE_LOOP('',(#2801));
#8332=EDGE_LOOP('',(#2802));
#8333=EDGE_LOOP('',(#2803));
#8334=EDGE_LOOP('',(#2804));
#8335=EDGE_LOOP('',(#2805));
#8336=EDGE_LOOP('',(#2806));
#8337=EDGE_LOOP('',(#2807));
#8338=EDGE_LOOP('',(#2808));
#8339=EDGE_LOOP('',(#2809));
#8340=EDGE_LOOP('',(#2810));
#8341=EDGE_LOOP('',(#2811));
#8342=EDGE_LOOP('',(#2812));
#8343=EDGE_LOOP('',(#2813));
#8344=EDGE_LOOP('',(#2814));
#8345=EDGE_LOOP('',(#2815));
#8346=EDGE_LOOP('',(#2816));
#8347=EDGE_LOOP('',(#2817));
#8348=EDGE_LOOP('',(#2818));
#8349=EDGE_LOOP('',(#2819));
#8350=EDGE_LOOP('',(#2820,#2821,#2822,#2823,#2824,#2825));
#8351=EDGE_LOOP('',(#2826));
#8352=EDGE_LOOP('',(#2827,#2828,#2829,#2830));
#8353=EDGE_LOOP('',(#2831,#2832,#2833,#2834));
#8354=EDGE_LOOP('',(#2835,#2836,#2837,#2838));
#8355=EDGE_LOOP('',(#2839,#2840,#2841,#2842));
#8356=EDGE_LOOP('',(#2843,#2844,#2845,#2846));
#8357=EDGE_LOOP('',(#2847,#2848,#2849,#2850));
#8358=EDGE_LOOP('',(#2851,#2852,#2853,#2854,#2855,#2856));
#8359=EDGE_LOOP('',(#2857));
#8360=EDGE_LOOP('',(#2858));
#8361=EDGE_LOOP('',(#2859));
#8362=FACE_BOUND('',#7832,.T.);
#8363=FACE_BOUND('',#7833,.T.);
#8364=FACE_BOUND('',#7834,.T.);
#8365=FACE_BOUND('',#7835,.T.);
#8366=FACE_BOUND('',#7836,.T.);
#8367=FACE_BOUND('',#7837,.T.);
#8368=FACE_BOUND('',#7838,.T.);
#8369=FACE_BOUND('',#7839,.T.);
#8370=FACE_BOUND('',#7840,.T.);
#8371=FACE_BOUND('',#7841,.T.);
#8372=FACE_BOUND('',#7842,.T.);
#8373=FACE_BOUND('',#7843,.T.);
#8374=FACE_BOUND('',#7844,.T.);
#8375=FACE_BOUND('',#7845,.T.);
#8376=FACE_BOUND('',#7846,.T.);
#8377=FACE_BOUND('',#7847,.T.);
#8378=FACE_BOUND('',#7848,.T.);
#8379=FACE_BOUND('',#7849,.T.);
#8380=FACE_BOUND('',#7850,.T.);
#8381=FACE_BOUND('',#7851,.T.);
#8382=FACE_BOUND('',#7852,.T.);
#8383=FACE_BOUND('',#7853,.T.);
#8384=FACE_BOUND('',#7854,.T.);
#8385=FACE_BOUND('',#7855,.T.);
#8386=FACE_BOUND('',#7856,.T.);
#8387=FACE_BOUND('',#7857,.T.);
#8388=FACE_BOUND('',#7858,.T.);
#8389=FACE_BOUND('',#7859,.T.);
#8390=FACE_BOUND('',#7860,.T.);
#8391=FACE_BOUND('',#7861,.T.);
#8392=FACE_BOUND('',#7862,.T.);
#8393=FACE_BOUND('',#7863,.T.);
#8394=FACE_BOUND('',#7864,.T.);
#8395=FACE_BOUND('',#7865,.T.);
#8396=FACE_BOUND('',#7866,.T.);
#8397=FACE_BOUND('',#7867,.T.);
#8398=FACE_BOUND('',#7868,.T.);
#8399=FACE_BOUND('',#7869,.T.);
#8400=FACE_BOUND('',#7870,.T.);
#8401=FACE_BOUND('',#7871,.T.);
#8402=FACE_BOUND('',#7872,.T.);
#8403=FACE_BOUND('',#7873,.T.);
#8404=FACE_BOUND('',#7874,.T.);
#8405=FACE_BOUND('',#7875,.T.);
#8406=FACE_BOUND('',#7876,.T.);
#8407=FACE_BOUND('',#7877,.T.);
#8408=FACE_BOUND('',#7878,.T.);
#8409=FACE_BOUND('',#7879,.T.);
#8410=FACE_BOUND('',#7880,.T.);
#8411=FACE_BOUND('',#7881,.T.);
#8412=FACE_BOUND('',#7882,.T.);
#8413=FACE_BOUND('',#7883,.T.);
#8414=FACE_BOUND('',#7884,.T.);
#8415=FACE_BOUND('',#7885,.T.);
#8416=FACE_BOUND('',#7886,.T.);
#8417=FACE_BOUND('',#7887,.T.);
#8418=FACE_BOUND('',#7888,.T.);
#8419=FACE_BOUND('',#7889,.T.);
#8420=FACE_BOUND('',#7890,.T.);
#8421=FACE_BOUND('',#7891,.T.);
#8422=FACE_BOUND('',#7892,.T.);
#8423=FACE_BOUND('',#7893,.T.);
#8424=FACE_BOUND('',#7894,.T.);
#8425=FACE_BOUND('',#7895,.T.);
#8426=FACE_BOUND('',#7896,.T.);
#8427=FACE_BOUND('',#7897,.T.);
#8428=FACE_BOUND('',#7898,.T.);
#8429=FACE_BOUND('',#7899,.T.);
#8430=FACE_BOUND('',#7900,.T.);
#8431=FACE_BOUND('',#7901,.T.);
#8432=FACE_BOUND('',#7902,.T.);
#8433=FACE_BOUND('',#7903,.T.);
#8434=FACE_BOUND('',#7904,.T.);
#8435=FACE_BOUND('',#7905,.T.);
#8436=FACE_BOUND('',#7906,.T.);
#8437=FACE_BOUND('',#7907,.T.);
#8438=FACE_BOUND('',#7908,.T.);
#8439=FACE_BOUND('',#7909,.T.);
#8440=FACE_BOUND('',#7910,.T.);
#8441=FACE_BOUND('',#7911,.T.);
#8442=FACE_BOUND('',#7912,.T.);
#8443=FACE_BOUND('',#7913,.T.);
#8444=FACE_BOUND('',#7914,.T.);
#8445=FACE_BOUND('',#7915,.T.);
#8446=FACE_BOUND('',#7916,.T.);
#8447=FACE_BOUND('',#7917,.T.);
#8448=FACE_BOUND('',#7918,.T.);
#8449=FACE_BOUND('',#7919,.T.);
#8450=FACE_BOUND('',#7920,.T.);
#8451=FACE_BOUND('',#7921,.T.);
#8452=FACE_BOUND('',#7922,.T.);
#8453=FACE_BOUND('',#7923,.T.);
#8454=FACE_BOUND('',#7924,.T.);
#8455=FACE_BOUND('',#7925,.T.);
#8456=FACE_BOUND('',#7926,.T.);
#8457=FACE_BOUND('',#7927,.T.);
#8458=FACE_BOUND('',#7928,.T.);
#8459=FACE_BOUND('',#7929,.T.);
#8460=FACE_BOUND('',#7930,.T.);
#8461=FACE_BOUND('',#7931,.T.);
#8462=FACE_BOUND('',#7932,.T.);
#8463=FACE_BOUND('',#7933,.T.);
#8464=FACE_BOUND('',#7934,.T.);
#8465=FACE_BOUND('',#7935,.T.);
#8466=FACE_BOUND('',#7936,.T.);
#8467=FACE_BOUND('',#7937,.T.);
#8468=FACE_BOUND('',#7938,.T.);
#8469=FACE_BOUND('',#7939,.T.);
#8470=FACE_BOUND('',#7940,.T.);
#8471=FACE_BOUND('',#7941,.T.);
#8472=FACE_BOUND('',#7942,.T.);
#8473=FACE_BOUND('',#7943,.T.);
#8474=FACE_BOUND('',#7944,.T.);
#8475=FACE_BOUND('',#7945,.T.);
#8476=FACE_BOUND('',#7946,.T.);
#8477=FACE_BOUND('',#7947,.T.);
#8478=FACE_BOUND('',#7948,.T.);
#8479=FACE_BOUND('',#7949,.T.);
#8480=FACE_BOUND('',#7950,.T.);
#8481=FACE_BOUND('',#7951,.T.);
#8482=FACE_BOUND('',#7952,.T.);
#8483=FACE_BOUND('',#7953,.T.);
#8484=FACE_BOUND('',#7954,.T.);
#8485=FACE_BOUND('',#7955,.T.);
#8486=FACE_BOUND('',#7956,.T.);
#8487=FACE_BOUND('',#7957,.T.);
#8488=FACE_BOUND('',#7958,.T.);
#8489=FACE_BOUND('',#7959,.T.);
#8490=FACE_BOUND('',#7960,.T.);
#8491=FACE_BOUND('',#7961,.T.);
#8492=FACE_BOUND('',#7962,.T.);
#8493=FACE_BOUND('',#7963,.T.);
#8494=FACE_BOUND('',#7964,.T.);
#8495=FACE_BOUND('',#7965,.T.);
#8496=FACE_BOUND('',#7966,.T.);
#8497=FACE_BOUND('',#7967,.T.);
#8498=FACE_BOUND('',#7968,.T.);
#8499=FACE_BOUND('',#7969,.T.);
#8500=FACE_BOUND('',#7970,.T.);
#8501=FACE_BOUND('',#7971,.T.);
#8502=FACE_BOUND('',#7972,.T.);
#8503=FACE_BOUND('',#7973,.T.);
#8504=FACE_BOUND('',#7974,.T.);
#8505=FACE_BOUND('',#7975,.T.);
#8506=FACE_BOUND('',#7976,.T.);
#8507=FACE_BOUND('',#7977,.T.);
#8508=FACE_BOUND('',#7978,.T.);
#8509=FACE_BOUND('',#7979,.T.);
#8510=FACE_BOUND('',#7980,.T.);
#8511=FACE_BOUND('',#7981,.T.);
#8512=FACE_BOUND('',#7982,.T.);
#8513=FACE_BOUND('',#7983,.T.);
#8514=FACE_BOUND('',#7984,.T.);
#8515=FACE_BOUND('',#7985,.T.);
#8516=FACE_BOUND('',#7986,.T.);
#8517=FACE_BOUND('',#7987,.T.);
#8518=FACE_BOUND('',#7988,.T.);
#8519=FACE_BOUND('',#7989,.T.);
#8520=FACE_BOUND('',#7990,.T.);
#8521=FACE_BOUND('',#7991,.T.);
#8522=FACE_BOUND('',#7992,.T.);
#8523=FACE_BOUND('',#7993,.T.);
#8524=FACE_BOUND('',#7994,.T.);
#8525=FACE_BOUND('',#7995,.T.);
#8526=FACE_BOUND('',#7996,.T.);
#8527=FACE_BOUND('',#7997,.T.);
#8528=FACE_BOUND('',#7998,.T.);
#8529=FACE_BOUND('',#7999,.T.);
#8530=FACE_BOUND('',#8000,.T.);
#8531=FACE_BOUND('',#8001,.T.);
#8532=FACE_BOUND('',#8002,.T.);
#8533=FACE_BOUND('',#8003,.T.);
#8534=FACE_BOUND('',#8004,.T.);
#8535=FACE_BOUND('',#8005,.T.);
#8536=FACE_BOUND('',#8006,.T.);
#8537=FACE_BOUND('',#8007,.T.);
#8538=FACE_BOUND('',#8008,.T.);
#8539=FACE_BOUND('',#8009,.T.);
#8540=FACE_BOUND('',#8010,.T.);
#8541=FACE_BOUND('',#8011,.T.);
#8542=FACE_BOUND('',#8012,.T.);
#8543=FACE_BOUND('',#8013,.T.);
#8544=FACE_BOUND('',#8014,.T.);
#8545=FACE_BOUND('',#8015,.T.);
#8546=FACE_BOUND('',#8016,.T.);
#8547=FACE_BOUND('',#8017,.T.);
#8548=FACE_BOUND('',#8018,.T.);
#8549=FACE_BOUND('',#8019,.T.);
#8550=FACE_BOUND('',#8020,.T.);
#8551=FACE_BOUND('',#8021,.T.);
#8552=FACE_BOUND('',#8022,.T.);
#8553=FACE_BOUND('',#8023,.T.);
#8554=FACE_BOUND('',#8024,.T.);
#8555=FACE_BOUND('',#8025,.T.);
#8556=FACE_BOUND('',#8026,.T.);
#8557=FACE_BOUND('',#8027,.T.);
#8558=FACE_BOUND('',#8028,.T.);
#8559=FACE_BOUND('',#8029,.T.);
#8560=FACE_BOUND('',#8030,.T.);
#8561=FACE_BOUND('',#8031,.T.);
#8562=FACE_BOUND('',#8032,.T.);
#8563=FACE_BOUND('',#8033,.T.);
#8564=FACE_BOUND('',#8034,.T.);
#8565=FACE_BOUND('',#8035,.T.);
#8566=FACE_BOUND('',#8036,.T.);
#8567=FACE_BOUND('',#8037,.T.);
#8568=FACE_BOUND('',#8038,.T.);
#8569=FACE_BOUND('',#8039,.T.);
#8570=FACE_BOUND('',#8040,.T.);
#8571=FACE_BOUND('',#8041,.T.);
#8572=FACE_BOUND('',#8042,.T.);
#8573=FACE_BOUND('',#8043,.T.);
#8574=FACE_BOUND('',#8044,.T.);
#8575=FACE_BOUND('',#8045,.T.);
#8576=FACE_BOUND('',#8046,.T.);
#8577=FACE_BOUND('',#8047,.T.);
#8578=FACE_BOUND('',#8048,.T.);
#8579=FACE_BOUND('',#8049,.T.);
#8580=FACE_BOUND('',#8050,.T.);
#8581=FACE_BOUND('',#8051,.T.);
#8582=FACE_BOUND('',#8052,.T.);
#8583=FACE_BOUND('',#8053,.T.);
#8584=FACE_BOUND('',#8054,.T.);
#8585=FACE_BOUND('',#8055,.T.);
#8586=FACE_BOUND('',#8056,.T.);
#8587=FACE_BOUND('',#8057,.T.);
#8588=FACE_BOUND('',#8058,.T.);
#8589=FACE_BOUND('',#8059,.T.);
#8590=FACE_BOUND('',#8060,.T.);
#8591=FACE_BOUND('',#8061,.T.);
#8592=FACE_BOUND('',#8062,.T.);
#8593=FACE_BOUND('',#8063,.T.);
#8594=FACE_BOUND('',#8064,.T.);
#8595=FACE_BOUND('',#8065,.T.);
#8596=FACE_BOUND('',#8066,.T.);
#8597=FACE_BOUND('',#8067,.T.);
#8598=FACE_BOUND('',#8068,.T.);
#8599=FACE_BOUND('',#8069,.T.);
#8600=FACE_BOUND('',#8070,.T.);
#8601=FACE_BOUND('',#8071,.T.);
#8602=FACE_BOUND('',#8072,.T.);
#8603=FACE_BOUND('',#8073,.T.);
#8604=FACE_BOUND('',#8074,.T.);
#8605=FACE_BOUND('',#8075,.T.);
#8606=FACE_BOUND('',#8076,.T.);
#8607=FACE_BOUND('',#8077,.T.);
#8608=FACE_BOUND('',#8078,.T.);
#8609=FACE_BOUND('',#8079,.T.);
#8610=FACE_BOUND('',#8080,.T.);
#8611=FACE_BOUND('',#8081,.T.);
#8612=FACE_BOUND('',#8082,.T.);
#8613=FACE_BOUND('',#8083,.T.);
#8614=FACE_BOUND('',#8084,.T.);
#8615=FACE_BOUND('',#8085,.T.);
#8616=FACE_BOUND('',#8086,.T.);
#8617=FACE_BOUND('',#8087,.T.);
#8618=FACE_BOUND('',#8088,.T.);
#8619=FACE_BOUND('',#8089,.T.);
#8620=FACE_BOUND('',#8090,.T.);
#8621=FACE_BOUND('',#8091,.T.);
#8622=FACE_BOUND('',#8092,.T.);
#8623=FACE_BOUND('',#8093,.T.);
#8624=FACE_BOUND('',#8094,.T.);
#8625=FACE_BOUND('',#8095,.T.);
#8626=FACE_BOUND('',#8096,.T.);
#8627=FACE_BOUND('',#8097,.T.);
#8628=FACE_BOUND('',#8098,.T.);
#8629=FACE_BOUND('',#8099,.T.);
#8630=FACE_BOUND('',#8100,.T.);
#8631=FACE_BOUND('',#8101,.T.);
#8632=FACE_BOUND('',#8102,.T.);
#8633=FACE_BOUND('',#8103,.T.);
#8634=FACE_BOUND('',#8104,.T.);
#8635=FACE_BOUND('',#8105,.T.);
#8636=FACE_BOUND('',#8106,.T.);
#8637=FACE_BOUND('',#8107,.T.);
#8638=FACE_BOUND('',#8108,.T.);
#8639=FACE_BOUND('',#8109,.T.);
#8640=FACE_BOUND('',#8110,.T.);
#8641=FACE_BOUND('',#8111,.T.);
#8642=FACE_BOUND('',#8112,.T.);
#8643=FACE_BOUND('',#8113,.T.);
#8644=FACE_BOUND('',#8114,.T.);
#8645=FACE_BOUND('',#8115,.T.);
#8646=FACE_BOUND('',#8116,.T.);
#8647=FACE_BOUND('',#8117,.T.);
#8648=FACE_BOUND('',#8118,.T.);
#8649=FACE_BOUND('',#8119,.T.);
#8650=FACE_BOUND('',#8120,.T.);
#8651=FACE_BOUND('',#8121,.T.);
#8652=FACE_BOUND('',#8122,.T.);
#8653=FACE_BOUND('',#8123,.T.);
#8654=FACE_BOUND('',#8124,.T.);
#8655=FACE_BOUND('',#8125,.T.);
#8656=FACE_BOUND('',#8126,.T.);
#8657=FACE_BOUND('',#8127,.T.);
#8658=FACE_BOUND('',#8128,.T.);
#8659=FACE_BOUND('',#8129,.T.);
#8660=FACE_BOUND('',#8130,.T.);
#8661=FACE_BOUND('',#8131,.T.);
#8662=FACE_BOUND('',#8132,.T.);
#8663=FACE_BOUND('',#8133,.T.);
#8664=FACE_BOUND('',#8134,.T.);
#8665=FACE_BOUND('',#8135,.T.);
#8666=FACE_BOUND('',#8136,.T.);
#8667=FACE_BOUND('',#8137,.T.);
#8668=FACE_BOUND('',#8138,.T.);
#8669=FACE_BOUND('',#8139,.T.);
#8670=FACE_BOUND('',#8140,.T.);
#8671=FACE_BOUND('',#8141,.T.);
#8672=FACE_BOUND('',#8142,.T.);
#8673=FACE_BOUND('',#8143,.T.);
#8674=FACE_BOUND('',#8144,.T.);
#8675=FACE_BOUND('',#8145,.T.);
#8676=FACE_BOUND('',#8146,.T.);
#8677=FACE_BOUND('',#8147,.T.);
#8678=FACE_BOUND('',#8148,.T.);
#8679=FACE_BOUND('',#8149,.T.);
#8680=FACE_BOUND('',#8150,.T.);
#8681=FACE_BOUND('',#8151,.T.);
#8682=FACE_BOUND('',#8152,.T.);
#8683=FACE_BOUND('',#8153,.T.);
#8684=FACE_BOUND('',#8154,.T.);
#8685=FACE_BOUND('',#8155,.T.);
#8686=FACE_BOUND('',#8156,.T.);
#8687=FACE_BOUND('',#8157,.T.);
#8688=FACE_BOUND('',#8158,.T.);
#8689=FACE_BOUND('',#8159,.T.);
#8690=FACE_BOUND('',#8160,.T.);
#8691=FACE_BOUND('',#8161,.T.);
#8692=FACE_BOUND('',#8162,.T.);
#8693=FACE_BOUND('',#8163,.T.);
#8694=FACE_BOUND('',#8164,.T.);
#8695=FACE_BOUND('',#8165,.T.);
#8696=FACE_BOUND('',#8166,.T.);
#8697=FACE_BOUND('',#8167,.T.);
#8698=FACE_BOUND('',#8168,.T.);
#8699=FACE_BOUND('',#8169,.T.);
#8700=FACE_BOUND('',#8170,.T.);
#8701=FACE_BOUND('',#8171,.T.);
#8702=FACE_BOUND('',#8172,.T.);
#8703=FACE_BOUND('',#8173,.T.);
#8704=FACE_BOUND('',#8174,.T.);
#8705=FACE_BOUND('',#8175,.T.);
#8706=FACE_BOUND('',#8176,.T.);
#8707=FACE_BOUND('',#8177,.T.);
#8708=FACE_BOUND('',#8178,.T.);
#8709=FACE_BOUND('',#8179,.T.);
#8710=FACE_BOUND('',#8180,.T.);
#8711=FACE_BOUND('',#8181,.T.);
#8712=FACE_BOUND('',#8182,.T.);
#8713=FACE_BOUND('',#8183,.T.);
#8714=FACE_BOUND('',#8184,.T.);
#8715=FACE_BOUND('',#8185,.T.);
#8716=FACE_BOUND('',#8186,.T.);
#8717=FACE_BOUND('',#8187,.T.);
#8718=FACE_BOUND('',#8188,.T.);
#8719=FACE_BOUND('',#8189,.T.);
#8720=FACE_BOUND('',#8190,.T.);
#8721=FACE_BOUND('',#8191,.T.);
#8722=FACE_BOUND('',#8192,.T.);
#8723=FACE_BOUND('',#8193,.T.);
#8724=FACE_BOUND('',#8194,.T.);
#8725=FACE_BOUND('',#8195,.T.);
#8726=FACE_BOUND('',#8196,.T.);
#8727=FACE_BOUND('',#8197,.T.);
#8728=FACE_BOUND('',#8198,.T.);
#8729=FACE_BOUND('',#8199,.T.);
#8730=FACE_BOUND('',#8200,.T.);
#8731=FACE_BOUND('',#8201,.T.);
#8732=FACE_BOUND('',#8202,.T.);
#8733=FACE_BOUND('',#8203,.T.);
#8734=FACE_BOUND('',#8204,.T.);
#8735=FACE_BOUND('',#8205,.T.);
#8736=FACE_BOUND('',#8206,.T.);
#8737=FACE_BOUND('',#8207,.T.);
#8738=FACE_BOUND('',#8208,.T.);
#8739=FACE_BOUND('',#8209,.T.);
#8740=FACE_BOUND('',#8210,.T.);
#8741=FACE_BOUND('',#8211,.T.);
#8742=FACE_BOUND('',#8212,.T.);
#8743=FACE_BOUND('',#8213,.T.);
#8744=FACE_BOUND('',#8214,.T.);
#8745=FACE_BOUND('',#8215,.T.);
#8746=FACE_BOUND('',#8216,.T.);
#8747=FACE_BOUND('',#8217,.T.);
#8748=FACE_BOUND('',#8218,.T.);
#8749=FACE_BOUND('',#8219,.T.);
#8750=FACE_BOUND('',#8220,.T.);
#8751=FACE_BOUND('',#8221,.T.);
#8752=FACE_BOUND('',#8222,.T.);
#8753=FACE_BOUND('',#8223,.T.);
#8754=FACE_BOUND('',#8224,.T.);
#8755=FACE_BOUND('',#8225,.T.);
#8756=FACE_BOUND('',#8226,.T.);
#8757=FACE_BOUND('',#8227,.T.);
#8758=FACE_BOUND('',#8228,.T.);
#8759=FACE_BOUND('',#8229,.T.);
#8760=FACE_BOUND('',#8230,.T.);
#8761=FACE_BOUND('',#8231,.T.);
#8762=FACE_BOUND('',#8232,.T.);
#8763=FACE_BOUND('',#8233,.T.);
#8764=FACE_BOUND('',#8234,.T.);
#8765=FACE_BOUND('',#8235,.T.);
#8766=FACE_BOUND('',#8236,.T.);
#8767=FACE_BOUND('',#8237,.T.);
#8768=FACE_BOUND('',#8238,.T.);
#8769=FACE_BOUND('',#8239,.T.);
#8770=FACE_BOUND('',#8240,.T.);
#8771=FACE_BOUND('',#8241,.T.);
#8772=FACE_BOUND('',#8242,.T.);
#8773=FACE_BOUND('',#8243,.T.);
#8774=FACE_BOUND('',#8244,.T.);
#8775=FACE_BOUND('',#8245,.T.);
#8776=FACE_BOUND('',#8246,.T.);
#8777=FACE_BOUND('',#8247,.T.);
#8778=FACE_BOUND('',#8248,.T.);
#8779=FACE_BOUND('',#8249,.T.);
#8780=FACE_BOUND('',#8250,.T.);
#8781=FACE_BOUND('',#8251,.T.);
#8782=FACE_BOUND('',#8252,.T.);
#8783=FACE_BOUND('',#8253,.T.);
#8784=FACE_BOUND('',#8254,.T.);
#8785=FACE_BOUND('',#8255,.T.);
#8786=FACE_BOUND('',#8256,.T.);
#8787=FACE_BOUND('',#8257,.T.);
#8788=FACE_BOUND('',#8258,.T.);
#8789=FACE_BOUND('',#8259,.T.);
#8790=FACE_BOUND('',#8260,.T.);
#8791=FACE_BOUND('',#8261,.T.);
#8792=FACE_BOUND('',#8262,.T.);
#8793=FACE_BOUND('',#8263,.T.);
#8794=FACE_BOUND('',#8264,.T.);
#8795=FACE_BOUND('',#8265,.T.);
#8796=FACE_BOUND('',#8266,.T.);
#8797=FACE_BOUND('',#8267,.T.);
#8798=FACE_BOUND('',#8268,.T.);
#8799=FACE_BOUND('',#8269,.T.);
#8800=FACE_BOUND('',#8270,.T.);
#8801=FACE_BOUND('',#8271,.T.);
#8802=FACE_BOUND('',#8272,.T.);
#8803=FACE_BOUND('',#8273,.T.);
#8804=FACE_BOUND('',#8274,.T.);
#8805=FACE_BOUND('',#8275,.T.);
#8806=FACE_BOUND('',#8276,.T.);
#8807=FACE_BOUND('',#8277,.T.);
#8808=FACE_BOUND('',#8278,.T.);
#8809=FACE_BOUND('',#8279,.T.);
#8810=FACE_BOUND('',#8280,.T.);
#8811=FACE_BOUND('',#8281,.T.);
#8812=FACE_BOUND('',#8282,.T.);
#8813=FACE_BOUND('',#8283,.T.);
#8814=FACE_BOUND('',#8284,.T.);
#8815=FACE_BOUND('',#8285,.T.);
#8816=FACE_BOUND('',#8286,.T.);
#8817=FACE_BOUND('',#8287,.T.);
#8818=FACE_BOUND('',#8288,.T.);
#8819=FACE_BOUND('',#8289,.T.);
#8820=FACE_BOUND('',#8290,.T.);
#8821=FACE_BOUND('',#8291,.T.);
#8822=FACE_BOUND('',#8292,.T.);
#8823=FACE_BOUND('',#8293,.T.);
#8824=FACE_BOUND('',#8294,.T.);
#8825=FACE_BOUND('',#8295,.T.);
#8826=FACE_BOUND('',#8296,.T.);
#8827=FACE_BOUND('',#8297,.T.);
#8828=FACE_BOUND('',#8298,.T.);
#8829=FACE_BOUND('',#8299,.T.);
#8830=FACE_BOUND('',#8300,.T.);
#8831=FACE_BOUND('',#8301,.T.);
#8832=FACE_BOUND('',#8302,.T.);
#8833=FACE_BOUND('',#8303,.T.);
#8834=FACE_BOUND('',#8304,.T.);
#8835=FACE_BOUND('',#8305,.T.);
#8836=FACE_BOUND('',#8306,.T.);
#8837=FACE_BOUND('',#8307,.T.);
#8838=FACE_BOUND('',#8308,.T.);
#8839=FACE_BOUND('',#8309,.T.);
#8840=FACE_BOUND('',#8310,.T.);
#8841=FACE_BOUND('',#8311,.T.);
#8842=FACE_BOUND('',#8312,.T.);
#8843=FACE_BOUND('',#8313,.T.);
#8844=FACE_BOUND('',#8314,.T.);
#8845=FACE_BOUND('',#8315,.T.);
#8846=FACE_BOUND('',#8316,.T.);
#8847=FACE_BOUND('',#8317,.T.);
#8848=FACE_BOUND('',#8318,.T.);
#8849=FACE_BOUND('',#8319,.T.);
#8850=FACE_BOUND('',#8320,.T.);
#8851=FACE_BOUND('',#8321,.T.);
#8852=FACE_BOUND('',#8322,.T.);
#8853=FACE_BOUND('',#8323,.T.);
#8854=FACE_BOUND('',#8324,.T.);
#8855=FACE_BOUND('',#8325,.T.);
#8856=FACE_BOUND('',#8326,.T.);
#8857=FACE_BOUND('',#8327,.T.);
#8858=FACE_BOUND('',#8328,.T.);
#8859=FACE_BOUND('',#8329,.T.);
#8860=FACE_BOUND('',#8330,.T.);
#8861=FACE_BOUND('',#8331,.T.);
#8862=FACE_BOUND('',#8332,.T.);
#8863=FACE_BOUND('',#8333,.T.);
#8864=FACE_BOUND('',#8334,.T.);
#8865=FACE_BOUND('',#8335,.T.);
#8866=FACE_BOUND('',#8336,.T.);
#8867=FACE_BOUND('',#8337,.T.);
#8868=FACE_BOUND('',#8338,.T.);
#8869=FACE_BOUND('',#8339,.T.);
#8870=FACE_BOUND('',#8340,.T.);
#8871=FACE_BOUND('',#8341,.T.);
#8872=FACE_BOUND('',#8342,.T.);
#8873=FACE_BOUND('',#8343,.T.);
#8874=FACE_BOUND('',#8344,.T.);
#8875=FACE_BOUND('',#8345,.T.);
#8876=FACE_BOUND('',#8346,.T.);
#8877=FACE_BOUND('',#8347,.T.);
#8878=FACE_BOUND('',#8348,.T.);
#8879=FACE_BOUND('',#8349,.T.);
#8880=FACE_BOUND('',#8350,.T.);
#8881=FACE_BOUND('',#8351,.T.);
#8882=FACE_BOUND('',#8352,.T.);
#8883=FACE_BOUND('',#8353,.T.);
#8884=FACE_BOUND('',#8354,.T.);
#8885=FACE_BOUND('',#8355,.T.);
#8886=FACE_BOUND('',#8356,.T.);
#8887=FACE_BOUND('',#8357,.T.);
#8888=FACE_BOUND('',#8358,.T.);
#8889=FACE_BOUND('',#8359,.T.);
#8890=FACE_BOUND('',#8360,.T.);
#8891=FACE_BOUND('',#8361,.T.);
#8892=PLANE('',#9874);
#8893=PLANE('',#9875);
#8894=PLANE('',#9877);
#8895=PLANE('',#9878);
#8896=PLANE('',#9880);
#8897=PLANE('',#9881);
#8898=PLANE('',#9882);
#8899=PLANE('',#9883);
#8900=PLANE('',#9887);
#8901=PLANE('',#9892);
#8902=PLANE('',#9893);
#8903=PLANE('',#9894);
#8904=PLANE('',#9895);
#8905=PLANE('',#9896);
#8906=PLANE('',#9897);
#8907=PLANE('',#9898);
#8908=PLANE('',#9902);
#8909=PLANE('',#9903);
#8910=PLANE('',#9904);
#8911=PLANE('',#9908);
#8912=PLANE('',#9909);
#8913=PLANE('',#9910);
#8914=PLANE('',#9914);
#8915=PLANE('',#9915);
#8916=PLANE('',#9916);
#8917=PLANE('',#9917);
#8918=PLANE('',#9919);
#8919=PLANE('',#9922);
#8920=PLANE('',#9925);
#8921=PLANE('',#9934);
#8922=PLANE('',#9939);
#8923=PLANE('',#9940);
#8924=PLANE('',#9941);
#8925=PLANE('',#9942);
#8926=PLANE('',#9943);
#8927=PLANE('',#9944);
#8928=PLANE('',#9945);
#8929=PLANE('',#9946);
#8930=PLANE('',#9947);
#8931=PLANE('',#9948);
#8932=PLANE('',#9949);
#8933=PLANE('',#9950);
#8934=PLANE('',#9951);
#8935=PLANE('',#9952);
#8936=PLANE('',#9953);
#8937=PLANE('',#9954);
#8938=PLANE('',#9955);
#8939=PLANE('',#9956);
#8940=PLANE('',#9957);
#8941=PLANE('',#9958);
#8942=PLANE('',#9959);
#8943=PLANE('',#9960);
#8944=PLANE('',#9961);
#8945=PLANE('',#9962);
#8946=PLANE('',#9963);
#8947=PLANE('',#9964);
#8948=PLANE('',#9965);
#8949=PLANE('',#9966);
#8950=PLANE('',#9967);
#8951=PLANE('',#9968);
#8952=PLANE('',#9969);
#8953=PLANE('',#9970);
#8954=PLANE('',#9971);
#8955=PLANE('',#9972);
#8956=PLANE('',#9973);
#8957=PLANE('',#9974);
#8958=PLANE('',#9975);
#8959=PLANE('',#9976);
#8960=PLANE('',#9977);
#8961=PLANE('',#9978);
#8962=PLANE('',#9979);
#8963=PLANE('',#9980);
#8964=PLANE('',#9981);
#8965=PLANE('',#9982);
#8966=PLANE('',#9983);
#8967=PLANE('',#9984);
#8968=PLANE('',#9985);
#8969=PLANE('',#9986);
#8970=PLANE('',#9987);
#8971=PLANE('',#9988);
#8972=PLANE('',#9989);
#8973=PLANE('',#9990);
#8974=PLANE('',#9991);
#8975=PLANE('',#9992);
#8976=PLANE('',#9993);
#8977=PLANE('',#9994);
#8978=PLANE('',#9995);
#8979=PLANE('',#9996);
#8980=PLANE('',#9997);
#8981=PLANE('',#9998);
#8982=PLANE('',#9999);
#8983=PLANE('',#10000);
#8984=PLANE('',#10001);
#8985=PLANE('',#10002);
#8986=PLANE('',#10003);
#8987=PLANE('',#10004);
#8988=PLANE('',#10005);
#8989=PLANE('',#10006);
#8990=PLANE('',#10007);
#8991=PLANE('',#10008);
#8992=PLANE('',#10009);
#8993=PLANE('',#10010);
#8994=PLANE('',#10011);
#8995=PLANE('',#10012);
#8996=PLANE('',#10013);
#8997=PLANE('',#10014);
#8998=PLANE('',#10015);
#8999=PLANE('',#10016);
#9000=PLANE('',#10017);
#9001=PLANE('',#10018);
#9002=PLANE('',#10019);
#9003=PLANE('',#10020);
#9004=PLANE('',#10021);
#9005=PLANE('',#10022);
#9006=PLANE('',#10023);
#9007=PLANE('',#10024);
#9008=PLANE('',#10025);
#9009=PLANE('',#10026);
#9010=PLANE('',#10027);
#9011=PLANE('',#10028);
#9012=PLANE('',#10029);
#9013=PLANE('',#10030);
#9014=PLANE('',#10031);
#9015=PLANE('',#10032);
#9016=PLANE('',#10033);
#9017=PLANE('',#10034);
#9018=PLANE('',#10035);
#9019=PLANE('',#10036);
#9020=PLANE('',#10037);
#9021=PLANE('',#10038);
#9022=PLANE('',#10039);
#9023=PLANE('',#10040);
#9024=PLANE('',#10041);
#9025=PLANE('',#10042);
#9026=PLANE('',#10043);
#9027=PLANE('',#10044);
#9028=PLANE('',#10045);
#9029=PLANE('',#10046);
#9030=PLANE('',#10047);
#9031=PLANE('',#10048);
#9032=PLANE('',#10049);
#9033=PLANE('',#10050);
#9034=PLANE('',#10051);
#9035=PLANE('',#10052);
#9036=PLANE('',#10053);
#9037=PLANE('',#10054);
#9038=PLANE('',#10055);
#9039=PLANE('',#10056);
#9040=PLANE('',#10057);
#9041=PLANE('',#10058);
#9042=PLANE('',#10059);
#9043=PLANE('',#10060);
#9044=PLANE('',#10061);
#9045=PLANE('',#10062);
#9046=PLANE('',#10063);
#9047=PLANE('',#10064);
#9048=PLANE('',#10068);
#9049=PLANE('',#10069);
#9050=PLANE('',#10070);
#9051=PLANE('',#10071);
#9052=PLANE('',#10072);
#9053=PLANE('',#10073);
#9054=PLANE('',#10074);
#9055=PLANE('',#10075);
#9056=PLANE('',#10076);
#9057=PLANE('',#10077);
#9058=PLANE('',#10078);
#9059=PLANE('',#10079);
#9060=PLANE('',#10080);
#9061=PLANE('',#10081);
#9062=PLANE('',#10082);
#9063=PLANE('',#10083);
#9064=PLANE('',#10084);
#9065=PLANE('',#10085);
#9066=PLANE('',#10086);
#9067=PLANE('',#10087);
#9068=PLANE('',#10088);
#9069=PLANE('',#10089);
#9070=PLANE('',#10090);
#9071=PLANE('',#10091);
#9072=PLANE('',#10092);
#9073=PLANE('',#10093);
#9074=PLANE('',#10094);
#9075=PLANE('',#10095);
#9076=PLANE('',#10096);
#9077=PLANE('',#10097);
#9078=PLANE('',#10098);
#9079=PLANE('',#10099);
#9080=PLANE('',#10100);
#9081=PLANE('',#10101);
#9082=PLANE('',#10102);
#9083=PLANE('',#10103);
#9084=PLANE('',#10104);
#9085=PLANE('',#10105);
#9086=PLANE('',#10106);
#9087=PLANE('',#10107);
#9088=PLANE('',#10108);
#9089=PLANE('',#10109);
#9090=PLANE('',#10110);
#9091=PLANE('',#10111);
#9092=PLANE('',#10112);
#9093=PLANE('',#10113);
#9094=PLANE('',#10114);
#9095=PLANE('',#10115);
#9096=PLANE('',#10116);
#9097=PLANE('',#10117);
#9098=PLANE('',#10118);
#9099=PLANE('',#10119);
#9100=PLANE('',#10120);
#9101=PLANE('',#10121);
#9102=PLANE('',#10122);
#9103=PLANE('',#10123);
#9104=PLANE('',#10124);
#9105=PLANE('',#10125);
#9106=PLANE('',#10126);
#9107=PLANE('',#10127);
#9108=PLANE('',#10128);
#9109=PLANE('',#10129);
#9110=PLANE('',#10130);
#9111=PLANE('',#10131);
#9112=PLANE('',#10132);
#9113=PLANE('',#10133);
#9114=PLANE('',#10134);
#9115=PLANE('',#10135);
#9116=PLANE('',#10136);
#9117=PLANE('',#10137);
#9118=PLANE('',#10138);
#9119=PLANE('',#10139);
#9120=PLANE('',#10140);
#9121=PLANE('',#10141);
#9122=PLANE('',#10142);
#9123=PLANE('',#10143);
#9124=PLANE('',#10144);
#9125=PLANE('',#10145);
#9126=PLANE('',#10146);
#9127=PLANE('',#10147);
#9128=PLANE('',#10148);
#9129=PLANE('',#10149);
#9130=PLANE('',#10150);
#9131=PLANE('',#10151);
#9132=PLANE('',#10152);
#9133=PLANE('',#10153);
#9134=PLANE('',#10154);
#9135=PLANE('',#10155);
#9136=PLANE('',#10156);
#9137=PLANE('',#10157);
#9138=PLANE('',#10158);
#9139=PLANE('',#10159);
#9140=PLANE('',#10160);
#9141=PLANE('',#10161);
#9142=PLANE('',#10162);
#9143=PLANE('',#10163);
#9144=PLANE('',#10164);
#9145=PLANE('',#10165);
#9146=PLANE('',#10166);
#9147=PLANE('',#10167);
#9148=PLANE('',#10168);
#9149=PLANE('',#10169);
#9150=PLANE('',#10170);
#9151=PLANE('',#10171);
#9152=PLANE('',#10172);
#9153=PLANE('',#10173);
#9154=PLANE('',#10174);
#9155=PLANE('',#10175);
#9156=PLANE('',#10176);
#9157=PLANE('',#10177);
#9158=PLANE('',#10178);
#9159=PLANE('',#10179);
#9160=PLANE('',#10180);
#9161=PLANE('',#10181);
#9162=PLANE('',#10182);
#9163=PLANE('',#10183);
#9164=PLANE('',#10184);
#9165=PLANE('',#10185);
#9166=PLANE('',#10186);
#9167=PLANE('',#10187);
#9168=PLANE('',#10188);
#9169=PLANE('',#10189);
#9170=PLANE('',#10190);
#9171=PLANE('',#10191);
#9172=PLANE('',#10192);
#9173=PLANE('',#10193);
#9174=PLANE('',#10194);
#9175=PLANE('',#10195);
#9176=PLANE('',#10196);
#9177=PLANE('',#10197);
#9178=PLANE('',#10198);
#9179=PLANE('',#10199);
#9180=PLANE('',#10200);
#9181=PLANE('',#10201);
#9182=PLANE('',#10202);
#9183=PLANE('',#10203);
#9184=PLANE('',#10204);
#9185=PLANE('',#10205);
#9186=PLANE('',#10206);
#9187=PLANE('',#10207);
#9188=PLANE('',#10208);
#9189=PLANE('',#10209);
#9190=PLANE('',#10210);
#9191=PLANE('',#10211);
#9192=PLANE('',#10212);
#9193=PLANE('',#10213);
#9194=PLANE('',#10214);
#9195=PLANE('',#10215);
#9196=PLANE('',#10216);
#9197=PLANE('',#10217);
#9198=PLANE('',#10218);
#9199=PLANE('',#10219);
#9200=PLANE('',#10220);
#9201=PLANE('',#10221);
#9202=PLANE('',#10222);
#9203=PLANE('',#10223);
#9204=PLANE('',#10224);
#9205=PLANE('',#10225);
#9206=PLANE('',#10226);
#9207=PLANE('',#10227);
#9208=PLANE('',#10228);
#9209=PLANE('',#10229);
#9210=PLANE('',#10230);
#9211=PLANE('',#10231);
#9212=PLANE('',#10232);
#9213=PLANE('',#10233);
#9214=PLANE('',#10234);
#9215=PLANE('',#10235);
#9216=PLANE('',#10236);
#9217=PLANE('',#10237);
#9218=PLANE('',#10238);
#9219=PLANE('',#10239);
#9220=PLANE('',#10240);
#9221=PLANE('',#10241);
#9222=PLANE('',#10242);
#9223=PLANE('',#10243);
#9224=PLANE('',#10244);
#9225=PLANE('',#10245);
#9226=PLANE('',#10246);
#9227=PLANE('',#10247);
#9228=PLANE('',#10248);
#9229=PLANE('',#10249);
#9230=PLANE('',#10250);
#9231=PLANE('',#10251);
#9232=PLANE('',#10252);
#9233=PLANE('',#10253);
#9234=PLANE('',#10254);
#9235=PLANE('',#10255);
#9236=PLANE('',#10256);
#9237=PLANE('',#10257);
#9238=PLANE('',#10258);
#9239=PLANE('',#10259);
#9240=PLANE('',#10260);
#9241=PLANE('',#10261);
#9242=PLANE('',#10262);
#9243=PLANE('',#10263);
#9244=PLANE('',#10264);
#9245=PLANE('',#10265);
#9246=PLANE('',#10266);
#9247=PLANE('',#10267);
#9248=PLANE('',#10268);
#9249=PLANE('',#10269);
#9250=PLANE('',#10270);
#9251=PLANE('',#10271);
#9252=PLANE('',#10272);
#9253=PLANE('',#10273);
#9254=PLANE('',#10274);
#9255=PLANE('',#10275);
#9256=PLANE('',#10276);
#9257=PLANE('',#10277);
#9258=PLANE('',#10278);
#9259=PLANE('',#10279);
#9260=PLANE('',#10280);
#9261=PLANE('',#10281);
#9262=PLANE('',#10282);
#9263=PLANE('',#10283);
#9264=PLANE('',#10284);
#9265=PLANE('',#10285);
#9266=PLANE('',#10286);
#9267=PLANE('',#10287);
#9268=PLANE('',#10288);
#9269=PLANE('',#10289);
#9270=PLANE('',#10290);
#9271=PLANE('',#10291);
#9272=PLANE('',#10292);
#9273=PLANE('',#10293);
#9274=PLANE('',#10294);
#9275=PLANE('',#10295);
#9276=PLANE('',#10296);
#9277=PLANE('',#10297);
#9278=PLANE('',#10298);
#9279=PLANE('',#10299);
#9280=PLANE('',#10300);
#9281=PLANE('',#10301);
#9282=PLANE('',#10302);
#9283=PLANE('',#10303);
#9284=PLANE('',#10304);
#9285=PLANE('',#10305);
#9286=PLANE('',#10306);
#9287=PLANE('',#10307);
#9288=PLANE('',#10308);
#9289=PLANE('',#10309);
#9290=PLANE('',#10310);
#9291=PLANE('',#10311);
#9292=PLANE('',#10312);
#9293=PLANE('',#10313);
#9294=PLANE('',#10314);
#9295=PLANE('',#10315);
#9296=PLANE('',#10316);
#9297=PLANE('',#10317);
#9298=PLANE('',#10318);
#9299=PLANE('',#10319);
#9300=PLANE('',#10320);
#9301=PLANE('',#10321);
#9302=PLANE('',#10322);
#9303=PLANE('',#10323);
#9304=PLANE('',#10324);
#9305=PLANE('',#10325);
#9306=PLANE('',#10326);
#9307=PLANE('',#10327);
#9308=PLANE('',#10328);
#9309=PLANE('',#10329);
#9310=PLANE('',#10330);
#9311=PLANE('',#10331);
#9312=PLANE('',#10332);
#9313=PLANE('',#10333);
#9314=PLANE('',#10334);
#9315=PLANE('',#10335);
#9316=PLANE('',#10336);
#9317=PLANE('',#10337);
#9318=PLANE('',#10338);
#9319=PLANE('',#10339);
#9320=PLANE('',#10340);
#9321=PLANE('',#10341);
#9322=PLANE('',#10342);
#9323=PLANE('',#10343);
#9324=PLANE('',#10344);
#9325=PLANE('',#10345);
#9326=PLANE('',#10346);
#9327=PLANE('',#10347);
#9328=PLANE('',#10348);
#9329=PLANE('',#10349);
#9330=PLANE('',#10350);
#9331=PLANE('',#10351);
#9332=PLANE('',#10352);
#9333=PLANE('',#10356);
#9334=PLANE('',#10357);
#9335=PLANE('',#10358);
#9336=PLANE('',#10359);
#9337=PLANE('',#10364);
#9338=PLANE('',#10366);
#9339=PLANE('',#10370);
#9340=PLANE('',#10375);
#9341=PLANE('',#10379);
#9342=PLANE('',#10383);
#9343=PLANE('',#10386);
#9344=PLANE('',#10390);
#9345=PLANE('',#10391);
#9346=PLANE('',#10392);
#9347=PLANE('',#10393);
#9348=PLANE('',#10394);
#9349=PLANE('',#10395);
#9350=PLANE('',#10396);
#9351=PLANE('',#10397);
#9352=PLANE('',#10400);
#9353=ADVANCED_FACE('',(#8362),#8892,.T.);
#9354=ADVANCED_FACE('',(#8363,#8364),#8893,.T.);
#9355=ADVANCED_FACE('',(#8365),#8894,.F.);
#9356=ADVANCED_FACE('',(#8366),#8895,.T.);
#9357=ADVANCED_FACE('',(#8367),#8896,.T.);
#9358=ADVANCED_FACE('',(#8368),#8897,.T.);
#9359=ADVANCED_FACE('',(#8369),#8898,.T.);
#9360=ADVANCED_FACE('',(#8370),#8899,.T.);
#9361=ADVANCED_FACE('',(#8371,#8372),#36,.F.);
#9362=ADVANCED_FACE('',(#8373),#8900,.T.);
#9363=ADVANCED_FACE('',(#8374,#8375),#37,.F.);
#9364=ADVANCED_FACE('',(#8376),#8901,.F.);
#9365=ADVANCED_FACE('',(#8377),#8902,.F.);
#9366=ADVANCED_FACE('',(#8378),#8903,.F.);
#9367=ADVANCED_FACE('',(#8379),#8904,.F.);
#9368=ADVANCED_FACE('',(#8380),#8905,.F.);
#9369=ADVANCED_FACE('',(#8381),#8906,.T.);
#9370=ADVANCED_FACE('',(#8382),#8907,.F.);
#9371=ADVANCED_FACE('',(#8383),#38,.T.);
#9372=ADVANCED_FACE('',(#8384),#8908,.F.);
#9373=ADVANCED_FACE('',(#8385),#8909,.F.);
#9374=ADVANCED_FACE('',(#8386,#8387),#8910,.T.);
#9375=ADVANCED_FACE('',(#8388),#39,.F.);
#9376=ADVANCED_FACE('',(#8389,#8390),#8911,.F.);
#9377=ADVANCED_FACE('',(#8391),#8912,.F.);
#9378=ADVANCED_FACE('',(#8392),#8913,.T.);
#9379=ADVANCED_FACE('',(#8393),#40,.T.);
#9380=ADVANCED_FACE('',(#8394),#8914,.T.);
#9381=ADVANCED_FACE('',(#8395),#8915,.T.);
#9382=ADVANCED_FACE('',(#8396),#8916,.T.);
#9383=ADVANCED_FACE('',(#8397),#8917,.T.);
#9384=ADVANCED_FACE('',(#8398,#8399),#8918,.T.);
#9385=ADVANCED_FACE('',(#8400,#8401),#8919,.T.);
#9386=ADVANCED_FACE('',(#8402,#8403),#8920,.T.);
#9387=ADVANCED_FACE('',(#8404,#8405),#41,.F.);
#9388=ADVANCED_FACE('',(#8406,#8407),#42,.F.);
#9389=ADVANCED_FACE('',(#8408,#8409),#43,.F.);
#9390=ADVANCED_FACE('',(#8410,#8411),#44,.F.);
#9391=ADVANCED_FACE('',(#8412,#8413),#45,.F.);
#9392=ADVANCED_FACE('',(#8414,#8415),#46,.F.);
#9393=ADVANCED_FACE('',(#8416,#8417),#8921,.T.);
#9394=ADVANCED_FACE('',(#8418,#8419,#8420,#8421,#8422),#47,.F.);
#9395=ADVANCED_FACE('',(#8423),#8922,.F.);
#9396=ADVANCED_FACE('',(#8424),#8923,.F.);
#9397=ADVANCED_FACE('',(#8425),#8924,.F.);
#9398=ADVANCED_FACE('',(#8426),#8925,.F.);
#9399=ADVANCED_FACE('',(#8427),#8926,.F.);
#9400=ADVANCED_FACE('',(#8428),#8927,.F.);
#9401=ADVANCED_FACE('',(#8429),#8928,.F.);
#9402=ADVANCED_FACE('',(#8430),#8929,.F.);
#9403=ADVANCED_FACE('',(#8431),#8930,.F.);
#9404=ADVANCED_FACE('',(#8432),#8931,.F.);
#9405=ADVANCED_FACE('',(#8433),#8932,.F.);
#9406=ADVANCED_FACE('',(#8434),#8933,.F.);
#9407=ADVANCED_FACE('',(#8435),#8934,.F.);
#9408=ADVANCED_FACE('',(#8436),#8935,.F.);
#9409=ADVANCED_FACE('',(#8437),#8936,.F.);
#9410=ADVANCED_FACE('',(#8438),#8937,.F.);
#9411=ADVANCED_FACE('',(#8439),#8938,.F.);
#9412=ADVANCED_FACE('',(#8440),#8939,.F.);
#9413=ADVANCED_FACE('',(#8441),#8940,.F.);
#9414=ADVANCED_FACE('',(#8442),#8941,.F.);
#9415=ADVANCED_FACE('',(#8443),#8942,.F.);
#9416=ADVANCED_FACE('',(#8444),#8943,.F.);
#9417=ADVANCED_FACE('',(#8445),#8944,.F.);
#9418=ADVANCED_FACE('',(#8446),#8945,.F.);
#9419=ADVANCED_FACE('',(#8447),#8946,.F.);
#9420=ADVANCED_FACE('',(#8448),#8947,.F.);
#9421=ADVANCED_FACE('',(#8449),#8948,.F.);
#9422=ADVANCED_FACE('',(#8450),#8949,.F.);
#9423=ADVANCED_FACE('',(#8451),#8950,.F.);
#9424=ADVANCED_FACE('',(#8452),#8951,.F.);
#9425=ADVANCED_FACE('',(#8453),#8952,.F.);
#9426=ADVANCED_FACE('',(#8454),#8953,.F.);
#9427=ADVANCED_FACE('',(#8455),#8954,.F.);
#9428=ADVANCED_FACE('',(#8456),#8955,.F.);
#9429=ADVANCED_FACE('',(#8457),#8956,.F.);
#9430=ADVANCED_FACE('',(#8458),#8957,.F.);
#9431=ADVANCED_FACE('',(#8459),#8958,.F.);
#9432=ADVANCED_FACE('',(#8460),#8959,.F.);
#9433=ADVANCED_FACE('',(#8461),#8960,.F.);
#9434=ADVANCED_FACE('',(#8462),#8961,.F.);
#9435=ADVANCED_FACE('',(#8463),#8962,.F.);
#9436=ADVANCED_FACE('',(#8464),#8963,.F.);
#9437=ADVANCED_FACE('',(#8465),#8964,.F.);
#9438=ADVANCED_FACE('',(#8466),#8965,.F.);
#9439=ADVANCED_FACE('',(#8467),#8966,.F.);
#9440=ADVANCED_FACE('',(#8468),#8967,.F.);
#9441=ADVANCED_FACE('',(#8469),#8968,.F.);
#9442=ADVANCED_FACE('',(#8470),#8969,.F.);
#9443=ADVANCED_FACE('',(#8471),#8970,.F.);
#9444=ADVANCED_FACE('',(#8472),#8971,.F.);
#9445=ADVANCED_FACE('',(#8473),#8972,.F.);
#9446=ADVANCED_FACE('',(#8474),#8973,.F.);
#9447=ADVANCED_FACE('',(#8475),#8974,.F.);
#9448=ADVANCED_FACE('',(#8476),#8975,.F.);
#9449=ADVANCED_FACE('',(#8477),#8976,.F.);
#9450=ADVANCED_FACE('',(#8478),#8977,.F.);
#9451=ADVANCED_FACE('',(#8479),#8978,.F.);
#9452=ADVANCED_FACE('',(#8480),#8979,.F.);
#9453=ADVANCED_FACE('',(#8481),#8980,.F.);
#9454=ADVANCED_FACE('',(#8482),#8981,.F.);
#9455=ADVANCED_FACE('',(#8483),#8982,.F.);
#9456=ADVANCED_FACE('',(#8484),#8983,.F.);
#9457=ADVANCED_FACE('',(#8485),#8984,.F.);
#9458=ADVANCED_FACE('',(#8486),#8985,.F.);
#9459=ADVANCED_FACE('',(#8487),#8986,.F.);
#9460=ADVANCED_FACE('',(#8488),#8987,.F.);
#9461=ADVANCED_FACE('',(#8489),#8988,.F.);
#9462=ADVANCED_FACE('',(#8490),#8989,.F.);
#9463=ADVANCED_FACE('',(#8491),#8990,.F.);
#9464=ADVANCED_FACE('',(#8492),#8991,.F.);
#9465=ADVANCED_FACE('',(#8493),#8992,.F.);
#9466=ADVANCED_FACE('',(#8494),#8993,.F.);
#9467=ADVANCED_FACE('',(#8495),#8994,.F.);
#9468=ADVANCED_FACE('',(#8496),#8995,.F.);
#9469=ADVANCED_FACE('',(#8497),#8996,.F.);
#9470=ADVANCED_FACE('',(#8498),#8997,.F.);
#9471=ADVANCED_FACE('',(#8499),#8998,.F.);
#9472=ADVANCED_FACE('',(#8500),#8999,.F.);
#9473=ADVANCED_FACE('',(#8501),#9000,.F.);
#9474=ADVANCED_FACE('',(#8502),#9001,.F.);
#9475=ADVANCED_FACE('',(#8503),#9002,.F.);
#9476=ADVANCED_FACE('',(#8504),#9003,.F.);
#9477=ADVANCED_FACE('',(#8505),#9004,.F.);
#9478=ADVANCED_FACE('',(#8506),#9005,.F.);
#9479=ADVANCED_FACE('',(#8507),#9006,.F.);
#9480=ADVANCED_FACE('',(#8508),#9007,.F.);
#9481=ADVANCED_FACE('',(#8509),#9008,.F.);
#9482=ADVANCED_FACE('',(#8510),#9009,.F.);
#9483=ADVANCED_FACE('',(#8511),#9010,.F.);
#9484=ADVANCED_FACE('',(#8512),#9011,.F.);
#9485=ADVANCED_FACE('',(#8513),#9012,.F.);
#9486=ADVANCED_FACE('',(#8514),#9013,.F.);
#9487=ADVANCED_FACE('',(#8515),#9014,.F.);
#9488=ADVANCED_FACE('',(#8516),#9015,.F.);
#9489=ADVANCED_FACE('',(#8517),#9016,.F.);
#9490=ADVANCED_FACE('',(#8518),#9017,.F.);
#9491=ADVANCED_FACE('',(#8519),#9018,.F.);
#9492=ADVANCED_FACE('',(#8520),#9019,.F.);
#9493=ADVANCED_FACE('',(#8521),#9020,.F.);
#9494=ADVANCED_FACE('',(#8522),#9021,.F.);
#9495=ADVANCED_FACE('',(#8523),#9022,.F.);
#9496=ADVANCED_FACE('',(#8524),#9023,.F.);
#9497=ADVANCED_FACE('',(#8525),#9024,.F.);
#9498=ADVANCED_FACE('',(#8526),#9025,.F.);
#9499=ADVANCED_FACE('',(#8527),#9026,.F.);
#9500=ADVANCED_FACE('',(#8528),#9027,.F.);
#9501=ADVANCED_FACE('',(#8529),#9028,.F.);
#9502=ADVANCED_FACE('',(#8530),#9029,.F.);
#9503=ADVANCED_FACE('',(#8531),#9030,.F.);
#9504=ADVANCED_FACE('',(#8532),#9031,.F.);
#9505=ADVANCED_FACE('',(#8533),#9032,.F.);
#9506=ADVANCED_FACE('',(#8534),#9033,.F.);
#9507=ADVANCED_FACE('',(#8535),#9034,.F.);
#9508=ADVANCED_FACE('',(#8536),#9035,.F.);
#9509=ADVANCED_FACE('',(#8537),#9036,.F.);
#9510=ADVANCED_FACE('',(#8538),#9037,.F.);
#9511=ADVANCED_FACE('',(#8539),#9038,.F.);
#9512=ADVANCED_FACE('',(#8540),#9039,.F.);
#9513=ADVANCED_FACE('',(#8541),#9040,.F.);
#9514=ADVANCED_FACE('',(#8542),#9041,.F.);
#9515=ADVANCED_FACE('',(#8543),#9042,.F.);
#9516=ADVANCED_FACE('',(#8544),#9043,.F.);
#9517=ADVANCED_FACE('',(#8545),#9044,.F.);
#9518=ADVANCED_FACE('',(#8546),#9045,.F.);
#9519=ADVANCED_FACE('',(#8547),#9046,.F.);
#9520=ADVANCED_FACE('',(#8548),#9047,.F.);
#9521=ADVANCED_FACE('',(#8549,#8550),#48,.F.);
#9522=ADVANCED_FACE('',(#8551),#9048,.F.);
#9523=ADVANCED_FACE('',(#8552),#9049,.F.);
#9524=ADVANCED_FACE('',(#8553),#9050,.F.);
#9525=ADVANCED_FACE('',(#8554),#9051,.F.);
#9526=ADVANCED_FACE('',(#8555),#9052,.F.);
#9527=ADVANCED_FACE('',(#8556),#9053,.F.);
#9528=ADVANCED_FACE('',(#8557),#9054,.F.);
#9529=ADVANCED_FACE('',(#8558),#9055,.F.);
#9530=ADVANCED_FACE('',(#8559),#9056,.F.);
#9531=ADVANCED_FACE('',(#8560),#9057,.F.);
#9532=ADVANCED_FACE('',(#8561),#9058,.F.);
#9533=ADVANCED_FACE('',(#8562),#9059,.F.);
#9534=ADVANCED_FACE('',(#8563),#9060,.F.);
#9535=ADVANCED_FACE('',(#8564),#9061,.F.);
#9536=ADVANCED_FACE('',(#8565),#9062,.F.);
#9537=ADVANCED_FACE('',(#8566),#9063,.F.);
#9538=ADVANCED_FACE('',(#8567),#9064,.F.);
#9539=ADVANCED_FACE('',(#8568),#9065,.F.);
#9540=ADVANCED_FACE('',(#8569),#9066,.F.);
#9541=ADVANCED_FACE('',(#8570),#9067,.F.);
#9542=ADVANCED_FACE('',(#8571),#9068,.F.);
#9543=ADVANCED_FACE('',(#8572),#9069,.F.);
#9544=ADVANCED_FACE('',(#8573),#9070,.F.);
#9545=ADVANCED_FACE('',(#8574),#9071,.F.);
#9546=ADVANCED_FACE('',(#8575),#9072,.F.);
#9547=ADVANCED_FACE('',(#8576),#9073,.F.);
#9548=ADVANCED_FACE('',(#8577),#9074,.F.);
#9549=ADVANCED_FACE('',(#8578),#9075,.F.);
#9550=ADVANCED_FACE('',(#8579),#9076,.F.);
#9551=ADVANCED_FACE('',(#8580),#9077,.F.);
#9552=ADVANCED_FACE('',(#8581),#9078,.F.);
#9553=ADVANCED_FACE('',(#8582),#9079,.F.);
#9554=ADVANCED_FACE('',(#8583),#9080,.F.);
#9555=ADVANCED_FACE('',(#8584),#9081,.F.);
#9556=ADVANCED_FACE('',(#8585),#9082,.F.);
#9557=ADVANCED_FACE('',(#8586),#9083,.F.);
#9558=ADVANCED_FACE('',(#8587),#9084,.F.);
#9559=ADVANCED_FACE('',(#8588),#9085,.F.);
#9560=ADVANCED_FACE('',(#8589),#9086,.F.);
#9561=ADVANCED_FACE('',(#8590),#9087,.F.);
#9562=ADVANCED_FACE('',(#8591),#9088,.F.);
#9563=ADVANCED_FACE('',(#8592),#9089,.F.);
#9564=ADVANCED_FACE('',(#8593),#9090,.F.);
#9565=ADVANCED_FACE('',(#8594),#9091,.F.);
#9566=ADVANCED_FACE('',(#8595),#9092,.F.);
#9567=ADVANCED_FACE('',(#8596),#9093,.F.);
#9568=ADVANCED_FACE('',(#8597),#9094,.F.);
#9569=ADVANCED_FACE('',(#8598),#9095,.F.);
#9570=ADVANCED_FACE('',(#8599),#9096,.F.);
#9571=ADVANCED_FACE('',(#8600),#9097,.F.);
#9572=ADVANCED_FACE('',(#8601),#9098,.F.);
#9573=ADVANCED_FACE('',(#8602),#9099,.F.);
#9574=ADVANCED_FACE('',(#8603),#9100,.F.);
#9575=ADVANCED_FACE('',(#8604),#9101,.F.);
#9576=ADVANCED_FACE('',(#8605),#9102,.F.);
#9577=ADVANCED_FACE('',(#8606),#9103,.F.);
#9578=ADVANCED_FACE('',(#8607),#9104,.F.);
#9579=ADVANCED_FACE('',(#8608),#9105,.F.);
#9580=ADVANCED_FACE('',(#8609),#9106,.F.);
#9581=ADVANCED_FACE('',(#8610),#9107,.F.);
#9582=ADVANCED_FACE('',(#8611),#9108,.F.);
#9583=ADVANCED_FACE('',(#8612),#9109,.F.);
#9584=ADVANCED_FACE('',(#8613),#9110,.F.);
#9585=ADVANCED_FACE('',(#8614),#9111,.F.);
#9586=ADVANCED_FACE('',(#8615),#9112,.F.);
#9587=ADVANCED_FACE('',(#8616),#9113,.F.);
#9588=ADVANCED_FACE('',(#8617),#9114,.F.);
#9589=ADVANCED_FACE('',(#8618),#9115,.F.);
#9590=ADVANCED_FACE('',(#8619),#9116,.F.);
#9591=ADVANCED_FACE('',(#8620),#9117,.F.);
#9592=ADVANCED_FACE('',(#8621),#9118,.F.);
#9593=ADVANCED_FACE('',(#8622),#9119,.F.);
#9594=ADVANCED_FACE('',(#8623),#9120,.F.);
#9595=ADVANCED_FACE('',(#8624),#9121,.F.);
#9596=ADVANCED_FACE('',(#8625),#9122,.F.);
#9597=ADVANCED_FACE('',(#8626),#9123,.F.);
#9598=ADVANCED_FACE('',(#8627),#9124,.F.);
#9599=ADVANCED_FACE('',(#8628),#9125,.F.);
#9600=ADVANCED_FACE('',(#8629),#9126,.F.);
#9601=ADVANCED_FACE('',(#8630),#9127,.F.);
#9602=ADVANCED_FACE('',(#8631),#9128,.F.);
#9603=ADVANCED_FACE('',(#8632),#9129,.F.);
#9604=ADVANCED_FACE('',(#8633),#9130,.F.);
#9605=ADVANCED_FACE('',(#8634),#9131,.F.);
#9606=ADVANCED_FACE('',(#8635),#9132,.F.);
#9607=ADVANCED_FACE('',(#8636),#9133,.F.);
#9608=ADVANCED_FACE('',(#8637),#9134,.F.);
#9609=ADVANCED_FACE('',(#8638),#9135,.F.);
#9610=ADVANCED_FACE('',(#8639),#9136,.F.);
#9611=ADVANCED_FACE('',(#8640),#9137,.F.);
#9612=ADVANCED_FACE('',(#8641),#9138,.F.);
#9613=ADVANCED_FACE('',(#8642),#9139,.F.);
#9614=ADVANCED_FACE('',(#8643),#9140,.F.);
#9615=ADVANCED_FACE('',(#8644),#9141,.F.);
#9616=ADVANCED_FACE('',(#8645),#9142,.F.);
#9617=ADVANCED_FACE('',(#8646),#9143,.F.);
#9618=ADVANCED_FACE('',(#8647),#9144,.F.);
#9619=ADVANCED_FACE('',(#8648),#9145,.F.);
#9620=ADVANCED_FACE('',(#8649),#9146,.F.);
#9621=ADVANCED_FACE('',(#8650),#9147,.F.);
#9622=ADVANCED_FACE('',(#8651),#9148,.F.);
#9623=ADVANCED_FACE('',(#8652),#9149,.F.);
#9624=ADVANCED_FACE('',(#8653),#9150,.F.);
#9625=ADVANCED_FACE('',(#8654),#9151,.F.);
#9626=ADVANCED_FACE('',(#8655),#9152,.F.);
#9627=ADVANCED_FACE('',(#8656),#9153,.F.);
#9628=ADVANCED_FACE('',(#8657),#9154,.F.);
#9629=ADVANCED_FACE('',(#8658),#9155,.F.);
#9630=ADVANCED_FACE('',(#8659),#9156,.F.);
#9631=ADVANCED_FACE('',(#8660),#9157,.F.);
#9632=ADVANCED_FACE('',(#8661),#9158,.F.);
#9633=ADVANCED_FACE('',(#8662),#9159,.F.);
#9634=ADVANCED_FACE('',(#8663),#9160,.F.);
#9635=ADVANCED_FACE('',(#8664),#9161,.F.);
#9636=ADVANCED_FACE('',(#8665),#9162,.F.);
#9637=ADVANCED_FACE('',(#8666),#9163,.F.);
#9638=ADVANCED_FACE('',(#8667),#9164,.F.);
#9639=ADVANCED_FACE('',(#8668),#9165,.F.);
#9640=ADVANCED_FACE('',(#8669),#9166,.F.);
#9641=ADVANCED_FACE('',(#8670),#9167,.F.);
#9642=ADVANCED_FACE('',(#8671),#9168,.F.);
#9643=ADVANCED_FACE('',(#8672),#9169,.F.);
#9644=ADVANCED_FACE('',(#8673),#9170,.F.);
#9645=ADVANCED_FACE('',(#8674),#9171,.F.);
#9646=ADVANCED_FACE('',(#8675),#9172,.F.);
#9647=ADVANCED_FACE('',(#8676),#9173,.F.);
#9648=ADVANCED_FACE('',(#8677),#9174,.F.);
#9649=ADVANCED_FACE('',(#8678),#9175,.F.);
#9650=ADVANCED_FACE('',(#8679),#9176,.F.);
#9651=ADVANCED_FACE('',(#8680),#9177,.F.);
#9652=ADVANCED_FACE('',(#8681),#9178,.F.);
#9653=ADVANCED_FACE('',(#8682),#9179,.F.);
#9654=ADVANCED_FACE('',(#8683),#9180,.F.);
#9655=ADVANCED_FACE('',(#8684),#9181,.F.);
#9656=ADVANCED_FACE('',(#8685),#9182,.F.);
#9657=ADVANCED_FACE('',(#8686),#9183,.F.);
#9658=ADVANCED_FACE('',(#8687),#9184,.F.);
#9659=ADVANCED_FACE('',(#8688),#9185,.F.);
#9660=ADVANCED_FACE('',(#8689),#9186,.F.);
#9661=ADVANCED_FACE('',(#8690),#9187,.F.);
#9662=ADVANCED_FACE('',(#8691),#9188,.F.);
#9663=ADVANCED_FACE('',(#8692),#9189,.F.);
#9664=ADVANCED_FACE('',(#8693),#9190,.F.);
#9665=ADVANCED_FACE('',(#8694),#9191,.F.);
#9666=ADVANCED_FACE('',(#8695),#9192,.F.);
#9667=ADVANCED_FACE('',(#8696),#9193,.F.);
#9668=ADVANCED_FACE('',(#8697),#9194,.F.);
#9669=ADVANCED_FACE('',(#8698),#9195,.F.);
#9670=ADVANCED_FACE('',(#8699),#9196,.F.);
#9671=ADVANCED_FACE('',(#8700),#9197,.F.);
#9672=ADVANCED_FACE('',(#8701),#9198,.F.);
#9673=ADVANCED_FACE('',(#8702),#9199,.F.);
#9674=ADVANCED_FACE('',(#8703),#9200,.F.);
#9675=ADVANCED_FACE('',(#8704),#9201,.F.);
#9676=ADVANCED_FACE('',(#8705),#9202,.F.);
#9677=ADVANCED_FACE('',(#8706),#9203,.F.);
#9678=ADVANCED_FACE('',(#8707),#9204,.F.);
#9679=ADVANCED_FACE('',(#8708),#9205,.F.);
#9680=ADVANCED_FACE('',(#8709),#9206,.F.);
#9681=ADVANCED_FACE('',(#8710),#9207,.F.);
#9682=ADVANCED_FACE('',(#8711),#9208,.F.);
#9683=ADVANCED_FACE('',(#8712),#9209,.F.);
#9684=ADVANCED_FACE('',(#8713),#9210,.F.);
#9685=ADVANCED_FACE('',(#8714),#9211,.F.);
#9686=ADVANCED_FACE('',(#8715),#9212,.F.);
#9687=ADVANCED_FACE('',(#8716),#9213,.F.);
#9688=ADVANCED_FACE('',(#8717),#9214,.F.);
#9689=ADVANCED_FACE('',(#8718),#9215,.F.);
#9690=ADVANCED_FACE('',(#8719),#9216,.F.);
#9691=ADVANCED_FACE('',(#8720),#9217,.F.);
#9692=ADVANCED_FACE('',(#8721),#9218,.F.);
#9693=ADVANCED_FACE('',(#8722),#9219,.F.);
#9694=ADVANCED_FACE('',(#8723),#9220,.F.);
#9695=ADVANCED_FACE('',(#8724),#9221,.F.);
#9696=ADVANCED_FACE('',(#8725),#9222,.F.);
#9697=ADVANCED_FACE('',(#8726),#9223,.F.);
#9698=ADVANCED_FACE('',(#8727),#9224,.F.);
#9699=ADVANCED_FACE('',(#8728),#9225,.F.);
#9700=ADVANCED_FACE('',(#8729),#9226,.F.);
#9701=ADVANCED_FACE('',(#8730),#9227,.F.);
#9702=ADVANCED_FACE('',(#8731),#9228,.F.);
#9703=ADVANCED_FACE('',(#8732),#9229,.F.);
#9704=ADVANCED_FACE('',(#8733),#9230,.F.);
#9705=ADVANCED_FACE('',(#8734),#9231,.F.);
#9706=ADVANCED_FACE('',(#8735),#9232,.F.);
#9707=ADVANCED_FACE('',(#8736),#9233,.F.);
#9708=ADVANCED_FACE('',(#8737),#9234,.F.);
#9709=ADVANCED_FACE('',(#8738),#9235,.F.);
#9710=ADVANCED_FACE('',(#8739),#9236,.F.);
#9711=ADVANCED_FACE('',(#8740),#9237,.F.);
#9712=ADVANCED_FACE('',(#8741),#9238,.F.);
#9713=ADVANCED_FACE('',(#8742),#9239,.F.);
#9714=ADVANCED_FACE('',(#8743),#9240,.F.);
#9715=ADVANCED_FACE('',(#8744),#9241,.F.);
#9716=ADVANCED_FACE('',(#8745),#9242,.F.);
#9717=ADVANCED_FACE('',(#8746),#9243,.F.);
#9718=ADVANCED_FACE('',(#8747),#9244,.F.);
#9719=ADVANCED_FACE('',(#8748),#9245,.F.);
#9720=ADVANCED_FACE('',(#8749),#9246,.F.);
#9721=ADVANCED_FACE('',(#8750),#9247,.F.);
#9722=ADVANCED_FACE('',(#8751),#9248,.F.);
#9723=ADVANCED_FACE('',(#8752),#9249,.F.);
#9724=ADVANCED_FACE('',(#8753),#9250,.F.);
#9725=ADVANCED_FACE('',(#8754),#9251,.F.);
#9726=ADVANCED_FACE('',(#8755),#9252,.T.);
#9727=ADVANCED_FACE('',(#8756),#9253,.F.);
#9728=ADVANCED_FACE('',(#8757),#9254,.F.);
#9729=ADVANCED_FACE('',(#8758),#9255,.F.);
#9730=ADVANCED_FACE('',(#8759),#9256,.F.);
#9731=ADVANCED_FACE('',(#8760),#9257,.F.);
#9732=ADVANCED_FACE('',(#8761),#9258,.F.);
#9733=ADVANCED_FACE('',(#8762),#9259,.F.);
#9734=ADVANCED_FACE('',(#8763),#9260,.F.);
#9735=ADVANCED_FACE('',(#8764),#9261,.F.);
#9736=ADVANCED_FACE('',(#8765),#9262,.F.);
#9737=ADVANCED_FACE('',(#8766),#9263,.F.);
#9738=ADVANCED_FACE('',(#8767),#9264,.F.);
#9739=ADVANCED_FACE('',(#8768),#9265,.F.);
#9740=ADVANCED_FACE('',(#8769),#9266,.F.);
#9741=ADVANCED_FACE('',(#8770),#9267,.F.);
#9742=ADVANCED_FACE('',(#8771),#9268,.F.);
#9743=ADVANCED_FACE('',(#8772),#9269,.F.);
#9744=ADVANCED_FACE('',(#8773),#9270,.F.);
#9745=ADVANCED_FACE('',(#8774),#9271,.F.);
#9746=ADVANCED_FACE('',(#8775),#9272,.F.);
#9747=ADVANCED_FACE('',(#8776),#9273,.F.);
#9748=ADVANCED_FACE('',(#8777),#9274,.F.);
#9749=ADVANCED_FACE('',(#8778),#9275,.F.);
#9750=ADVANCED_FACE('',(#8779),#9276,.F.);
#9751=ADVANCED_FACE('',(#8780),#9277,.F.);
#9752=ADVANCED_FACE('',(#8781),#9278,.F.);
#9753=ADVANCED_FACE('',(#8782),#9279,.F.);
#9754=ADVANCED_FACE('',(#8783),#9280,.F.);
#9755=ADVANCED_FACE('',(#8784),#9281,.F.);
#9756=ADVANCED_FACE('',(#8785),#9282,.F.);
#9757=ADVANCED_FACE('',(#8786),#9283,.F.);
#9758=ADVANCED_FACE('',(#8787),#9284,.F.);
#9759=ADVANCED_FACE('',(#8788),#9285,.F.);
#9760=ADVANCED_FACE('',(#8789),#9286,.F.);
#9761=ADVANCED_FACE('',(#8790),#9287,.F.);
#9762=ADVANCED_FACE('',(#8791),#9288,.F.);
#9763=ADVANCED_FACE('',(#8792),#9289,.F.);
#9764=ADVANCED_FACE('',(#8793),#9290,.F.);
#9765=ADVANCED_FACE('',(#8794),#9291,.F.);
#9766=ADVANCED_FACE('',(#8795),#9292,.F.);
#9767=ADVANCED_FACE('',(#8796),#9293,.F.);
#9768=ADVANCED_FACE('',(#8797),#9294,.F.);
#9769=ADVANCED_FACE('',(#8798),#9295,.F.);
#9770=ADVANCED_FACE('',(#8799),#9296,.F.);
#9771=ADVANCED_FACE('',(#8800),#9297,.F.);
#9772=ADVANCED_FACE('',(#8801),#9298,.F.);
#9773=ADVANCED_FACE('',(#8802),#9299,.F.);
#9774=ADVANCED_FACE('',(#8803),#9300,.F.);
#9775=ADVANCED_FACE('',(#8804),#9301,.F.);
#9776=ADVANCED_FACE('',(#8805),#9302,.F.);
#9777=ADVANCED_FACE('',(#8806),#9303,.F.);
#9778=ADVANCED_FACE('',(#8807),#9304,.F.);
#9779=ADVANCED_FACE('',(#8808),#9305,.F.);
#9780=ADVANCED_FACE('',(#8809),#9306,.F.);
#9781=ADVANCED_FACE('',(#8810),#9307,.F.);
#9782=ADVANCED_FACE('',(#8811),#9308,.F.);
#9783=ADVANCED_FACE('',(#8812),#9309,.F.);
#9784=ADVANCED_FACE('',(#8813),#9310,.F.);
#9785=ADVANCED_FACE('',(#8814),#9311,.F.);
#9786=ADVANCED_FACE('',(#8815),#9312,.F.);
#9787=ADVANCED_FACE('',(#8816),#9313,.F.);
#9788=ADVANCED_FACE('',(#8817),#9314,.F.);
#9789=ADVANCED_FACE('',(#8818),#9315,.F.);
#9790=ADVANCED_FACE('',(#8819),#9316,.F.);
#9791=ADVANCED_FACE('',(#8820),#9317,.F.);
#9792=ADVANCED_FACE('',(#8821),#9318,.F.);
#9793=ADVANCED_FACE('',(#8822),#9319,.F.);
#9794=ADVANCED_FACE('',(#8823),#9320,.F.);
#9795=ADVANCED_FACE('',(#8824),#9321,.F.);
#9796=ADVANCED_FACE('',(#8825),#9322,.F.);
#9797=ADVANCED_FACE('',(#8826),#9323,.F.);
#9798=ADVANCED_FACE('',(#8827),#9324,.F.);
#9799=ADVANCED_FACE('',(#8828),#9325,.F.);
#9800=ADVANCED_FACE('',(#8829),#9326,.F.);
#9801=ADVANCED_FACE('',(#8830),#9327,.F.);
#9802=ADVANCED_FACE('',(#8831),#9328,.F.);
#9803=ADVANCED_FACE('',(#8832),#9329,.F.);
#9804=ADVANCED_FACE('',(#8833),#9330,.F.);
#9805=ADVANCED_FACE('',(#8834),#9331,.T.);
#9806=ADVANCED_FACE('',(#8835),#9332,.F.);
#9807=ADVANCED_FACE('',(#8836,#8837,#8838,#8839,#8840),#49,.T.);
#9808=ADVANCED_FACE('',(#8841,#8842,#8843,#8844),#9333,.T.);
#9809=ADVANCED_FACE('',(#8845),#9334,.T.);
#9810=ADVANCED_FACE('',(#8846,#8847,#8848,#8849,#8850),#9335,.T.);
#9811=ADVANCED_FACE('',(#8851),#9336,.T.);
#9812=ADVANCED_FACE('',(#8852,#8853),#50,.T.);
#9813=ADVANCED_FACE('',(#8854,#8855),#9337,.F.);
#9814=ADVANCED_FACE('',(#8856),#9338,.T.);
#9815=ADVANCED_FACE('',(#8857,#8858),#51,.T.);
#9816=ADVANCED_FACE('',(#8859,#8860,#8861),#9339,.F.);
#9817=ADVANCED_FACE('',(#8862,#8863),#52,.T.);
#9818=ADVANCED_FACE('',(#8864,#8865),#9340,.F.);
#9819=ADVANCED_FACE('',(#8866,#8867),#53,.T.);
#9820=ADVANCED_FACE('',(#8868,#8869),#9341,.F.);
#9821=ADVANCED_FACE('',(#8870,#8871),#54,.T.);
#9822=ADVANCED_FACE('',(#8872,#8873),#9342,.F.);
#9823=ADVANCED_FACE('',(#8874,#8875),#55,.T.);
#9824=ADVANCED_FACE('',(#8876,#8877),#9343,.T.);
#9825=ADVANCED_FACE('',(#8878,#8879),#56,.T.);
#9826=ADVANCED_FACE('',(#8880,#8881),#9344,.T.);
#9827=ADVANCED_FACE('',(#8882),#9345,.F.);
#9828=ADVANCED_FACE('',(#8883),#9346,.F.);
#9829=ADVANCED_FACE('',(#8884),#9347,.F.);
#9830=ADVANCED_FACE('',(#8885),#9348,.F.);
#9831=ADVANCED_FACE('',(#8886),#9349,.F.);
#9832=ADVANCED_FACE('',(#8887),#9350,.F.);
#9833=ADVANCED_FACE('',(#8888),#9351,.T.);
#9834=ADVANCED_FACE('',(#8889,#8890),#57,.F.);
#9835=ADVANCED_FACE('',(#8891),#9352,.T.);
#9836=CLOSED_SHELL('',(#9353,#9354,#9355,#9356,#9357,#9358,#9359,#9360,#9361,#9362,#9363,#9364,#9365,#9366,#9367,#9368,#9369,#9370,#9371,#9372,#9373,#9374,#9375,#9376,#9377,#9378,#9379,#9380,#9381,#9382,#9383));
#9837=CLOSED_SHELL('',(#9384,#9385,#9386,#9387,#9388,#9389,#9390,#9391,#9392,#9393,#9394,#9395,#9396,#9397,#9398,#9399,#9400,#9401,#9402,#9403,#9404,#9405,#9406,#9407,#9408,#9409,#9410,#9411,#9412,#9413,#9414,#9415,#9416,#9417,#9418,#9419,#9420,#9421,#9422,#9423,#9424,#9425,#9426,#9427,#9428,#9429,#9430,#9431,#9432,#9433,#9434,#9435,#9436,#9437,#9438,#9439,#9440,#9441,#9442,#9443,#9444,#9445,#9446,#9447,#9448,#9449,#9450,#9451,#9452,#9453,#9454,#9455,#9456,#9457,#9458,#9459,#9460,#9461,#9462,#9463,#9464,#9465,#9466,#9467,#9468,#9469,#9470,#9471,#9472,#9473,#9474,#9475,#9476,#9477,#9478,#9479,#9480,#9481,#9482,#9483,#9484,#9485,#9486,#9487,#9488,#9489,#9490,#9491,#9492,#9493,#9494,#9495,#9496,#9497,#9498,#9499,#9500,#9501,#9502,#9503,#9504,#9505,#9506,#9507,#9508,#9509,#9510,#9511,#9512,#9513,#9514,#9515,#9516,#9517,#9518,#9519,#9520,#9521,#9522,#9523,#9524,#9525,#9526,#9527,#9528,#9529,#9530,#9531,#9532,#9533,#9534,#9535,#9536,#9537,#9538,#9539,#9540,#9541,#9542,#9543,#9544,#9545,#9546,#9547,#9548,#9549,#9550,#9551,#9552,#9553,#9554,#9555,#9556,#9557,#9558,#9559,#9560,#9561,#9562,#9563,#9564,#9565,#9566,#9567,#9568,#9569,#9570,#9571,#9572,#9573,#9574,#9575,#9576,#9577,#9578,#9579,#9580,#9581,#9582,#9583,#9584,#9585,#9586,#9587,#9588,#9589,#9590,#9591,#9592,#9593,#9594,#9595,#9596,#9597,#9598,#9599,#9600,#9601,#9602,#9603,#9604,#9605,#9606,#9607,#9608,#9609,#9610,#9611,#9612,#9613,#9614,#9615,#9616,#9617,#9618,#9619,#9620,#9621,#9622,#9623,#9624,#9625,#9626,#9627,#9628,#9629,#9630,#9631,#9632,#9633,#9634,#9635,#9636,#9637,#9638,#9639,#9640,#9641,#9642,#9643,#9644,#9645,#9646,#9647,#9648,#9649,#9650,#9651,#9652,#9653,#9654,#9655,#9656,#9657,#9658,#9659,#9660,#9661,#9662,#9663,#9664,#9665,#9666,#9667,#9668,#9669,#9670,#9671,#9672,#9673,#9674,#9675,#9676,#9677,#9678,#9679,#9680,#9681,#9682,#9683,#9684,#9685,#9686,#9687,#9688,#9689,#9690,#9691,#9692,#9693,#9694,#9695,#9696,#9697,#9698,#9699,#9700,#9701,#9702,#9703,#9704,#9705,#9706,#9707,#9708,#9709,#9710,#9711,#9712,#9713,#9714,#9715,#9716,#9717,#9718,#9719,#9720,#9721,#9722,#9723,#9724,#9725,#9726,#9727,#9728,#9729,#9730,#9731,#9732,#9733,#9734,#9735,#9736,#9737,#9738,#9739,#9740,#9741,#9742,#9743,#9744,#9745,#9746,#9747,#9748,#9749,#9750,#9751,#9752,#9753,#9754,#9755,#9756,#9757,#9758,#9759,#9760,#9761,#9762,#9763,#9764,#9765,#9766,#9767,#9768,#9769,#9770,#9771,#9772,#9773,#9774,#9775,#9776,#9777,#9778,#9779,#9780,#9781,#9782,#9783,#9784,#9785,#9786,#9787,#9788,#9789,#9790,#9791,#9792,#9793,#9794,#9795,#9796,#9797,#9798,#9799,#9800,#9801,#9802,#9803,#9804,#9805,#9806,#9807,#9808,#9809,#9810,#9811));
#9838=CLOSED_SHELL('',(#9812,#9813,#9814,#9815,#9816,#9817,#9818,#9819,#9820,#9821,#9822,#9823,#9824,#9825,#9826,#9827,#9828,#9829,#9830,#9831,#9832,#9833,#9834,#9835));
#9839=STYLED_ITEM('',(#9842),#9862);
#9840=STYLED_ITEM('',(#9843),#9863);
#9841=STYLED_ITEM('',(#9844),#9864);
#9842=PRESENTATION_STYLE_ASSIGNMENT((#9845));
#9843=PRESENTATION_STYLE_ASSIGNMENT((#9846));
#9844=PRESENTATION_STYLE_ASSIGNMENT((#9847));
#9845=SURFACE_STYLE_USAGE(.BOTH.,#9848);
#9846=SURFACE_STYLE_USAGE(.BOTH.,#9849);
#9847=SURFACE_STYLE_USAGE(.BOTH.,#9850);
#9848=SURFACE_SIDE_STYLE('',(#9851));
#9849=SURFACE_SIDE_STYLE('',(#9852));
#9850=SURFACE_SIDE_STYLE('',(#9853));
#9851=SURFACE_STYLE_FILL_AREA(#9854);
#9852=SURFACE_STYLE_FILL_AREA(#9855);
#9853=SURFACE_STYLE_FILL_AREA(#9856);
#9854=FILL_AREA_STYLE('',(#9857));
#9855=FILL_AREA_STYLE('',(#9858));
#9856=FILL_AREA_STYLE('',(#9859));
#9857=FILL_AREA_STYLE_COLOUR('',#9860);
#9858=FILL_AREA_STYLE_COLOUR('',#9860);
#9859=FILL_AREA_STYLE_COLOUR('',#9861);
#9860=COLOUR_RGB('',0.0980392156862745,0.0980392156862745,0.0980392156862745);
#9861=COLOUR_RGB('',0.615686274509804,0.811764705882353,0.929411764705882);
#9862=MANIFOLD_SOLID_BREP('difference',#9836);
#9863=MANIFOLD_SOLID_BREP('difference',#9837);
#9864=MANIFOLD_SOLID_BREP('BackOfScope',#9838);
#9865=SHAPE_DEFINITION_REPRESENTATION(#16015,#9869);
#9866=SHAPE_DEFINITION_REPRESENTATION(#16016,#9870);
#9867=SHAPE_DEFINITION_REPRESENTATION(#16018,#9871);
#9868=SHAPE_DEFINITION_REPRESENTATION(#16020,#9872);
#9869=SHAPE_REPRESENTATION('Assembly 1',(#9873,#9918,#10360,#10401),#16004);
#9870=SHAPE_REPRESENTATION('difference',(#9873),#16005);
#9871=SHAPE_REPRESENTATION('difference',(#9873),#16006);
#9872=SHAPE_REPRESENTATION('BackOfScope',(#9873),#16007);
#9873=AXIS2_PLACEMENT_3D('',#12790,#10402,#10403);
#9874=AXIS2_PLACEMENT_3D('',#12791,#10404,#10405);
#9875=AXIS2_PLACEMENT_3D('',#12800,#10410,#10411);
#9876=AXIS2_PLACEMENT_3D('',#12801,#10412,#10413);
#9877=AXIS2_PLACEMENT_3D('',#12812,#10419,#10420);
#9878=AXIS2_PLACEMENT_3D('',#12818,#10424,#10425);
#9879=AXIS2_PLACEMENT_3D('',#12819,#10426,#10427);
#9880=AXIS2_PLACEMENT_3D('',#12824,#10430,#10431);
#9881=AXIS2_PLACEMENT_3D('',#12828,#10434,#10435);
#9882=AXIS2_PLACEMENT_3D('',#12832,#10438,#10439);
#9883=AXIS2_PLACEMENT_3D('',#12836,#10442,#10443);
#9884=AXIS2_PLACEMENT_3D('',#12839,#10445,#10446);
#9885=AXIS2_PLACEMENT_3D('',#12840,#10447,#10448);
#9886=AXIS2_PLACEMENT_3D('',#12841,#10449,#10450);
#9887=AXIS2_PLACEMENT_3D('',#12843,#10451,#10452);
#9888=AXIS2_PLACEMENT_3D('',#12844,#10453,#10454);
#9889=AXIS2_PLACEMENT_3D('',#12848,#10456,#10457);
#9890=AXIS2_PLACEMENT_3D('',#12849,#10458,#10459);
#9891=AXIS2_PLACEMENT_3D('',#12881,#10460,#10461);
#9892=AXIS2_PLACEMENT_3D('',#12882,#10462,#10463);
#9893=AXIS2_PLACEMENT_3D('',#12891,#10468,#10469);
#9894=AXIS2_PLACEMENT_3D('',#12897,#10473,#10474);
#9895=AXIS2_PLACEMENT_3D('',#12903,#10478,#10479);
#9896=AXIS2_PLACEMENT_3D('',#12909,#10483,#10484);
#9897=AXIS2_PLACEMENT_3D('',#12915,#10488,#10489);
#9898=AXIS2_PLACEMENT_3D('',#12921,#10493,#10494);
#9899=AXIS2_PLACEMENT_3D('',#12927,#10498,#10499);
#9900=AXIS2_PLACEMENT_3D('',#12932,#10502,#10503);
#9901=AXIS2_PLACEMENT_3D('',#12933,#10504,#10505);
#9902=AXIS2_PLACEMENT_3D('',#12934,#10506,#10507);
#9903=AXIS2_PLACEMENT_3D('',#12940,#10511,#10512);
#9904=AXIS2_PLACEMENT_3D('',#12946,#10516,#10517);
#9905=AXIS2_PLACEMENT_3D('',#12952,#10521,#10522);
#9906=AXIS2_PLACEMENT_3D('',#12953,#10523,#10524);
#9907=AXIS2_PLACEMENT_3D('',#12957,#10526,#10527);
#9908=AXIS2_PLACEMENT_3D('',#12958,#10528,#10529);
#9909=AXIS2_PLACEMENT_3D('',#12964,#10533,#10534);
#9910=AXIS2_PLACEMENT_3D('',#12970,#10538,#10539);
#9911=AXIS2_PLACEMENT_3D('',#12977,#10544,#10545);
#9912=AXIS2_PLACEMENT_3D('',#12978,#10546,#10547);
#9913=AXIS2_PLACEMENT_3D('',#12982,#10549,#10550);
#9914=AXIS2_PLACEMENT_3D('',#12983,#10551,#10552);
#9915=AXIS2_PLACEMENT_3D('',#12987,#10555,#10556);
#9916=AXIS2_PLACEMENT_3D('',#12991,#10559,#10560);
#9917=AXIS2_PLACEMENT_3D('',#12993,#10562,#10563);
#9918=AXIS2_PLACEMENT_3D('',#12994,#10564,#10565);
#9919=AXIS2_PLACEMENT_3D('',#12995,#10566,#10567);
#9920=AXIS2_PLACEMENT_3D('',#12996,#10568,#10569);
#9921=AXIS2_PLACEMENT_3D('',#12998,#10570,#10571);
#9922=AXIS2_PLACEMENT_3D('',#13000,#10572,#10573);
#9923=AXIS2_PLACEMENT_3D('',#13001,#10574,#10575);
#9924=AXIS2_PLACEMENT_3D('',#13003,#10576,#10577);
#9925=AXIS2_PLACEMENT_3D('',#13005,#10578,#10579);
#9926=AXIS2_PLACEMENT_3D('',#13006,#10580,#10581);
#9927=AXIS2_PLACEMENT_3D('',#13008,#10582,#10583);
#9928=AXIS2_PLACEMENT_3D('',#13010,#10584,#10585);
#9929=AXIS2_PLACEMENT_3D('',#13062,#10586,#10587);
#9930=AXIS2_PLACEMENT_3D('',#13114,#10588,#10589);
#9931=AXIS2_PLACEMENT_3D('',#13166,#10590,#10591);
#9932=AXIS2_PLACEMENT_3D('',#13247,#10592,#10593);
#9933=AXIS2_PLACEMENT_3D('',#13335,#10594,#10595);
#9934=AXIS2_PLACEMENT_3D('',#13416,#10596,#10597);
#9935=AXIS2_PLACEMENT_3D('',#13417,#10598,#10599);
#9936=AXIS2_PLACEMENT_3D('',#13419,#10600,#10601);
#9937=AXIS2_PLACEMENT_3D('',#13421,#10602,#10603);
#9938=AXIS2_PLACEMENT_3D('',#13422,#10604,#10605);
#9939=AXIS2_PLACEMENT_3D('',#13424,#10606,#10607);
#9940=AXIS2_PLACEMENT_3D('',#13433,#10612,#10613);
#9941=AXIS2_PLACEMENT_3D('',#13439,#10617,#10618);
#9942=AXIS2_PLACEMENT_3D('',#13445,#10622,#10623);
#9943=AXIS2_PLACEMENT_3D('',#13451,#10627,#10628);
#9944=AXIS2_PLACEMENT_3D('',#13457,#10632,#10633);
#9945=AXIS2_PLACEMENT_3D('',#13463,#10637,#10638);
#9946=AXIS2_PLACEMENT_3D('',#13469,#10642,#10643);
#9947=AXIS2_PLACEMENT_3D('',#13475,#10647,#10648);
#9948=AXIS2_PLACEMENT_3D('',#13481,#10652,#10653);
#9949=AXIS2_PLACEMENT_3D('',#13487,#10657,#10658);
#9950=AXIS2_PLACEMENT_3D('',#13493,#10662,#10663);
#9951=AXIS2_PLACEMENT_3D('',#13499,#10667,#10668);
#9952=AXIS2_PLACEMENT_3D('',#13505,#10672,#10673);
#9953=AXIS2_PLACEMENT_3D('',#13511,#10677,#10678);
#9954=AXIS2_PLACEMENT_3D('',#13517,#10682,#10683);
#9955=AXIS2_PLACEMENT_3D('',#13523,#10687,#10688);
#9956=AXIS2_PLACEMENT_3D('',#13529,#10692,#10693);
#9957=AXIS2_PLACEMENT_3D('',#13535,#10697,#10698);
#9958=AXIS2_PLACEMENT_3D('',#13541,#10702,#10703);
#9959=AXIS2_PLACEMENT_3D('',#13547,#10707,#10708);
#9960=AXIS2_PLACEMENT_3D('',#13553,#10712,#10713);
#9961=AXIS2_PLACEMENT_3D('',#13559,#10717,#10718);
#9962=AXIS2_PLACEMENT_3D('',#13565,#10722,#10723);
#9963=AXIS2_PLACEMENT_3D('',#13571,#10727,#10728);
#9964=AXIS2_PLACEMENT_3D('',#13577,#10732,#10733);
#9965=AXIS2_PLACEMENT_3D('',#13583,#10737,#10738);
#9966=AXIS2_PLACEMENT_3D('',#13589,#10742,#10743);
#9967=AXIS2_PLACEMENT_3D('',#13595,#10747,#10748);
#9968=AXIS2_PLACEMENT_3D('',#13601,#10752,#10753);
#9969=AXIS2_PLACEMENT_3D('',#13607,#10757,#10758);
#9970=AXIS2_PLACEMENT_3D('',#13613,#10762,#10763);
#9971=AXIS2_PLACEMENT_3D('',#13619,#10767,#10768);
#9972=AXIS2_PLACEMENT_3D('',#13625,#10772,#10773);
#9973=AXIS2_PLACEMENT_3D('',#13631,#10777,#10778);
#9974=AXIS2_PLACEMENT_3D('',#13637,#10782,#10783);
#9975=AXIS2_PLACEMENT_3D('',#13643,#10787,#10788);
#9976=AXIS2_PLACEMENT_3D('',#13649,#10792,#10793);
#9977=AXIS2_PLACEMENT_3D('',#13655,#10797,#10798);
#9978=AXIS2_PLACEMENT_3D('',#13661,#10802,#10803);
#9979=AXIS2_PLACEMENT_3D('',#13667,#10807,#10808);
#9980=AXIS2_PLACEMENT_3D('',#13673,#10812,#10813);
#9981=AXIS2_PLACEMENT_3D('',#13679,#10817,#10818);
#9982=AXIS2_PLACEMENT_3D('',#13685,#10822,#10823);
#9983=AXIS2_PLACEMENT_3D('',#13691,#10827,#10828);
#9984=AXIS2_PLACEMENT_3D('',#13697,#10832,#10833);
#9985=AXIS2_PLACEMENT_3D('',#13703,#10837,#10838);
#9986=AXIS2_PLACEMENT_3D('',#13709,#10842,#10843);
#9987=AXIS2_PLACEMENT_3D('',#13715,#10847,#10848);
#9988=AXIS2_PLACEMENT_3D('',#13721,#10852,#10853);
#9989=AXIS2_PLACEMENT_3D('',#13727,#10857,#10858);
#9990=AXIS2_PLACEMENT_3D('',#13733,#10862,#10863);
#9991=AXIS2_PLACEMENT_3D('',#13739,#10867,#10868);
#9992=AXIS2_PLACEMENT_3D('',#13745,#10872,#10873);
#9993=AXIS2_PLACEMENT_3D('',#13751,#10877,#10878);
#9994=AXIS2_PLACEMENT_3D('',#13757,#10882,#10883);
#9995=AXIS2_PLACEMENT_3D('',#13763,#10887,#10888);
#9996=AXIS2_PLACEMENT_3D('',#13769,#10892,#10893);
#9997=AXIS2_PLACEMENT_3D('',#13775,#10897,#10898);
#9998=AXIS2_PLACEMENT_3D('',#13781,#10902,#10903);
#9999=AXIS2_PLACEMENT_3D('',#13787,#10907,#10908);
#10000=AXIS2_PLACEMENT_3D('',#13793,#10912,#10913);
#10001=AXIS2_PLACEMENT_3D('',#13799,#10917,#10918);
#10002=AXIS2_PLACEMENT_3D('',#13805,#10922,#10923);
#10003=AXIS2_PLACEMENT_3D('',#13811,#10927,#10928);
#10004=AXIS2_PLACEMENT_3D('',#13817,#10932,#10933);
#10005=AXIS2_PLACEMENT_3D('',#13823,#10937,#10938);
#10006=AXIS2_PLACEMENT_3D('',#13829,#10942,#10943);
#10007=AXIS2_PLACEMENT_3D('',#13835,#10947,#10948);
#10008=AXIS2_PLACEMENT_3D('',#13841,#10952,#10953);
#10009=AXIS2_PLACEMENT_3D('',#13847,#10957,#10958);
#10010=AXIS2_PLACEMENT_3D('',#13853,#10962,#10963);
#10011=AXIS2_PLACEMENT_3D('',#13859,#10967,#10968);
#10012=AXIS2_PLACEMENT_3D('',#13865,#10972,#10973);
#10013=AXIS2_PLACEMENT_3D('',#13871,#10977,#10978);
#10014=AXIS2_PLACEMENT_3D('',#13877,#10982,#10983);
#10015=AXIS2_PLACEMENT_3D('',#13883,#10987,#10988);
#10016=AXIS2_PLACEMENT_3D('',#13889,#10992,#10993);
#10017=AXIS2_PLACEMENT_3D('',#13895,#10997,#10998);
#10018=AXIS2_PLACEMENT_3D('',#13901,#11002,#11003);
#10019=AXIS2_PLACEMENT_3D('',#13907,#11007,#11008);
#10020=AXIS2_PLACEMENT_3D('',#13913,#11012,#11013);
#10021=AXIS2_PLACEMENT_3D('',#13919,#11017,#11018);
#10022=AXIS2_PLACEMENT_3D('',#13925,#11022,#11023);
#10023=AXIS2_PLACEMENT_3D('',#13931,#11027,#11028);
#10024=AXIS2_PLACEMENT_3D('',#13937,#11032,#11033);
#10025=AXIS2_PLACEMENT_3D('',#13943,#11037,#11038);
#10026=AXIS2_PLACEMENT_3D('',#13949,#11042,#11043);
#10027=AXIS2_PLACEMENT_3D('',#13955,#11047,#11048);
#10028=AXIS2_PLACEMENT_3D('',#13961,#11052,#11053);
#10029=AXIS2_PLACEMENT_3D('',#13967,#11057,#11058);
#10030=AXIS2_PLACEMENT_3D('',#13973,#11062,#11063);
#10031=AXIS2_PLACEMENT_3D('',#13979,#11067,#11068);
#10032=AXIS2_PLACEMENT_3D('',#13985,#11072,#11073);
#10033=AXIS2_PLACEMENT_3D('',#13991,#11077,#11078);
#10034=AXIS2_PLACEMENT_3D('',#13997,#11082,#11083);
#10035=AXIS2_PLACEMENT_3D('',#14003,#11087,#11088);
#10036=AXIS2_PLACEMENT_3D('',#14009,#11092,#11093);
#10037=AXIS2_PLACEMENT_3D('',#14015,#11097,#11098);
#10038=AXIS2_PLACEMENT_3D('',#14021,#11102,#11103);
#10039=AXIS2_PLACEMENT_3D('',#14027,#11107,#11108);
#10040=AXIS2_PLACEMENT_3D('',#14033,#11112,#11113);
#10041=AXIS2_PLACEMENT_3D('',#14039,#11117,#11118);
#10042=AXIS2_PLACEMENT_3D('',#14045,#11122,#11123);
#10043=AXIS2_PLACEMENT_3D('',#14051,#11127,#11128);
#10044=AXIS2_PLACEMENT_3D('',#14057,#11132,#11133);
#10045=AXIS2_PLACEMENT_3D('',#14063,#11137,#11138);
#10046=AXIS2_PLACEMENT_3D('',#14069,#11142,#11143);
#10047=AXIS2_PLACEMENT_3D('',#14075,#11147,#11148);
#10048=AXIS2_PLACEMENT_3D('',#14081,#11152,#11153);
#10049=AXIS2_PLACEMENT_3D('',#14087,#11157,#11158);
#10050=AXIS2_PLACEMENT_3D('',#14093,#11162,#11163);
#10051=AXIS2_PLACEMENT_3D('',#14099,#11167,#11168);
#10052=AXIS2_PLACEMENT_3D('',#14105,#11172,#11173);
#10053=AXIS2_PLACEMENT_3D('',#14111,#11177,#11178);
#10054=AXIS2_PLACEMENT_3D('',#14117,#11182,#11183);
#10055=AXIS2_PLACEMENT_3D('',#14123,#11187,#11188);
#10056=AXIS2_PLACEMENT_3D('',#14129,#11192,#11193);
#10057=AXIS2_PLACEMENT_3D('',#14135,#11197,#11198);
#10058=AXIS2_PLACEMENT_3D('',#14141,#11202,#11203);
#10059=AXIS2_PLACEMENT_3D('',#14147,#11207,#11208);
#10060=AXIS2_PLACEMENT_3D('',#14153,#11212,#11213);
#10061=AXIS2_PLACEMENT_3D('',#14159,#11217,#11218);
#10062=AXIS2_PLACEMENT_3D('',#14165,#11222,#11223);
#10063=AXIS2_PLACEMENT_3D('',#14171,#11227,#11228);
#10064=AXIS2_PLACEMENT_3D('',#14177,#11232,#11233);
#10065=AXIS2_PLACEMENT_3D('',#14180,#11236,#11237);
#10066=AXIS2_PLACEMENT_3D('',#14181,#11238,#11239);
#10067=AXIS2_PLACEMENT_3D('',#14183,#11240,#11241);
#10068=AXIS2_PLACEMENT_3D('',#14185,#11242,#11243);
#10069=AXIS2_PLACEMENT_3D('',#14194,#11248,#11249);
#10070=AXIS2_PLACEMENT_3D('',#14200,#11253,#11254);
#10071=AXIS2_PLACEMENT_3D('',#14206,#11258,#11259);
#10072=AXIS2_PLACEMENT_3D('',#14212,#11263,#11264);
#10073=AXIS2_PLACEMENT_3D('',#14218,#11268,#11269);
#10074=AXIS2_PLACEMENT_3D('',#14224,#11273,#11274);
#10075=AXIS2_PLACEMENT_3D('',#14230,#11278,#11279);
#10076=AXIS2_PLACEMENT_3D('',#14236,#11283,#11284);
#10077=AXIS2_PLACEMENT_3D('',#14242,#11288,#11289);
#10078=AXIS2_PLACEMENT_3D('',#14248,#11293,#11294);
#10079=AXIS2_PLACEMENT_3D('',#14254,#11298,#11299);
#10080=AXIS2_PLACEMENT_3D('',#14260,#11303,#11304);
#10081=AXIS2_PLACEMENT_3D('',#14266,#11308,#11309);
#10082=AXIS2_PLACEMENT_3D('',#14272,#11313,#11314);
#10083=AXIS2_PLACEMENT_3D('',#14278,#11318,#11319);
#10084=AXIS2_PLACEMENT_3D('',#14284,#11323,#11324);
#10085=AXIS2_PLACEMENT_3D('',#14290,#11328,#11329);
#10086=AXIS2_PLACEMENT_3D('',#14296,#11333,#11334);
#10087=AXIS2_PLACEMENT_3D('',#14302,#11338,#11339);
#10088=AXIS2_PLACEMENT_3D('',#14308,#11343,#11344);
#10089=AXIS2_PLACEMENT_3D('',#14314,#11348,#11349);
#10090=AXIS2_PLACEMENT_3D('',#14320,#11353,#11354);
#10091=AXIS2_PLACEMENT_3D('',#14326,#11358,#11359);
#10092=AXIS2_PLACEMENT_3D('',#14332,#11363,#11364);
#10093=AXIS2_PLACEMENT_3D('',#14338,#11368,#11369);
#10094=AXIS2_PLACEMENT_3D('',#14344,#11373,#11374);
#10095=AXIS2_PLACEMENT_3D('',#14350,#11378,#11379);
#10096=AXIS2_PLACEMENT_3D('',#14356,#11383,#11384);
#10097=AXIS2_PLACEMENT_3D('',#14362,#11388,#11389);
#10098=AXIS2_PLACEMENT_3D('',#14368,#11393,#11394);
#10099=AXIS2_PLACEMENT_3D('',#14374,#11398,#11399);
#10100=AXIS2_PLACEMENT_3D('',#14380,#11403,#11404);
#10101=AXIS2_PLACEMENT_3D('',#14386,#11408,#11409);
#10102=AXIS2_PLACEMENT_3D('',#14392,#11413,#11414);
#10103=AXIS2_PLACEMENT_3D('',#14398,#11418,#11419);
#10104=AXIS2_PLACEMENT_3D('',#14404,#11423,#11424);
#10105=AXIS2_PLACEMENT_3D('',#14410,#11428,#11429);
#10106=AXIS2_PLACEMENT_3D('',#14416,#11433,#11434);
#10107=AXIS2_PLACEMENT_3D('',#14422,#11438,#11439);
#10108=AXIS2_PLACEMENT_3D('',#14428,#11443,#11444);
#10109=AXIS2_PLACEMENT_3D('',#14434,#11448,#11449);
#10110=AXIS2_PLACEMENT_3D('',#14440,#11453,#11454);
#10111=AXIS2_PLACEMENT_3D('',#14446,#11458,#11459);
#10112=AXIS2_PLACEMENT_3D('',#14452,#11463,#11464);
#10113=AXIS2_PLACEMENT_3D('',#14458,#11468,#11469);
#10114=AXIS2_PLACEMENT_3D('',#14464,#11473,#11474);
#10115=AXIS2_PLACEMENT_3D('',#14470,#11478,#11479);
#10116=AXIS2_PLACEMENT_3D('',#14476,#11483,#11484);
#10117=AXIS2_PLACEMENT_3D('',#14482,#11488,#11489);
#10118=AXIS2_PLACEMENT_3D('',#14488,#11493,#11494);
#10119=AXIS2_PLACEMENT_3D('',#14494,#11498,#11499);
#10120=AXIS2_PLACEMENT_3D('',#14500,#11503,#11504);
#10121=AXIS2_PLACEMENT_3D('',#14506,#11508,#11509);
#10122=AXIS2_PLACEMENT_3D('',#14512,#11513,#11514);
#10123=AXIS2_PLACEMENT_3D('',#14518,#11518,#11519);
#10124=AXIS2_PLACEMENT_3D('',#14524,#11523,#11524);
#10125=AXIS2_PLACEMENT_3D('',#14530,#11528,#11529);
#10126=AXIS2_PLACEMENT_3D('',#14536,#11533,#11534);
#10127=AXIS2_PLACEMENT_3D('',#14542,#11538,#11539);
#10128=AXIS2_PLACEMENT_3D('',#14548,#11543,#11544);
#10129=AXIS2_PLACEMENT_3D('',#14554,#11548,#11549);
#10130=AXIS2_PLACEMENT_3D('',#14560,#11553,#11554);
#10131=AXIS2_PLACEMENT_3D('',#14566,#11558,#11559);
#10132=AXIS2_PLACEMENT_3D('',#14572,#11563,#11564);
#10133=AXIS2_PLACEMENT_3D('',#14578,#11568,#11569);
#10134=AXIS2_PLACEMENT_3D('',#14584,#11573,#11574);
#10135=AXIS2_PLACEMENT_3D('',#14590,#11578,#11579);
#10136=AXIS2_PLACEMENT_3D('',#14596,#11583,#11584);
#10137=AXIS2_PLACEMENT_3D('',#14602,#11588,#11589);
#10138=AXIS2_PLACEMENT_3D('',#14608,#11593,#11594);
#10139=AXIS2_PLACEMENT_3D('',#14614,#11598,#11599);
#10140=AXIS2_PLACEMENT_3D('',#14620,#11603,#11604);
#10141=AXIS2_PLACEMENT_3D('',#14626,#11608,#11609);
#10142=AXIS2_PLACEMENT_3D('',#14632,#11613,#11614);
#10143=AXIS2_PLACEMENT_3D('',#14638,#11618,#11619);
#10144=AXIS2_PLACEMENT_3D('',#14644,#11623,#11624);
#10145=AXIS2_PLACEMENT_3D('',#14650,#11628,#11629);
#10146=AXIS2_PLACEMENT_3D('',#14656,#11633,#11634);
#10147=AXIS2_PLACEMENT_3D('',#14662,#11638,#11639);
#10148=AXIS2_PLACEMENT_3D('',#14668,#11643,#11644);
#10149=AXIS2_PLACEMENT_3D('',#14674,#11648,#11649);
#10150=AXIS2_PLACEMENT_3D('',#14680,#11653,#11654);
#10151=AXIS2_PLACEMENT_3D('',#14686,#11658,#11659);
#10152=AXIS2_PLACEMENT_3D('',#14692,#11663,#11664);
#10153=AXIS2_PLACEMENT_3D('',#14698,#11668,#11669);
#10154=AXIS2_PLACEMENT_3D('',#14704,#11673,#11674);
#10155=AXIS2_PLACEMENT_3D('',#14710,#11678,#11679);
#10156=AXIS2_PLACEMENT_3D('',#14716,#11683,#11684);
#10157=AXIS2_PLACEMENT_3D('',#14722,#11688,#11689);
#10158=AXIS2_PLACEMENT_3D('',#14728,#11693,#11694);
#10159=AXIS2_PLACEMENT_3D('',#14734,#11698,#11699);
#10160=AXIS2_PLACEMENT_3D('',#14740,#11703,#11704);
#10161=AXIS2_PLACEMENT_3D('',#14746,#11708,#11709);
#10162=AXIS2_PLACEMENT_3D('',#14752,#11713,#11714);
#10163=AXIS2_PLACEMENT_3D('',#14758,#11718,#11719);
#10164=AXIS2_PLACEMENT_3D('',#14764,#11723,#11724);
#10165=AXIS2_PLACEMENT_3D('',#14770,#11728,#11729);
#10166=AXIS2_PLACEMENT_3D('',#14776,#11733,#11734);
#10167=AXIS2_PLACEMENT_3D('',#14782,#11738,#11739);
#10168=AXIS2_PLACEMENT_3D('',#14788,#11743,#11744);
#10169=AXIS2_PLACEMENT_3D('',#14794,#11748,#11749);
#10170=AXIS2_PLACEMENT_3D('',#14800,#11753,#11754);
#10171=AXIS2_PLACEMENT_3D('',#14806,#11758,#11759);
#10172=AXIS2_PLACEMENT_3D('',#14812,#11763,#11764);
#10173=AXIS2_PLACEMENT_3D('',#14818,#11768,#11769);
#10174=AXIS2_PLACEMENT_3D('',#14824,#11773,#11774);
#10175=AXIS2_PLACEMENT_3D('',#14830,#11778,#11779);
#10176=AXIS2_PLACEMENT_3D('',#14836,#11783,#11784);
#10177=AXIS2_PLACEMENT_3D('',#14842,#11788,#11789);
#10178=AXIS2_PLACEMENT_3D('',#14848,#11793,#11794);
#10179=AXIS2_PLACEMENT_3D('',#14854,#11798,#11799);
#10180=AXIS2_PLACEMENT_3D('',#14860,#11803,#11804);
#10181=AXIS2_PLACEMENT_3D('',#14866,#11808,#11809);
#10182=AXIS2_PLACEMENT_3D('',#14872,#11813,#11814);
#10183=AXIS2_PLACEMENT_3D('',#14878,#11818,#11819);
#10184=AXIS2_PLACEMENT_3D('',#14884,#11823,#11824);
#10185=AXIS2_PLACEMENT_3D('',#14890,#11828,#11829);
#10186=AXIS2_PLACEMENT_3D('',#14896,#11833,#11834);
#10187=AXIS2_PLACEMENT_3D('',#14902,#11838,#11839);
#10188=AXIS2_PLACEMENT_3D('',#14908,#11843,#11844);
#10189=AXIS2_PLACEMENT_3D('',#14914,#11848,#11849);
#10190=AXIS2_PLACEMENT_3D('',#14920,#11853,#11854);
#10191=AXIS2_PLACEMENT_3D('',#14926,#11858,#11859);
#10192=AXIS2_PLACEMENT_3D('',#14932,#11863,#11864);
#10193=AXIS2_PLACEMENT_3D('',#14938,#11868,#11869);
#10194=AXIS2_PLACEMENT_3D('',#14941,#11872,#11873);
#10195=AXIS2_PLACEMENT_3D('',#14950,#11878,#11879);
#10196=AXIS2_PLACEMENT_3D('',#14956,#11883,#11884);
#10197=AXIS2_PLACEMENT_3D('',#14962,#11888,#11889);
#10198=AXIS2_PLACEMENT_3D('',#14968,#11893,#11894);
#10199=AXIS2_PLACEMENT_3D('',#14974,#11898,#11899);
#10200=AXIS2_PLACEMENT_3D('',#14980,#11903,#11904);
#10201=AXIS2_PLACEMENT_3D('',#14986,#11908,#11909);
#10202=AXIS2_PLACEMENT_3D('',#14992,#11913,#11914);
#10203=AXIS2_PLACEMENT_3D('',#14998,#11918,#11919);
#10204=AXIS2_PLACEMENT_3D('',#15004,#11923,#11924);
#10205=AXIS2_PLACEMENT_3D('',#15010,#11928,#11929);
#10206=AXIS2_PLACEMENT_3D('',#15016,#11933,#11934);
#10207=AXIS2_PLACEMENT_3D('',#15022,#11938,#11939);
#10208=AXIS2_PLACEMENT_3D('',#15028,#11943,#11944);
#10209=AXIS2_PLACEMENT_3D('',#15034,#11948,#11949);
#10210=AXIS2_PLACEMENT_3D('',#15040,#11953,#11954);
#10211=AXIS2_PLACEMENT_3D('',#15046,#11958,#11959);
#10212=AXIS2_PLACEMENT_3D('',#15052,#11963,#11964);
#10213=AXIS2_PLACEMENT_3D('',#15058,#11968,#11969);
#10214=AXIS2_PLACEMENT_3D('',#15064,#11973,#11974);
#10215=AXIS2_PLACEMENT_3D('',#15070,#11978,#11979);
#10216=AXIS2_PLACEMENT_3D('',#15076,#11983,#11984);
#10217=AXIS2_PLACEMENT_3D('',#15082,#11988,#11989);
#10218=AXIS2_PLACEMENT_3D('',#15088,#11993,#11994);
#10219=AXIS2_PLACEMENT_3D('',#15094,#11998,#11999);
#10220=AXIS2_PLACEMENT_3D('',#15100,#12003,#12004);
#10221=AXIS2_PLACEMENT_3D('',#15106,#12008,#12009);
#10222=AXIS2_PLACEMENT_3D('',#15112,#12013,#12014);
#10223=AXIS2_PLACEMENT_3D('',#15118,#12018,#12019);
#10224=AXIS2_PLACEMENT_3D('',#15124,#12023,#12024);
#10225=AXIS2_PLACEMENT_3D('',#15130,#12028,#12029);
#10226=AXIS2_PLACEMENT_3D('',#15136,#12033,#12034);
#10227=AXIS2_PLACEMENT_3D('',#15142,#12038,#12039);
#10228=AXIS2_PLACEMENT_3D('',#15148,#12043,#12044);
#10229=AXIS2_PLACEMENT_3D('',#15154,#12048,#12049);
#10230=AXIS2_PLACEMENT_3D('',#15160,#12053,#12054);
#10231=AXIS2_PLACEMENT_3D('',#15166,#12058,#12059);
#10232=AXIS2_PLACEMENT_3D('',#15172,#12063,#12064);
#10233=AXIS2_PLACEMENT_3D('',#15178,#12068,#12069);
#10234=AXIS2_PLACEMENT_3D('',#15184,#12073,#12074);
#10235=AXIS2_PLACEMENT_3D('',#15190,#12078,#12079);
#10236=AXIS2_PLACEMENT_3D('',#15196,#12083,#12084);
#10237=AXIS2_PLACEMENT_3D('',#15202,#12088,#12089);
#10238=AXIS2_PLACEMENT_3D('',#15208,#12093,#12094);
#10239=AXIS2_PLACEMENT_3D('',#15214,#12098,#12099);
#10240=AXIS2_PLACEMENT_3D('',#15220,#12103,#12104);
#10241=AXIS2_PLACEMENT_3D('',#15226,#12108,#12109);
#10242=AXIS2_PLACEMENT_3D('',#15232,#12113,#12114);
#10243=AXIS2_PLACEMENT_3D('',#15238,#12118,#12119);
#10244=AXIS2_PLACEMENT_3D('',#15244,#12123,#12124);
#10245=AXIS2_PLACEMENT_3D('',#15250,#12128,#12129);
#10246=AXIS2_PLACEMENT_3D('',#15256,#12133,#12134);
#10247=AXIS2_PLACEMENT_3D('',#15262,#12138,#12139);
#10248=AXIS2_PLACEMENT_3D('',#15268,#12143,#12144);
#10249=AXIS2_PLACEMENT_3D('',#15274,#12148,#12149);
#10250=AXIS2_PLACEMENT_3D('',#15280,#12153,#12154);
#10251=AXIS2_PLACEMENT_3D('',#15286,#12158,#12159);
#10252=AXIS2_PLACEMENT_3D('',#15292,#12163,#12164);
#10253=AXIS2_PLACEMENT_3D('',#15298,#12168,#12169);
#10254=AXIS2_PLACEMENT_3D('',#15304,#12173,#12174);
#10255=AXIS2_PLACEMENT_3D('',#15310,#12178,#12179);
#10256=AXIS2_PLACEMENT_3D('',#15316,#12183,#12184);
#10257=AXIS2_PLACEMENT_3D('',#15322,#12188,#12189);
#10258=AXIS2_PLACEMENT_3D('',#15328,#12193,#12194);
#10259=AXIS2_PLACEMENT_3D('',#15334,#12198,#12199);
#10260=AXIS2_PLACEMENT_3D('',#15340,#12203,#12204);
#10261=AXIS2_PLACEMENT_3D('',#15346,#12208,#12209);
#10262=AXIS2_PLACEMENT_3D('',#15352,#12213,#12214);
#10263=AXIS2_PLACEMENT_3D('',#15358,#12218,#12219);
#10264=AXIS2_PLACEMENT_3D('',#15364,#12223,#12224);
#10265=AXIS2_PLACEMENT_3D('',#15370,#12228,#12229);
#10266=AXIS2_PLACEMENT_3D('',#15376,#12233,#12234);
#10267=AXIS2_PLACEMENT_3D('',#15382,#12238,#12239);
#10268=AXIS2_PLACEMENT_3D('',#15388,#12243,#12244);
#10269=AXIS2_PLACEMENT_3D('',#15394,#12248,#12249);
#10270=AXIS2_PLACEMENT_3D('',#15400,#12253,#12254);
#10271=AXIS2_PLACEMENT_3D('',#15406,#12258,#12259);
#10272=AXIS2_PLACEMENT_3D('',#15412,#12263,#12264);
#10273=AXIS2_PLACEMENT_3D('',#15418,#12268,#12269);
#10274=AXIS2_PLACEMENT_3D('',#15424,#12273,#12274);
#10275=AXIS2_PLACEMENT_3D('',#15430,#12278,#12279);
#10276=AXIS2_PLACEMENT_3D('',#15436,#12283,#12284);
#10277=AXIS2_PLACEMENT_3D('',#15442,#12288,#12289);
#10278=AXIS2_PLACEMENT_3D('',#15448,#12293,#12294);
#10279=AXIS2_PLACEMENT_3D('',#15454,#12298,#12299);
#10280=AXIS2_PLACEMENT_3D('',#15460,#12303,#12304);
#10281=AXIS2_PLACEMENT_3D('',#15466,#12308,#12309);
#10282=AXIS2_PLACEMENT_3D('',#15472,#12313,#12314);
#10283=AXIS2_PLACEMENT_3D('',#15478,#12318,#12319);
#10284=AXIS2_PLACEMENT_3D('',#15484,#12323,#12324);
#10285=AXIS2_PLACEMENT_3D('',#15490,#12328,#12329);
#10286=AXIS2_PLACEMENT_3D('',#15496,#12333,#12334);
#10287=AXIS2_PLACEMENT_3D('',#15502,#12338,#12339);
#10288=AXIS2_PLACEMENT_3D('',#15508,#12343,#12344);
#10289=AXIS2_PLACEMENT_3D('',#15514,#12348,#12349);
#10290=AXIS2_PLACEMENT_3D('',#15520,#12353,#12354);
#10291=AXIS2_PLACEMENT_3D('',#15526,#12358,#12359);
#10292=AXIS2_PLACEMENT_3D('',#15532,#12363,#12364);
#10293=AXIS2_PLACEMENT_3D('',#15538,#12368,#12369);
#10294=AXIS2_PLACEMENT_3D('',#15544,#12373,#12374);
#10295=AXIS2_PLACEMENT_3D('',#15550,#12378,#12379);
#10296=AXIS2_PLACEMENT_3D('',#15556,#12383,#12384);
#10297=AXIS2_PLACEMENT_3D('',#15562,#12388,#12389);
#10298=AXIS2_PLACEMENT_3D('',#15568,#12393,#12394);
#10299=AXIS2_PLACEMENT_3D('',#15574,#12398,#12399);
#10300=AXIS2_PLACEMENT_3D('',#15580,#12403,#12404);
#10301=AXIS2_PLACEMENT_3D('',#15586,#12408,#12409);
#10302=AXIS2_PLACEMENT_3D('',#15592,#12413,#12414);
#10303=AXIS2_PLACEMENT_3D('',#15598,#12418,#12419);
#10304=AXIS2_PLACEMENT_3D('',#15604,#12423,#12424);
#10305=AXIS2_PLACEMENT_3D('',#15610,#12428,#12429);
#10306=AXIS2_PLACEMENT_3D('',#15616,#12433,#12434);
#10307=AXIS2_PLACEMENT_3D('',#15622,#12438,#12439);
#10308=AXIS2_PLACEMENT_3D('',#15628,#12443,#12444);
#10309=AXIS2_PLACEMENT_3D('',#15634,#12448,#12449);
#10310=AXIS2_PLACEMENT_3D('',#15640,#12453,#12454);
#10311=AXIS2_PLACEMENT_3D('',#15646,#12458,#12459);
#10312=AXIS2_PLACEMENT_3D('',#15652,#12463,#12464);
#10313=AXIS2_PLACEMENT_3D('',#15658,#12468,#12469);
#10314=AXIS2_PLACEMENT_3D('',#15664,#12473,#12474);
#10315=AXIS2_PLACEMENT_3D('',#15670,#12478,#12479);
#10316=AXIS2_PLACEMENT_3D('',#15676,#12483,#12484);
#10317=AXIS2_PLACEMENT_3D('',#15682,#12488,#12489);
#10318=AXIS2_PLACEMENT_3D('',#15688,#12493,#12494);
#10319=AXIS2_PLACEMENT_3D('',#15694,#12498,#12499);
#10320=AXIS2_PLACEMENT_3D('',#15700,#12503,#12504);
#10321=AXIS2_PLACEMENT_3D('',#15706,#12508,#12509);
#10322=AXIS2_PLACEMENT_3D('',#15712,#12513,#12514);
#10323=AXIS2_PLACEMENT_3D('',#15718,#12518,#12519);
#10324=AXIS2_PLACEMENT_3D('',#15724,#12523,#12524);
#10325=AXIS2_PLACEMENT_3D('',#15730,#12528,#12529);
#10326=AXIS2_PLACEMENT_3D('',#15736,#12533,#12534);
#10327=AXIS2_PLACEMENT_3D('',#15742,#12538,#12539);
#10328=AXIS2_PLACEMENT_3D('',#15748,#12543,#12544);
#10329=AXIS2_PLACEMENT_3D('',#15754,#12548,#12549);
#10330=AXIS2_PLACEMENT_3D('',#15760,#12553,#12554);
#10331=AXIS2_PLACEMENT_3D('',#15766,#12558,#12559);
#10332=AXIS2_PLACEMENT_3D('',#15772,#12563,#12564);
#10333=AXIS2_PLACEMENT_3D('',#15778,#12568,#12569);
#10334=AXIS2_PLACEMENT_3D('',#15784,#12573,#12574);
#10335=AXIS2_PLACEMENT_3D('',#15790,#12578,#12579);
#10336=AXIS2_PLACEMENT_3D('',#15796,#12583,#12584);
#10337=AXIS2_PLACEMENT_3D('',#15802,#12588,#12589);
#10338=AXIS2_PLACEMENT_3D('',#15808,#12593,#12594);
#10339=AXIS2_PLACEMENT_3D('',#15814,#12598,#12599);
#10340=AXIS2_PLACEMENT_3D('',#15820,#12603,#12604);
#10341=AXIS2_PLACEMENT_3D('',#15826,#12608,#12609);
#10342=AXIS2_PLACEMENT_3D('',#15832,#12613,#12614);
#10343=AXIS2_PLACEMENT_3D('',#15838,#12618,#12619);
#10344=AXIS2_PLACEMENT_3D('',#15844,#12623,#12624);
#10345=AXIS2_PLACEMENT_3D('',#15850,#12628,#12629);
#10346=AXIS2_PLACEMENT_3D('',#15856,#12633,#12634);
#10347=AXIS2_PLACEMENT_3D('',#15862,#12638,#12639);
#10348=AXIS2_PLACEMENT_3D('',#15868,#12643,#12644);
#10349=AXIS2_PLACEMENT_3D('',#15874,#12648,#12649);
#10350=AXIS2_PLACEMENT_3D('',#15880,#12653,#12654);
#10351=AXIS2_PLACEMENT_3D('',#15886,#12658,#12659);
#10352=AXIS2_PLACEMENT_3D('',#15892,#12663,#12664);
#10353=AXIS2_PLACEMENT_3D('',#15898,#12668,#12669);
#10354=AXIS2_PLACEMENT_3D('',#15899,#12670,#12671);
#10355=AXIS2_PLACEMENT_3D('',#15901,#12672,#12673);
#10356=AXIS2_PLACEMENT_3D('',#15904,#12675,#12676);
#10357=AXIS2_PLACEMENT_3D('',#15908,#12679,#12680);
#10358=AXIS2_PLACEMENT_3D('',#15912,#12683,#12684);
#10359=AXIS2_PLACEMENT_3D('',#15914,#12686,#12687);
#10360=AXIS2_PLACEMENT_3D('',#15915,#12688,#12689);
#10361=AXIS2_PLACEMENT_3D('',#15916,#12690,#12691);
#10362=AXIS2_PLACEMENT_3D('',#15917,#12692,#12693);
#10363=AXIS2_PLACEMENT_3D('',#15919,#12694,#12695);
#10364=AXIS2_PLACEMENT_3D('',#15921,#12696,#12697);
#10365=AXIS2_PLACEMENT_3D('',#15922,#12698,#12699);
#10366=AXIS2_PLACEMENT_3D('',#15924,#12700,#12701);
#10367=AXIS2_PLACEMENT_3D('',#15925,#12702,#12703);
#10368=AXIS2_PLACEMENT_3D('',#15927,#12704,#12705);
#10369=AXIS2_PLACEMENT_3D('',#15928,#12706,#12707);
#10370=AXIS2_PLACEMENT_3D('',#15930,#12708,#12709);
#10371=AXIS2_PLACEMENT_3D('',#15931,#12710,#12711);
#10372=AXIS2_PLACEMENT_3D('',#15933,#12712,#12713);
#10373=AXIS2_PLACEMENT_3D('',#15935,#12714,#12715);
#10374=AXIS2_PLACEMENT_3D('',#15936,#12716,#12717);
#10375=AXIS2_PLACEMENT_3D('',#15938,#12718,#12719);
#10376=AXIS2_PLACEMENT_3D('',#15939,#12720,#12721);
#10377=AXIS2_PLACEMENT_3D('',#15941,#12722,#12723);
#10378=AXIS2_PLACEMENT_3D('',#15942,#12724,#12725);
#10379=AXIS2_PLACEMENT_3D('',#15944,#12726,#12727);
#10380=AXIS2_PLACEMENT_3D('',#15945,#12728,#12729);
#10381=AXIS2_PLACEMENT_3D('',#15947,#12730,#12731);
#10382=AXIS2_PLACEMENT_3D('',#15948,#12732,#12733);
#10383=AXIS2_PLACEMENT_3D('',#15950,#12734,#12735);
#10384=AXIS2_PLACEMENT_3D('',#15951,#12736,#12737);
#10385=AXIS2_PLACEMENT_3D('',#15952,#12738,#12739);
#10386=AXIS2_PLACEMENT_3D('',#15954,#12740,#12741);
#10387=AXIS2_PLACEMENT_3D('',#15955,#12742,#12743);
#10388=AXIS2_PLACEMENT_3D('',#15957,#12744,#12745);
#10389=AXIS2_PLACEMENT_3D('',#15958,#12746,#12747);
#10390=AXIS2_PLACEMENT_3D('',#15960,#12748,#12749);
#10391=AXIS2_PLACEMENT_3D('',#15973,#12756,#12757);
#10392=AXIS2_PLACEMENT_3D('',#15979,#12761,#12762);
#10393=AXIS2_PLACEMENT_3D('',#15983,#12765,#12766);
#10394=AXIS2_PLACEMENT_3D('',#15987,#12769,#12770);
#10395=AXIS2_PLACEMENT_3D('',#15991,#12773,#12774);
#10396=AXIS2_PLACEMENT_3D('',#15995,#12777,#12778);
#10397=AXIS2_PLACEMENT_3D('',#15997,#12780,#12781);
#10398=AXIS2_PLACEMENT_3D('',#15998,#12782,#12783);
#10399=AXIS2_PLACEMENT_3D('',#15999,#12784,#12785);
#10400=AXIS2_PLACEMENT_3D('',#16001,#12786,#12787);
#10401=AXIS2_PLACEMENT_3D('',#16002,#12788,#12789);
#10402=DIRECTION('',(0.,0.,1.));
#10403=DIRECTION('',(1.,0.,0.));
#10404=DIRECTION('',(-1.,0.,0.));
#10405=DIRECTION('',(-5.55000026826411E-17,-2.20051837899614E-16,1.));
#10406=DIRECTION('',(0.,-1.,-1.83708642243184E-16));
#10407=DIRECTION('',(0.,0.,1.));
#10408=DIRECTION('',(0.,-1.,-2.56395054737259E-16));
#10409=DIRECTION('',(0.,0.,1.));
#10410=DIRECTION('',(0.,-1.,0.));
#10411=DIRECTION('',(0.866025302838139,0.,-0.50000017484408));
#10412=DIRECTION('',(0.,1.,2.22044604925E-16));
#10413=DIRECTION('',(1.,0.,0.));
#10414=DIRECTION('',(-0.866025302838139,-5.55111512312689E-17,0.50000017484408));
#10415=DIRECTION('',(-0.866025504730734,1.64540693022649E-16,-0.499999825155847));
#10416=DIRECTION('',(0.,0.,-1.));
#10417=DIRECTION('',(0.866025302838139,5.55111512312689E-17,-0.50000017484408));
#10418=DIRECTION('',(0.866025504730734,-1.64540693022649E-16,0.499999825155847));
#10419=DIRECTION('',(0.,-1.,0.));
#10420=DIRECTION('',(0.,0.,-1.));
#10421=DIRECTION('',(0.,0.,-1.));
#10422=DIRECTION('',(-0.866025302838139,-5.55111512312689E-17,0.50000017484408));
#10423=DIRECTION('',(0.866025504730734,-1.64540693022649E-16,0.499999825155847));
#10424=DIRECTION('',(-0.50000017484408,2.22044604925035E-16,-0.866025302838139));
#10425=DIRECTION('',(-0.866025302838139,-5.55111512312689E-17,0.50000017484408));
#10426=DIRECTION('',(-0.50000017484408,2.22044604925035E-16,-0.866025302838139));
#10427=DIRECTION('',(0.866025302838139,-3.84592357960462E-16,-0.50000017484408));
#10428=DIRECTION('',(-0.866025302838139,0.,0.50000017484408));
#10429=DIRECTION('',(-6.29482797297E-17,-1.,-2.200518315452E-16));
#10430=DIRECTION('',(0.499999825155847,1.59096369622051E-16,-0.866025504730734));
#10431=DIRECTION('',(-0.866025504730734,1.64540693022649E-16,-0.499999825155847));
#10432=DIRECTION('',(-0.866025504730734,0.,-0.499999825155847));
#10433=DIRECTION('',(0.,-1.,-1.83708642243184E-16));
#10434=DIRECTION('',(1.,0.,0.));
#10435=DIRECTION('',(5.5500002682649E-17,2.20051837899614E-16,-1.));
#10436=DIRECTION('',(0.,0.,-1.));
#10437=DIRECTION('',(0.,-1.,-2.56395054737259E-16));
#10438=DIRECTION('',(0.50000017484408,-2.22044604925035E-16,0.866025302838139));
#10439=DIRECTION('',(0.866025302838139,5.55111512312689E-17,-0.50000017484408));
#10440=DIRECTION('',(0.866025302838139,0.,-0.50000017484408));
#10441=DIRECTION('',(-6.29482797297E-17,-1.,-2.200518315452E-16));
#10442=DIRECTION('',(-0.499999825155847,-1.59096369622051E-16,0.866025504730734));
#10443=DIRECTION('',(0.866025504730734,-1.64540693022649E-16,0.499999825155847));
#10444=DIRECTION('',(0.866025504730734,0.,0.499999825155847));
#10445=DIRECTION('',(-0.499999825155847,-1.59096369622051E-16,0.866025504730734));
#10446=DIRECTION('',(-0.866025504730734,-2.75563123966516E-16,-0.499999825155847));
#10447=DIRECTION('',(0.,1.,0.));
#10448=DIRECTION('',(1.,0.,0.));
#10449=DIRECTION('',(0.,1.,2.22044604925E-16));
#10450=DIRECTION('',(1.,0.,0.));
#10451=DIRECTION('',(0.,-1.,0.));
#10452=DIRECTION('',(1.,0.,0.));
#10453=DIRECTION('',(0.,-1.,-2.22044604925E-16));
#10454=DIRECTION('',(1.,0.,0.));
#10455=DIRECTION('',(0.,0.,-1.));
#10456=DIRECTION('',(0.,1.,0.));
#10457=DIRECTION('',(1.,0.,0.));
#10458=DIRECTION('',(0.,1.,2.22044604925E-16));
#10459=DIRECTION('',(1.,0.,0.));
#10460=DIRECTION('',(0.,1.,2.22044604925E-16));
#10461=DIRECTION('',(1.,0.,0.));
#10462=DIRECTION('',(0.707106781186548,0.707106781186548,0.));
#10463=DIRECTION('',(0.707106781186548,-0.707106781186548,0.));
#10464=DIRECTION('',(0.707106781186548,-0.707106781186548,0.));
#10465=DIRECTION('',(0.,0.,1.));
#10466=DIRECTION('',(-0.707106781186548,0.707106781186548,0.));
#10467=DIRECTION('',(0.,0.,-1.));
#10468=DIRECTION('',(0.,1.,0.));
#10469=DIRECTION('',(0.,0.,1.));
#10470=DIRECTION('',(1.,0.,0.));
#10471=DIRECTION('',(-1.,0.,0.));
#10472=DIRECTION('',(0.,0.,1.));
#10473=DIRECTION('',(-1.,0.,0.));
#10474=DIRECTION('',(0.,0.,-1.));
#10475=DIRECTION('',(0.,-1.,0.));
#10476=DIRECTION('',(0.,0.,1.));
#10477=DIRECTION('',(0.,1.,0.));
#10478=DIRECTION('',(0.,-1.,0.));
#10479=DIRECTION('',(0.,0.,-1.));
#10480=DIRECTION('',(0.,0.,-1.));
#10481=DIRECTION('',(-1.,0.,0.));
#10482=DIRECTION('',(1.,0.,0.));
#10483=DIRECTION('',(0.707106781186548,-0.707106781186548,0.));
#10484=DIRECTION('',(0.707106781186548,0.707106781186548,0.));
#10485=DIRECTION('',(0.707106781186548,0.707106781186548,0.));
#10486=DIRECTION('',(0.,0.,-1.));
#10487=DIRECTION('',(-0.707106781186548,-0.707106781186548,0.));
#10488=DIRECTION('',(1.,0.,0.));
#10489=DIRECTION('',(0.,0.,1.));
#10490=DIRECTION('',(0.,1.,0.));
#10491=DIRECTION('',(0.,0.,1.));
#10492=DIRECTION('',(0.,1.,0.));
#10493=DIRECTION('',(0.,1.,0.));
#10494=DIRECTION('',(0.,0.,1.));
#10495=DIRECTION('',(1.,0.,0.));
#10496=DIRECTION('',(0.,0.,-1.));
#10497=DIRECTION('',(1.,0.,0.));
#10498=DIRECTION('',(0.,0.,-1.));
#10499=DIRECTION('',(1.,0.,0.));
#10500=DIRECTION('',(0.,0.,-1.));
#10501=DIRECTION('',(0.,0.,-1.));
#10502=DIRECTION('',(0.,0.,1.));
#10503=DIRECTION('',(1.,0.,0.));
#10504=DIRECTION('',(0.,0.,1.));
#10505=DIRECTION('',(1.,0.,0.));
#10506=DIRECTION('',(0.,1.,0.));
#10507=DIRECTION('',(0.,0.,1.));
#10508=DIRECTION('',(1.,0.,0.));
#10509=DIRECTION('',(0.,0.,1.));
#10510=DIRECTION('',(1.,0.,0.));
#10511=DIRECTION('',(1.,0.,0.));
#10512=DIRECTION('',(0.,0.,1.));
#10513=DIRECTION('',(0.,0.,1.));
#10514=DIRECTION('',(0.,1.,0.));
#10515=DIRECTION('',(0.,1.,0.));
#10516=DIRECTION('',(0.,1.,0.));
#10517=DIRECTION('',(0.,0.,1.));
#10518=DIRECTION('',(0.,0.,-1.));
#10519=DIRECTION('',(1.,0.,0.));
#10520=DIRECTION('',(-1.,0.,0.));
#10521=DIRECTION('',(0.,0.,-1.));
#10522=DIRECTION('',(1.,0.,0.));
#10523=DIRECTION('',(0.,0.,-1.));
#10524=DIRECTION('',(1.,0.,0.));
#10525=DIRECTION('',(0.,0.,-1.));
#10526=DIRECTION('',(0.,0.,-1.));
#10527=DIRECTION('',(1.,0.,0.));
#10528=DIRECTION('',(0.,1.,0.));
#10529=DIRECTION('',(0.,0.,1.));
#10530=DIRECTION('',(-1.,0.,0.));
#10531=DIRECTION('',(0.,0.,1.));
#10532=DIRECTION('',(1.,0.,0.));
#10533=DIRECTION('',(1.,0.,0.));
#10534=DIRECTION('',(0.,0.,1.));
#10535=DIRECTION('',(0.,0.,1.));
#10536=DIRECTION('',(0.,1.,0.));
#10537=DIRECTION('',(0.,1.,0.));
#10538=DIRECTION('',(0.,1.,0.));
#10539=DIRECTION('',(0.,0.,1.));
#10540=DIRECTION('',(1.,0.,0.));
#10541=DIRECTION('',(1.,0.,0.));
#10542=DIRECTION('',(0.,0.,-1.));
#10543=DIRECTION('',(0.,0.,-1.));
#10544=DIRECTION('',(0.,0.,-1.));
#10545=DIRECTION('',(1.,0.,0.));
#10546=DIRECTION('',(0.,0.,1.));
#10547=DIRECTION('',(1.,0.,0.));
#10548=DIRECTION('',(0.,0.,-1.));
#10549=DIRECTION('',(0.,0.,1.));
#10550=DIRECTION('',(1.,0.,0.));
#10551=DIRECTION('',(0.,0.,1.));
#10552=DIRECTION('',(1.,0.,0.));
#10553=DIRECTION('',(1.,0.,0.));
#10554=DIRECTION('',(0.,1.,0.));
#10555=DIRECTION('',(1.,0.,0.));
#10556=DIRECTION('',(0.,0.,1.));
#10557=DIRECTION('',(0.,1.,0.));
#10558=DIRECTION('',(0.,0.,1.));
#10559=DIRECTION('',(0.,0.,-1.));
#10560=DIRECTION('',(-1.,0.,0.));
#10561=DIRECTION('',(1.,0.,0.));
#10562=DIRECTION('',(0.,1.,0.));
#10563=DIRECTION('',(0.,0.,1.));
#10564=DIRECTION('',(0.,-1.,-1.32084999089291E-16));
#10565=DIRECTION('',(0.,-1.32084999089291E-16,1.));
#10566=DIRECTION('',(0.50000000000019,-0.866025403784329,0.));
#10567=DIRECTION('',(0.,0.,-1.));
#10568=DIRECTION('',(-0.50000000000019,0.866025403784329,0.));
#10569=DIRECTION('',(0.,0.,-1.));
#10570=DIRECTION('',(0.50000000000019,-0.866025403784329,0.));
#10571=DIRECTION('',(0.,0.,-1.));
#10572=DIRECTION('',(-1.,0.,0.));
#10573=DIRECTION('',(0.,0.,-1.));
#10574=DIRECTION('',(1.,-1.224646799147E-16,-2.22044604925E-16));
#10575=DIRECTION('',(-2.22044604925E-16,0.,-1.));
#10576=DIRECTION('',(-1.,1.224646799147E-16,2.22044604925E-16));
#10577=DIRECTION('',(-2.22044604925E-16,0.,-1.));
#10578=DIRECTION('',(0.50000000000019,0.866025403784329,0.));
#10579=DIRECTION('',(0.,0.,-1.));
#10580=DIRECTION('',(-0.50000000000019,-0.866025403784329,0.));
#10581=DIRECTION('',(0.,0.,-1.));
#10582=DIRECTION('',(0.50000000000019,0.866025403784329,0.));
#10583=DIRECTION('',(0.,0.,-1.));
#10584=DIRECTION('',(-0.50000000000019,0.866025403784329,0.));
#10585=DIRECTION('',(0.,0.,-1.));
#10586=DIRECTION('',(1.,0.,0.));
#10587=DIRECTION('',(0.,0.,-1.));
#10588=DIRECTION('',(-0.50000000000019,-0.866025403784329,0.));
#10589=DIRECTION('',(0.,0.,-1.));
#10590=DIRECTION('',(-0.50000000000019,0.866025403784329,0.));
#10591=DIRECTION('',(0.,0.,-1.));
#10592=DIRECTION('',(1.,0.,0.));
#10593=DIRECTION('',(0.,0.,-1.));
#10594=DIRECTION('',(-0.50000000000019,-0.866025403784329,0.));
#10595=DIRECTION('',(0.,0.,-1.));
#10596=DIRECTION('',(0.,0.,1.));
#10597=DIRECTION('',(1.,0.,0.));
#10598=DIRECTION('',(0.,0.,-1.));
#10599=DIRECTION('',(1.,0.,0.));
#10600=DIRECTION('',(0.,0.,1.));
#10601=DIRECTION('',(1.,0.,0.));
#10602=DIRECTION('',(0.,0.,-1.));
#10603=DIRECTION('',(1.,0.,0.));
#10604=DIRECTION('',(0.,0.,-1.));
#10605=DIRECTION('',(1.,0.,0.));
#10606=DIRECTION('',(0.749755941110103,0.661714461660091,0.));
#10607=DIRECTION('',(-0.661714461660091,0.749755941110103,0.));
#10608=DIRECTION('',(0.,0.,-1.));
#10609=DIRECTION('',(-0.661714461660091,0.749755941110103,0.));
#10610=DIRECTION('',(0.,0.,1.));
#10611=DIRECTION('',(0.661714461660091,-0.749755941110103,0.));
#10612=DIRECTION('',(0.715827142579188,0.698277525019183,0.));
#10613=DIRECTION('',(-0.698277525019183,0.715827142579188,0.));
#10614=DIRECTION('',(-0.698277525019183,0.715827142579188,0.));
#10615=DIRECTION('',(0.,0.,1.));
#10616=DIRECTION('',(0.698277525019183,-0.715827142579188,0.));
#10617=DIRECTION('',(0.680189473190338,0.733036343274364,0.));
#10618=DIRECTION('',(0.733036343274364,-0.680189473190338,0.));
#10619=DIRECTION('',(-0.733036343274364,0.680189473190338,0.));
#10620=DIRECTION('',(0.,0.,1.));
#10621=DIRECTION('',(0.733036343274364,-0.680189473190338,0.));
#10622=DIRECTION('',(0.642794569832885,0.766038602808864,0.));
#10623=DIRECTION('',(0.766038602808864,-0.642794569832885,0.));
#10624=DIRECTION('',(-0.766038602808864,0.642794569832885,0.));
#10625=DIRECTION('',(0.,0.,1.));
#10626=DIRECTION('',(0.766038602808864,-0.642794569832885,0.));
#10627=DIRECTION('',(0.603859897420983,0.797090474341978,0.));
#10628=DIRECTION('',(0.797090474341978,-0.603859897420983,0.));
#10629=DIRECTION('',(-0.797090474341978,0.603859897420983,0.));
#10630=DIRECTION('',(0.,0.,1.));
#10631=DIRECTION('',(0.797090474341978,-0.603859897420983,0.));
#10632=DIRECTION('',(0.563255997026815,0.826282446753729,0.));
#10633=DIRECTION('',(0.826282446753729,-0.563255997026815,0.));
#10634=DIRECTION('',(-0.826282446753729,0.563255997026815,0.));
#10635=DIRECTION('',(0.,0.,1.));
#10636=DIRECTION('',(0.826282446753729,-0.563255997026815,0.));
#10637=DIRECTION('',(0.521453345897993,0.853279794704989,0.));
#10638=DIRECTION('',(0.853279794704989,-0.521453345897993,0.));
#10639=DIRECTION('',(0.,0.,-1.));
#10640=DIRECTION('',(0.853279794704989,-0.521453345897993,0.));
#10641=DIRECTION('',(-0.853279794704989,0.521453345897993,0.));
#10642=DIRECTION('',(0.478231131388788,0.87823401492461,0.));
#10643=DIRECTION('',(0.87823401492461,-0.478231131388788,0.));
#10644=DIRECTION('',(0.87823401492461,-0.478231131388788,0.));
#10645=DIRECTION('',(-0.87823401492461,0.478231131388788,0.));
#10646=DIRECTION('',(0.,0.,-1.));
#10647=DIRECTION('',(0.433888110083133,0.900966762943277,0.));
#10648=DIRECTION('',(0.900966762943277,-0.433888110083133,0.));
#10649=DIRECTION('',(0.,0.,1.));
#10650=DIRECTION('',(0.900966762943277,-0.433888110083133,0.));
#10651=DIRECTION('',(-0.900966762943277,0.433888110083133,0.));
#10652=DIRECTION('',(0.388479204370934,0.921457491027842,0.));
#10653=DIRECTION('',(0.921457491027842,-0.388479204370934,0.));
#10654=DIRECTION('',(-0.921457491027842,0.388479204370934,0.));
#10655=DIRECTION('',(0.,0.,1.));
#10656=DIRECTION('',(0.921457491027842,-0.388479204370934,0.));
#10657=DIRECTION('',(0.341955082492061,0.939716298442167,0.));
#10658=DIRECTION('',(0.939716298442167,-0.341955082492061,0.));
#10659=DIRECTION('',(-0.939716298442167,0.341955082492061,0.));
#10660=DIRECTION('',(0.,0.,-1.));
#10661=DIRECTION('',(0.939716298442167,-0.341955082492061,0.));
#10662=DIRECTION('',(0.294813877852885,0.955554696197629,0.));
#10663=DIRECTION('',(0.955554696197629,-0.294813877852885,0.));
#10664=DIRECTION('',(-0.955554696197629,0.294813877852885,0.));
#10665=DIRECTION('',(0.,0.,1.));
#10666=DIRECTION('',(0.955554696197629,-0.294813877852885,0.));
#10667=DIRECTION('',(0.246782033204951,0.969071012922805,0.));
#10668=DIRECTION('',(0.969071012922805,-0.246782033204951,0.));
#10669=DIRECTION('',(-0.969071012922805,0.246782033204951,0.));
#10670=DIRECTION('',(0.,0.,1.));
#10671=DIRECTION('',(0.969071012922805,-0.246782033204951,0.));
#10672=DIRECTION('',(0.198159730998915,0.980169740917581,0.));
#10673=DIRECTION('',(0.980169740917581,-0.198159730998915,0.));
#10674=DIRECTION('',(-0.980169740917581,0.198159730998915,0.));
#10675=DIRECTION('',(0.,0.,1.));
#10676=DIRECTION('',(0.980169740917581,-0.198159730998915,0.));
#10677=DIRECTION('',(0.149014013872006,0.988835084162042,0.));
#10678=DIRECTION('',(0.988835084162042,-0.149014013872006,0.));
#10679=DIRECTION('',(0.988835084162043,-0.149014013872006,0.));
#10680=DIRECTION('',(-0.988835084162043,0.149014013872006,0.));
#10681=DIRECTION('',(0.,0.,-1.));
#10682=DIRECTION('',(0.0995763457497614,0.995029924860114,0.));
#10683=DIRECTION('',(0.995029924860114,-0.0995763457497614,0.));
#10684=DIRECTION('',(0.995029924860114,-0.0995763457497614,0.));
#10685=DIRECTION('',(-0.995029924860114,0.0995763457497614,0.));
#10686=DIRECTION('',(0.,0.,-1.));
#10687=DIRECTION('',(0.0498378327625507,0.998757323089814,0.));
#10688=DIRECTION('',(0.998757323089814,-0.0498378327625507,0.));
#10689=DIRECTION('',(0.,0.,-1.));
#10690=DIRECTION('',(0.998757323089814,-0.0498378327625507,0.));
#10691=DIRECTION('',(-0.998757323089814,0.0498378327625507,0.));
#10692=DIRECTION('',(0.,1.,0.));
#10693=DIRECTION('',(0.,0.,1.));
#10694=DIRECTION('',(0.,0.,-1.));
#10695=DIRECTION('',(1.,0.,0.));
#10696=DIRECTION('',(-1.,0.,0.));
#10697=DIRECTION('',(-0.0498372154307192,0.998757353894384,0.));
#10698=DIRECTION('',(0.998757353894384,0.0498372154307192,0.));
#10699=DIRECTION('',(-0.998757353894384,-0.0498372154307192,0.));
#10700=DIRECTION('',(0.,0.,1.));
#10701=DIRECTION('',(0.998757353894384,0.0498372154307192,0.));
#10702=DIRECTION('',(-0.099573073873986,0.99503025228346,0.));
#10703=DIRECTION('',(0.99503025228346,0.099573073873986,0.));
#10704=DIRECTION('',(-0.99503025228346,-0.099573073873986,0.));
#10705=DIRECTION('',(0.,0.,-1.));
#10706=DIRECTION('',(0.99503025228346,0.099573073873986,0.));
#10707=DIRECTION('',(-0.14901264876695,0.988835289877671,0.));
#10708=DIRECTION('',(0.988835289877671,0.14901264876695,0.));
#10709=DIRECTION('',(-0.988835289877671,-0.14901264876695,0.));
#10710=DIRECTION('',(0.,0.,-1.));
#10711=DIRECTION('',(0.988835289877671,0.14901264876695,0.));
#10712=DIRECTION('',(-0.198148354028059,0.980172040917293,0.));
#10713=DIRECTION('',(0.980172040917293,0.198148354028059,0.));
#10714=DIRECTION('',(0.,0.,-1.));
#10715=DIRECTION('',(0.980172040917293,0.198148354028059,0.));
#10716=DIRECTION('',(-0.980172040917293,-0.198148354028059,0.));
#10717=DIRECTION('',(-0.246780460879093,0.969071413327368,0.));
#10718=DIRECTION('',(0.969071413327368,0.246780460879093,0.));
#10719=DIRECTION('',(-0.969071413327368,-0.246780460879093,0.));
#10720=DIRECTION('',(0.,0.,-1.));
#10721=DIRECTION('',(0.969071413327368,0.246780460879093,0.));
#10722=DIRECTION('',(-0.294819097625103,0.955553085744335,0.));
#10723=DIRECTION('',(0.955553085744335,0.294819097625103,0.));
#10724=DIRECTION('',(0.955553085744335,0.294819097625103,0.));
#10725=DIRECTION('',(-0.955553085744335,-0.294819097625103,0.));
#10726=DIRECTION('',(0.,0.,1.));
#10727=DIRECTION('',(-0.341955082492061,0.939716298442167,0.));
#10728=DIRECTION('',(0.939716298442167,0.341955082492061,0.));
#10729=DIRECTION('',(-0.939716298442167,-0.341955082492061,0.));
#10730=DIRECTION('',(0.,0.,1.));
#10731=DIRECTION('',(0.939716298442167,0.341955082492061,0.));
#10732=DIRECTION('',(-0.388471501980052,0.921460738257123,0.));
#10733=DIRECTION('',(0.921460738257123,0.388471501980052,0.));
#10734=DIRECTION('',(0.921460738257123,0.388471501980052,0.));
#10735=DIRECTION('',(-0.921460738257123,-0.388471501980052,0.));
#10736=DIRECTION('',(0.,0.,-1.));
#10737=DIRECTION('',(-0.433899792640109,0.900961136757225,0.));
#10738=DIRECTION('',(0.900961136757225,0.433899792640109,0.));
#10739=DIRECTION('',(0.,0.,-1.));
#10740=DIRECTION('',(0.900961136757225,0.433899792640109,0.));
#10741=DIRECTION('',(-0.900961136757225,-0.433899792640109,0.));
#10742=DIRECTION('',(-0.478231131388788,0.87823401492461,0.));
#10743=DIRECTION('',(0.87823401492461,0.478231131388788,0.));
#10744=DIRECTION('',(0.,0.,1.));
#10745=DIRECTION('',(0.87823401492461,0.478231131388788,0.));
#10746=DIRECTION('',(-0.87823401492461,-0.478231131388788,0.));
#10747=DIRECTION('',(-0.521453345897993,0.853279794704989,0.));
#10748=DIRECTION('',(0.853279794704989,0.521453345897993,0.));
#10749=DIRECTION('',(-0.853279794704989,-0.521453345897993,0.));
#10750=DIRECTION('',(0.,0.,1.));
#10751=DIRECTION('',(0.853279794704989,0.521453345897993,0.));
#10752=DIRECTION('',(-0.563255997026815,0.826282446753729,0.));
#10753=DIRECTION('',(0.826282446753729,0.563255997026815,0.));
#10754=DIRECTION('',(-0.826282446753729,-0.563255997026815,0.));
#10755=DIRECTION('',(0.,0.,-1.));
#10756=DIRECTION('',(0.826282446753729,0.563255997026815,0.));
#10757=DIRECTION('',(-0.603859897420983,0.797090474341978,0.));
#10758=DIRECTION('',(0.797090474341978,0.603859897420983,0.));
#10759=DIRECTION('',(-0.797090474341978,-0.603859897420983,0.));
#10760=DIRECTION('',(0.,0.,1.));
#10761=DIRECTION('',(0.797090474341978,0.603859897420983,0.));
#10762=DIRECTION('',(-0.642794569832886,0.766038602808864,0.));
#10763=DIRECTION('',(0.766038602808864,0.642794569832886,0.));
#10764=DIRECTION('',(-0.766038602808864,-0.642794569832886,0.));
#10765=DIRECTION('',(0.,0.,-1.));
#10766=DIRECTION('',(0.766038602808864,0.642794569832886,0.));
#10767=DIRECTION('',(-0.680189473190338,0.733036343274364,0.));
#10768=DIRECTION('',(0.733036343274364,0.680189473190338,0.));
#10769=DIRECTION('',(-0.733036343274364,-0.680189473190338,0.));
#10770=DIRECTION('',(0.,0.,-1.));
#10771=DIRECTION('',(0.733036343274364,0.680189473190338,0.));
#10772=DIRECTION('',(-0.715827142579188,0.698277525019183,0.));
#10773=DIRECTION('',(-0.698277525019183,-0.715827142579188,0.));
#10774=DIRECTION('',(0.,0.,-1.));
#10775=DIRECTION('',(0.698277525019183,0.715827142579188,0.));
#10776=DIRECTION('',(-0.698277525019183,-0.715827142579188,0.));
#10777=DIRECTION('',(-0.749755941110103,0.661714461660091,0.));
#10778=DIRECTION('',(-0.661714461660091,-0.749755941110103,0.));
#10779=DIRECTION('',(-0.661714461660091,-0.749755941110103,0.));
#10780=DIRECTION('',(0.,0.,1.));
#10781=DIRECTION('',(0.661714461660091,0.749755941110103,0.));
#10782=DIRECTION('',(-0.781875443938796,0.623434671930837,0.));
#10783=DIRECTION('',(-0.623434671930837,-0.781875443938796,0.));
#10784=DIRECTION('',(-0.623434671930837,-0.781875443938796,0.));
#10785=DIRECTION('',(0.,0.,1.));
#10786=DIRECTION('',(0.623434671930837,0.781875443938796,0.));
#10787=DIRECTION('',(-0.811906979206251,0.58378682506218,0.));
#10788=DIRECTION('',(-0.58378682506218,-0.811906979206251,0.));
#10789=DIRECTION('',(-0.58378682506218,-0.811906979206251,0.));
#10790=DIRECTION('',(0.,0.,1.));
#10791=DIRECTION('',(0.58378682506218,0.811906979206251,0.));
#10792=DIRECTION('',(-0.840045631671311,0.542515747891201,0.));
#10793=DIRECTION('',(-0.542515747891201,-0.840045631671311,0.));
#10794=DIRECTION('',(-0.542515747891201,-0.840045631671311,0.));
#10795=DIRECTION('',(0.,0.,-1.));
#10796=DIRECTION('',(0.542515747891201,0.840045631671311,0.));
#10797=DIRECTION('',(-0.866030441664483,0.499991274034279,0.));
#10798=DIRECTION('',(-0.499991274034279,-0.866030441664483,0.));
#10799=DIRECTION('',(-0.499991274034279,-0.866030441664483,0.));
#10800=DIRECTION('',(0.,0.,-1.));
#10801=DIRECTION('',(0.499991274034279,0.866030441664483,0.));
#10802=DIRECTION('',(-0.889851199620577,0.456250854830783,0.));
#10803=DIRECTION('',(-0.456250854830783,-0.889851199620577,0.));
#10804=DIRECTION('',(-0.456250854830783,-0.889851199620577,0.));
#10805=DIRECTION('',(0.,0.,1.));
#10806=DIRECTION('',(0.456250854830783,0.889851199620577,0.));
#10807=DIRECTION('',(-0.911521828928943,0.411251693474974,0.));
#10808=DIRECTION('',(-0.411251693474974,-0.911521828928943,0.));
#10809=DIRECTION('',(-0.411251693474974,-0.911521828928943,0.));
#10810=DIRECTION('',(0.,0.,1.));
#10811=DIRECTION('',(0.411251693474974,0.911521828928943,0.));
#10812=DIRECTION('',(-0.930850135498968,0.365401183962988,0.));
#10813=DIRECTION('',(-0.365401183962988,-0.930850135498968,0.));
#10814=DIRECTION('',(-0.365401183962988,-0.930850135498968,0.));
#10815=DIRECTION('',(0.,0.,-1.));
#10816=DIRECTION('',(0.365401183962988,0.930850135498968,0.));
#10817=DIRECTION('',(-0.94792858429015,0.31848296514205,0.));
#10818=DIRECTION('',(-0.31848296514205,-0.94792858429015,0.));
#10819=DIRECTION('',(0.31848296514205,0.94792858429015,0.));
#10820=DIRECTION('',(-0.31848296514205,-0.94792858429015,0.));
#10821=DIRECTION('',(0.,0.,-1.));
#10822=DIRECTION('',(-0.962647089218319,0.270759268760089,0.));
#10823=DIRECTION('',(-0.270759268760089,-0.962647089218319,0.));
#10824=DIRECTION('',(0.270759268760089,0.962647089218319,0.));
#10825=DIRECTION('',(-0.270759268760089,-0.962647089218319,0.));
#10826=DIRECTION('',(0.,0.,-1.));
#10827=DIRECTION('',(-0.974907307164268,0.222611191178062,0.));
#10828=DIRECTION('',(-0.222611191178062,-0.974907307164268,0.));
#10829=DIRECTION('',(0.,0.,1.));
#10830=DIRECTION('',(0.222611191178062,0.974907307164268,0.));
#10831=DIRECTION('',(-0.222611191178062,-0.974907307164268,0.));
#10832=DIRECTION('',(-0.98481913629766,0.17358360746894,0.));
#10833=DIRECTION('',(-0.17358360746894,-0.98481913629766,0.));
#10834=DIRECTION('',(-0.17358360746894,-0.98481913629766,0.));
#10835=DIRECTION('',(0.,0.,1.));
#10836=DIRECTION('',(0.17358360746894,0.98481913629766,0.));
#10837=DIRECTION('',(-0.992239067260075,0.124344816550009,0.));
#10838=DIRECTION('',(-0.124344816550009,-0.992239067260075,0.));
#10839=DIRECTION('',(-0.124344816550009,-0.992239067260075,0.));
#10840=DIRECTION('',(0.,0.,1.));
#10841=DIRECTION('',(0.124344816550009,0.992239067260075,0.));
#10842=DIRECTION('',(-0.997205536756013,0.074706876946851,0.));
#10843=DIRECTION('',(-0.074706876946851,-0.997205536756013,0.));
#10844=DIRECTION('',(0.074706876946851,0.997205536756013,0.));
#10845=DIRECTION('',(-0.074706876946851,-0.997205536756013,0.));
#10846=DIRECTION('',(0.,0.,-1.));
#10847=DIRECTION('',(-0.999688210209793,0.0249696289027448,0.));
#10848=DIRECTION('',(-0.0249696289027448,-0.999688210209793,0.));
#10849=DIRECTION('',(0.0249696289027448,0.999688210209793,0.));
#10850=DIRECTION('',(-0.0249696289027448,-0.999688210209793,0.));
#10851=DIRECTION('',(0.,0.,-1.));
#10852=DIRECTION('',(-0.999688210209793,-0.0249696289027448,0.));
#10853=DIRECTION('',(0.0249696289027448,-0.999688210209793,0.));
#10854=DIRECTION('',(-0.0249696289027448,0.999688210209793,0.));
#10855=DIRECTION('',(0.0249696289027448,-0.999688210209793,0.));
#10856=DIRECTION('',(0.,0.,-1.));
#10857=DIRECTION('',(-0.997205536756013,-0.074706876946851,0.));
#10858=DIRECTION('',(0.074706876946851,-0.997205536756013,0.));
#10859=DIRECTION('',(0.074706876946851,-0.997205536756013,0.));
#10860=DIRECTION('',(0.,0.,1.));
#10861=DIRECTION('',(-0.074706876946851,0.997205536756013,0.));
#10862=DIRECTION('',(-0.992239067260075,-0.124344816550009,0.));
#10863=DIRECTION('',(0.124344816550009,-0.992239067260075,0.));
#10864=DIRECTION('',(0.124344816550009,-0.992239067260075,0.));
#10865=DIRECTION('',(0.,0.,1.));
#10866=DIRECTION('',(-0.124344816550009,0.992239067260075,0.));
#10867=DIRECTION('',(-0.98481913629766,-0.17358360746894,0.));
#10868=DIRECTION('',(0.17358360746894,-0.98481913629766,0.));
#10869=DIRECTION('',(0.17358360746894,-0.98481913629766,0.));
#10870=DIRECTION('',(0.,0.,1.));
#10871=DIRECTION('',(-0.17358360746894,0.98481913629766,0.));
#10872=DIRECTION('',(-0.974907307164268,-0.222611191178062,0.));
#10873=DIRECTION('',(0.222611191178062,-0.974907307164268,0.));
#10874=DIRECTION('',(0.222611191178062,-0.974907307164268,0.));
#10875=DIRECTION('',(0.,0.,1.));
#10876=DIRECTION('',(-0.222611191178062,0.974907307164268,0.));
#10877=DIRECTION('',(-0.962647089218319,-0.270759268760089,0.));
#10878=DIRECTION('',(0.270759268760089,-0.962647089218319,0.));
#10879=DIRECTION('',(0.270759268760089,-0.962647089218319,0.));
#10880=DIRECTION('',(0.,0.,1.));
#10881=DIRECTION('',(-0.270759268760089,0.962647089218319,0.));
#10882=DIRECTION('',(-0.94792858429015,-0.31848296514205,0.));
#10883=DIRECTION('',(0.31848296514205,-0.94792858429015,0.));
#10884=DIRECTION('',(0.31848296514205,-0.94792858429015,0.));
#10885=DIRECTION('',(0.,0.,1.));
#10886=DIRECTION('',(-0.31848296514205,0.94792858429015,0.));
#10887=DIRECTION('',(-0.930850135498968,-0.365401183962988,0.));
#10888=DIRECTION('',(0.365401183962988,-0.930850135498968,0.));
#10889=DIRECTION('',(0.365401183962988,-0.930850135498968,0.));
#10890=DIRECTION('',(0.,0.,1.));
#10891=DIRECTION('',(-0.365401183962988,0.930850135498968,0.));
#10892=DIRECTION('',(-0.911521828928943,-0.411251693474974,0.));
#10893=DIRECTION('',(0.411251693474974,-0.911521828928943,0.));
#10894=DIRECTION('',(0.411251693474974,-0.911521828928943,0.));
#10895=DIRECTION('',(0.,0.,1.));
#10896=DIRECTION('',(-0.411251693474974,0.911521828928943,0.));
#10897=DIRECTION('',(-0.889851199620577,-0.456250854830783,0.));
#10898=DIRECTION('',(0.456250854830783,-0.889851199620577,0.));
#10899=DIRECTION('',(0.456250854830783,-0.889851199620577,0.));
#10900=DIRECTION('',(0.,0.,1.));
#10901=DIRECTION('',(-0.456250854830783,0.889851199620577,0.));
#10902=DIRECTION('',(-0.866030441664483,-0.499991274034279,0.));
#10903=DIRECTION('',(0.499991274034279,-0.866030441664483,0.));
#10904=DIRECTION('',(0.499991274034279,-0.866030441664483,0.));
#10905=DIRECTION('',(0.,0.,1.));
#10906=DIRECTION('',(-0.499991274034279,0.866030441664483,0.));
#10907=DIRECTION('',(-0.840045631671311,-0.542515747891201,0.));
#10908=DIRECTION('',(0.542515747891201,-0.840045631671311,0.));
#10909=DIRECTION('',(0.542515747891201,-0.840045631671311,0.));
#10910=DIRECTION('',(0.,0.,1.));
#10911=DIRECTION('',(-0.542515747891201,0.840045631671311,0.));
#10912=DIRECTION('',(-0.811906979206251,-0.58378682506218,0.));
#10913=DIRECTION('',(0.58378682506218,-0.811906979206251,0.));
#10914=DIRECTION('',(0.58378682506218,-0.811906979206251,0.));
#10915=DIRECTION('',(0.,0.,1.));
#10916=DIRECTION('',(-0.58378682506218,0.811906979206251,0.));
#10917=DIRECTION('',(-0.781875443938796,-0.623434671930837,0.));
#10918=DIRECTION('',(0.623434671930837,-0.781875443938796,0.));
#10919=DIRECTION('',(0.623434671930837,-0.781875443938796,0.));
#10920=DIRECTION('',(0.,0.,1.));
#10921=DIRECTION('',(-0.623434671930837,0.781875443938796,0.));
#10922=DIRECTION('',(-0.749755941110103,-0.661714461660091,0.));
#10923=DIRECTION('',(0.661714461660091,-0.749755941110103,0.));
#10924=DIRECTION('',(0.661714461660091,-0.749755941110103,0.));
#10925=DIRECTION('',(0.,0.,1.));
#10926=DIRECTION('',(-0.661714461660091,0.749755941110103,0.));
#10927=DIRECTION('',(-0.715827142579188,-0.698277525019183,0.));
#10928=DIRECTION('',(0.698277525019183,-0.715827142579188,0.));
#10929=DIRECTION('',(0.698277525019183,-0.715827142579188,0.));
#10930=DIRECTION('',(0.,0.,1.));
#10931=DIRECTION('',(-0.698277525019183,0.715827142579188,0.));
#10932=DIRECTION('',(-0.680189473190338,-0.733036343274364,0.));
#10933=DIRECTION('',(-0.733036343274364,0.680189473190338,0.));
#10934=DIRECTION('',(0.733036343274364,-0.680189473190338,0.));
#10935=DIRECTION('',(0.,0.,1.));
#10936=DIRECTION('',(-0.733036343274364,0.680189473190338,0.));
#10937=DIRECTION('',(-0.642794569832886,-0.766038602808864,0.));
#10938=DIRECTION('',(-0.766038602808864,0.642794569832886,0.));
#10939=DIRECTION('',(0.766038602808864,-0.642794569832886,0.));
#10940=DIRECTION('',(0.,0.,1.));
#10941=DIRECTION('',(-0.766038602808864,0.642794569832886,0.));
#10942=DIRECTION('',(-0.603859897420983,-0.797090474341978,0.));
#10943=DIRECTION('',(-0.797090474341978,0.603859897420983,0.));
#10944=DIRECTION('',(0.797090474341978,-0.603859897420983,0.));
#10945=DIRECTION('',(0.,0.,1.));
#10946=DIRECTION('',(-0.797090474341978,0.603859897420983,0.));
#10947=DIRECTION('',(-0.563255997026815,-0.826282446753729,0.));
#10948=DIRECTION('',(-0.826282446753729,0.563255997026815,0.));
#10949=DIRECTION('',(0.826282446753729,-0.563255997026815,0.));
#10950=DIRECTION('',(0.,0.,1.));
#10951=DIRECTION('',(-0.826282446753729,0.563255997026815,0.));
#10952=DIRECTION('',(-0.521453345897993,-0.853279794704989,0.));
#10953=DIRECTION('',(-0.853279794704989,0.521453345897993,0.));
#10954=DIRECTION('',(0.853279794704989,-0.521453345897993,0.));
#10955=DIRECTION('',(0.,0.,1.));
#10956=DIRECTION('',(-0.853279794704989,0.521453345897993,0.));
#10957=DIRECTION('',(-0.478231131388788,-0.87823401492461,0.));
#10958=DIRECTION('',(-0.87823401492461,0.478231131388788,0.));
#10959=DIRECTION('',(0.87823401492461,-0.478231131388788,0.));
#10960=DIRECTION('',(0.,0.,1.));
#10961=DIRECTION('',(-0.87823401492461,0.478231131388788,0.));
#10962=DIRECTION('',(-0.433899792640109,-0.900961136757225,0.));
#10963=DIRECTION('',(-0.900961136757225,0.433899792640109,0.));
#10964=DIRECTION('',(0.900961136757225,-0.433899792640109,0.));
#10965=DIRECTION('',(0.,0.,1.));
#10966=DIRECTION('',(-0.900961136757225,0.433899792640109,0.));
#10967=DIRECTION('',(-0.388471501980052,-0.921460738257123,0.));
#10968=DIRECTION('',(-0.921460738257123,0.388471501980052,0.));
#10969=DIRECTION('',(0.921460738257123,-0.388471501980052,0.));
#10970=DIRECTION('',(0.,0.,1.));
#10971=DIRECTION('',(-0.921460738257123,0.388471501980052,0.));
#10972=DIRECTION('',(-0.341955082492061,-0.939716298442167,0.));
#10973=DIRECTION('',(-0.939716298442167,0.341955082492061,0.));
#10974=DIRECTION('',(0.939716298442167,-0.341955082492061,0.));
#10975=DIRECTION('',(0.,0.,1.));
#10976=DIRECTION('',(-0.939716298442167,0.341955082492061,0.));
#10977=DIRECTION('',(-0.294813877852885,-0.955554696197629,0.));
#10978=DIRECTION('',(-0.955554696197629,0.294813877852885,0.));
#10979=DIRECTION('',(0.955554696197629,-0.294813877852885,0.));
#10980=DIRECTION('',(0.,0.,1.));
#10981=DIRECTION('',(-0.955554696197629,0.294813877852885,0.));
#10982=DIRECTION('',(-0.246782033204951,-0.969071012922805,0.));
#10983=DIRECTION('',(-0.969071012922805,0.246782033204951,0.));
#10984=DIRECTION('',(0.969071012922805,-0.246782033204951,0.));
#10985=DIRECTION('',(0.,0.,1.));
#10986=DIRECTION('',(-0.969071012922805,0.246782033204951,0.));
#10987=DIRECTION('',(-0.198148354028059,-0.980172040917293,0.));
#10988=DIRECTION('',(-0.980172040917293,0.198148354028059,0.));
#10989=DIRECTION('',(0.980172040917293,-0.198148354028059,0.));
#10990=DIRECTION('',(0.,0.,1.));
#10991=DIRECTION('',(-0.980172040917293,0.198148354028059,0.));
#10992=DIRECTION('',(-0.149014013872006,-0.988835084162042,0.));
#10993=DIRECTION('',(-0.988835084162042,0.149014013872006,0.));
#10994=DIRECTION('',(0.988835084162042,-0.149014013872006,0.));
#10995=DIRECTION('',(0.,0.,1.));
#10996=DIRECTION('',(-0.988835084162042,0.149014013872006,0.));
#10997=DIRECTION('',(-0.0995763457497614,-0.995029924860114,0.));
#10998=DIRECTION('',(-0.995029924860114,0.0995763457497614,0.));
#10999=DIRECTION('',(0.995029924860114,-0.0995763457497614,0.));
#11000=DIRECTION('',(0.,0.,1.));
#11001=DIRECTION('',(-0.995029924860114,0.0995763457497614,0.));
#11002=DIRECTION('',(-0.0498378327625508,-0.998757323089815,0.));
#11003=DIRECTION('',(-0.998757323089815,0.0498378327625508,0.));
#11004=DIRECTION('',(0.998757323089815,-0.0498378327625508,0.));
#11005=DIRECTION('',(0.,0.,1.));
#11006=DIRECTION('',(-0.998757323089815,0.0498378327625508,0.));
#11007=DIRECTION('',(0.,-1.,0.));
#11008=DIRECTION('',(0.,0.,-1.));
#11009=DIRECTION('',(0.,0.,-1.));
#11010=DIRECTION('',(-1.,0.,0.));
#11011=DIRECTION('',(1.,0.,0.));
#11012=DIRECTION('',(0.0498372154307192,-0.998757353894384,0.));
#11013=DIRECTION('',(-0.998757353894384,-0.0498372154307192,0.));
#11014=DIRECTION('',(0.998757353894384,0.0498372154307192,0.));
#11015=DIRECTION('',(0.,0.,1.));
#11016=DIRECTION('',(-0.998757353894384,-0.0498372154307192,0.));
#11017=DIRECTION('',(0.099573073873986,-0.99503025228346,0.));
#11018=DIRECTION('',(-0.99503025228346,-0.099573073873986,0.));
#11019=DIRECTION('',(0.99503025228346,0.099573073873986,0.));
#11020=DIRECTION('',(0.,0.,-1.));
#11021=DIRECTION('',(-0.99503025228346,-0.099573073873986,0.));
#11022=DIRECTION('',(0.14901264876695,-0.988835289877671,0.));
#11023=DIRECTION('',(-0.988835289877671,-0.14901264876695,0.));
#11024=DIRECTION('',(0.988835289877671,0.14901264876695,0.));
#11025=DIRECTION('',(0.,0.,-1.));
#11026=DIRECTION('',(-0.988835289877671,-0.14901264876695,0.));
#11027=DIRECTION('',(0.198159730998915,-0.980169740917581,0.));
#11028=DIRECTION('',(-0.980169740917581,-0.198159730998915,0.));
#11029=DIRECTION('',(0.,0.,-1.));
#11030=DIRECTION('',(-0.980169740917581,-0.198159730998915,0.));
#11031=DIRECTION('',(0.980169740917581,0.198159730998915,0.));
#11032=DIRECTION('',(0.246780460879093,-0.969071413327368,0.));
#11033=DIRECTION('',(-0.969071413327368,-0.246780460879093,0.));
#11034=DIRECTION('',(0.969071413327368,0.246780460879093,0.));
#11035=DIRECTION('',(0.,0.,-1.));
#11036=DIRECTION('',(-0.969071413327368,-0.246780460879093,0.));
#11037=DIRECTION('',(0.294819097625103,-0.955553085744335,0.));
#11038=DIRECTION('',(-0.955553085744335,-0.294819097625103,0.));
#11039=DIRECTION('',(-0.955553085744335,-0.294819097625103,0.));
#11040=DIRECTION('',(0.955553085744335,0.294819097625103,0.));
#11041=DIRECTION('',(0.,0.,1.));
#11042=DIRECTION('',(0.341955082492061,-0.939716298442167,0.));
#11043=DIRECTION('',(-0.939716298442167,-0.341955082492061,0.));
#11044=DIRECTION('',(0.939716298442167,0.341955082492061,0.));
#11045=DIRECTION('',(0.,0.,1.));
#11046=DIRECTION('',(-0.939716298442167,-0.341955082492061,0.));
#11047=DIRECTION('',(0.388479204370934,-0.921457491027842,0.));
#11048=DIRECTION('',(-0.921457491027842,-0.388479204370934,0.));
#11049=DIRECTION('',(-0.921457491027842,-0.388479204370934,0.));
#11050=DIRECTION('',(0.921457491027842,0.388479204370934,0.));
#11051=DIRECTION('',(0.,0.,-1.));
#11052=DIRECTION('',(0.433888110083133,-0.900966762943277,0.));
#11053=DIRECTION('',(-0.900966762943277,-0.433888110083133,0.));
#11054=DIRECTION('',(0.,0.,-1.));
#11055=DIRECTION('',(-0.900966762943277,-0.433888110083133,0.));
#11056=DIRECTION('',(0.900966762943277,0.433888110083133,0.));
#11057=DIRECTION('',(0.478231131388788,-0.87823401492461,0.));
#11058=DIRECTION('',(-0.87823401492461,-0.478231131388788,0.));
#11059=DIRECTION('',(0.,0.,1.));
#11060=DIRECTION('',(-0.87823401492461,-0.478231131388788,0.));
#11061=DIRECTION('',(0.87823401492461,0.478231131388788,0.));
#11062=DIRECTION('',(0.521453345897993,-0.853279794704989,0.));
#11063=DIRECTION('',(-0.853279794704989,-0.521453345897993,0.));
#11064=DIRECTION('',(-0.853279794704989,-0.521453345897993,0.));
#11065=DIRECTION('',(0.853279794704989,0.521453345897993,0.));
#11066=DIRECTION('',(0.,0.,-1.));
#11067=DIRECTION('',(0.563255997026815,-0.826282446753729,0.));
#11068=DIRECTION('',(-0.826282446753729,-0.563255997026815,0.));
#11069=DIRECTION('',(0.,0.,-1.));
#11070=DIRECTION('',(-0.826282446753729,-0.563255997026815,0.));
#11071=DIRECTION('',(0.826282446753729,0.563255997026815,0.));
#11072=DIRECTION('',(0.603859897420983,-0.797090474341978,0.));
#11073=DIRECTION('',(-0.797090474341978,-0.603859897420983,0.));
#11074=DIRECTION('',(0.797090474341978,0.603859897420983,0.));
#11075=DIRECTION('',(0.,0.,1.));
#11076=DIRECTION('',(-0.797090474341978,-0.603859897420983,0.));
#11077=DIRECTION('',(0.642794569832885,-0.766038602808864,0.));
#11078=DIRECTION('',(-0.766038602808864,-0.642794569832885,0.));
#11079=DIRECTION('',(0.766038602808864,0.642794569832885,0.));
#11080=DIRECTION('',(0.,0.,1.));
#11081=DIRECTION('',(-0.766038602808864,-0.642794569832885,0.));
#11082=DIRECTION('',(0.680189473190338,-0.733036343274364,0.));
#11083=DIRECTION('',(-0.733036343274364,-0.680189473190338,0.));
#11084=DIRECTION('',(0.733036343274364,0.680189473190338,0.));
#11085=DIRECTION('',(0.,0.,-1.));
#11086=DIRECTION('',(-0.733036343274364,-0.680189473190338,0.));
#11087=DIRECTION('',(0.715827142579188,-0.698277525019183,0.));
#11088=DIRECTION('',(0.698277525019183,0.715827142579188,0.));
#11089=DIRECTION('',(0.,0.,-1.));
#11090=DIRECTION('',(-0.698277525019183,-0.715827142579188,0.));
#11091=DIRECTION('',(0.698277525019183,0.715827142579188,0.));
#11092=DIRECTION('',(0.749755941110103,-0.661714461660091,0.));
#11093=DIRECTION('',(0.661714461660091,0.749755941110103,0.));
#11094=DIRECTION('',(0.661714461660091,0.749755941110103,0.));
#11095=DIRECTION('',(0.,0.,1.));
#11096=DIRECTION('',(-0.661714461660091,-0.749755941110103,0.));
#11097=DIRECTION('',(0.781875443938796,-0.623434671930837,0.));
#11098=DIRECTION('',(0.623434671930837,0.781875443938796,0.));
#11099=DIRECTION('',(0.623434671930837,0.781875443938796,0.));
#11100=DIRECTION('',(0.,0.,1.));
#11101=DIRECTION('',(-0.623434671930837,-0.781875443938796,0.));
#11102=DIRECTION('',(0.811906979206251,-0.58378682506218,0.));
#11103=DIRECTION('',(0.58378682506218,0.811906979206251,0.));
#11104=DIRECTION('',(0.58378682506218,0.811906979206251,0.));
#11105=DIRECTION('',(0.,0.,1.));
#11106=DIRECTION('',(-0.58378682506218,-0.811906979206251,0.));
#11107=DIRECTION('',(0.840045631671311,-0.542515747891201,0.));
#11108=DIRECTION('',(0.542515747891201,0.840045631671311,0.));
#11109=DIRECTION('',(0.542515747891201,0.840045631671311,0.));
#11110=DIRECTION('',(0.,0.,-1.));
#11111=DIRECTION('',(-0.542515747891201,-0.840045631671311,0.));
#11112=DIRECTION('',(0.866030441664483,-0.499991274034279,0.));
#11113=DIRECTION('',(0.499991274034279,0.866030441664483,0.));
#11114=DIRECTION('',(0.499991274034279,0.866030441664483,0.));
#11115=DIRECTION('',(0.,0.,-1.));
#11116=DIRECTION('',(-0.499991274034279,-0.866030441664483,0.));
#11117=DIRECTION('',(0.889851199620577,-0.456250854830783,0.));
#11118=DIRECTION('',(0.456250854830783,0.889851199620577,0.));
#11119=DIRECTION('',(0.456250854830783,0.889851199620577,0.));
#11120=DIRECTION('',(0.,0.,1.));
#11121=DIRECTION('',(-0.456250854830783,-0.889851199620577,0.));
#11122=DIRECTION('',(0.911521828928943,-0.411251693474974,0.));
#11123=DIRECTION('',(0.411251693474974,0.911521828928943,0.));
#11124=DIRECTION('',(0.411251693474974,0.911521828928943,0.));
#11125=DIRECTION('',(0.,0.,1.));
#11126=DIRECTION('',(-0.411251693474974,-0.911521828928943,0.));
#11127=DIRECTION('',(0.930850135498968,-0.365401183962988,0.));
#11128=DIRECTION('',(0.365401183962988,0.930850135498968,0.));
#11129=DIRECTION('',(0.365401183962988,0.930850135498968,0.));
#11130=DIRECTION('',(0.,0.,-1.));
#11131=DIRECTION('',(-0.365401183962988,-0.930850135498968,0.));
#11132=DIRECTION('',(0.94792858429015,-0.31848296514205,0.));
#11133=DIRECTION('',(0.31848296514205,0.94792858429015,0.));
#11134=DIRECTION('',(-0.31848296514205,-0.94792858429015,0.));
#11135=DIRECTION('',(0.31848296514205,0.94792858429015,0.));
#11136=DIRECTION('',(0.,0.,-1.));
#11137=DIRECTION('',(0.962647089218319,-0.270759268760089,0.));
#11138=DIRECTION('',(0.270759268760089,0.962647089218319,0.));
#11139=DIRECTION('',(-0.270759268760089,-0.962647089218319,0.));
#11140=DIRECTION('',(0.270759268760089,0.962647089218319,0.));
#11141=DIRECTION('',(0.,0.,-1.));
#11142=DIRECTION('',(0.974928835494845,-0.222516888618964,0.));
#11143=DIRECTION('',(0.222516888618964,0.974928835494845,0.));
#11144=DIRECTION('',(0.222516888618964,0.974928835494845,0.));
#11145=DIRECTION('',(0.,0.,1.));
#11146=DIRECTION('',(-0.222516888618964,-0.974928835494845,0.));
#11147=DIRECTION('',(0.984801556869328,-0.173683314074058,0.));
#11148=DIRECTION('',(0.173683314074058,0.984801556869328,0.));
#11149=DIRECTION('',(0.173683314074058,0.984801556869328,0.));
#11150=DIRECTION('',(0.,0.,-1.));
#11151=DIRECTION('',(-0.173683314074058,-0.984801556869328,0.));
#11152=DIRECTION('',(0.992239067260075,-0.124344816550009,0.));
#11153=DIRECTION('',(0.124344816550009,0.992239067260075,0.));
#11154=DIRECTION('',(-0.124344816550009,-0.992239067260075,0.));
#11155=DIRECTION('',(0.124344816550009,0.992239067260075,0.));
#11156=DIRECTION('',(0.,0.,-1.));
#11157=DIRECTION('',(0.997205536756013,-0.074706876946851,0.));
#11158=DIRECTION('',(0.074706876946851,0.997205536756013,0.));
#11159=DIRECTION('',(0.074706876946851,0.997205536756013,0.));
#11160=DIRECTION('',(0.,0.,-1.));
#11161=DIRECTION('',(-0.074706876946851,-0.997205536756013,0.));
#11162=DIRECTION('',(0.999688210209793,-0.0249696289027448,0.));
#11163=DIRECTION('',(0.0249696289027448,0.999688210209793,0.));
#11164=DIRECTION('',(0.0249696289027448,0.999688210209793,0.));
#11165=DIRECTION('',(0.,0.,1.));
#11166=DIRECTION('',(-0.0249696289027448,-0.999688210209793,0.));
#11167=DIRECTION('',(0.999688210209793,0.0249696289027448,0.));
#11168=DIRECTION('',(-0.0249696289027448,0.999688210209793,0.));
#11169=DIRECTION('',(-0.0249696289027448,0.999688210209793,0.));
#11170=DIRECTION('',(0.,0.,1.));
#11171=DIRECTION('',(0.0249696289027448,-0.999688210209793,0.));
#11172=DIRECTION('',(0.997205536756013,0.074706876946851,0.));
#11173=DIRECTION('',(-0.074706876946851,0.997205536756013,0.));
#11174=DIRECTION('',(-0.074706876946851,0.997205536756013,0.));
#11175=DIRECTION('',(0.,0.,1.));
#11176=DIRECTION('',(0.074706876946851,-0.997205536756013,0.));
#11177=DIRECTION('',(0.992239067260075,0.124344816550009,0.));
#11178=DIRECTION('',(-0.124344816550009,0.992239067260075,0.));
#11179=DIRECTION('',(-0.124344816550009,0.992239067260075,0.));
#11180=DIRECTION('',(0.,0.,1.));
#11181=DIRECTION('',(0.124344816550009,-0.992239067260075,0.));
#11182=DIRECTION('',(0.984801556869328,0.173683314074058,0.));
#11183=DIRECTION('',(-0.173683314074058,0.984801556869328,0.));
#11184=DIRECTION('',(-0.173683314074058,0.984801556869328,0.));
#11185=DIRECTION('',(0.,0.,1.));
#11186=DIRECTION('',(0.173683314074058,-0.984801556869328,0.));
#11187=DIRECTION('',(0.974928835494845,0.222516888618964,0.));
#11188=DIRECTION('',(-0.222516888618964,0.974928835494845,0.));
#11189=DIRECTION('',(-0.222516888618964,0.974928835494845,0.));
#11190=DIRECTION('',(0.,0.,-1.));
#11191=DIRECTION('',(0.222516888618964,-0.974928835494845,0.));
#11192=DIRECTION('',(0.962647089218319,0.270759268760089,0.));
#11193=DIRECTION('',(-0.270759268760089,0.962647089218319,0.));
#11194=DIRECTION('',(-0.270759268760089,0.962647089218319,0.));
#11195=DIRECTION('',(0.,0.,1.));
#11196=DIRECTION('',(0.270759268760089,-0.962647089218319,0.));
#11197=DIRECTION('',(0.94792858429015,0.31848296514205,0.));
#11198=DIRECTION('',(-0.31848296514205,0.94792858429015,0.));
#11199=DIRECTION('',(-0.31848296514205,0.94792858429015,0.));
#11200=DIRECTION('',(0.,0.,-1.));
#11201=DIRECTION('',(0.31848296514205,-0.94792858429015,0.));
#11202=DIRECTION('',(0.930850135498968,0.365401183962988,0.));
#11203=DIRECTION('',(-0.365401183962988,0.930850135498968,0.));
#11204=DIRECTION('',(0.365401183962988,-0.930850135498968,0.));
#11205=DIRECTION('',(-0.365401183962988,0.930850135498968,0.));
#11206=DIRECTION('',(0.,0.,-1.));
#11207=DIRECTION('',(0.911521828928943,0.411251693474974,0.));
#11208=DIRECTION('',(-0.411251693474974,0.911521828928943,0.));
#11209=DIRECTION('',(-0.411251693474974,0.911521828928943,0.));
#11210=DIRECTION('',(0.,0.,1.));
#11211=DIRECTION('',(0.411251693474974,-0.911521828928943,0.));
#11212=DIRECTION('',(0.889851199620577,0.456250854830783,0.));
#11213=DIRECTION('',(-0.456250854830783,0.889851199620577,0.));
#11214=DIRECTION('',(0.456250854830783,-0.889851199620577,0.));
#11215=DIRECTION('',(-0.456250854830783,0.889851199620577,0.));
#11216=DIRECTION('',(0.,0.,1.));
#11217=DIRECTION('',(0.866030441664483,0.499991274034279,0.));
#11218=DIRECTION('',(-0.499991274034279,0.866030441664483,0.));
#11219=DIRECTION('',(-0.499991274034279,0.866030441664483,0.));
#11220=DIRECTION('',(0.,0.,1.));
#11221=DIRECTION('',(0.499991274034279,-0.866030441664483,0.));
#11222=DIRECTION('',(0.840045631671311,0.542515747891201,0.));
#11223=DIRECTION('',(-0.542515747891201,0.840045631671311,0.));
#11224=DIRECTION('',(-0.542515747891201,0.840045631671311,0.));
#11225=DIRECTION('',(0.,0.,-1.));
#11226=DIRECTION('',(0.542515747891201,-0.840045631671311,0.));
#11227=DIRECTION('',(0.811906979206251,0.58378682506218,0.));
#11228=DIRECTION('',(-0.58378682506218,0.811906979206251,0.));
#11229=DIRECTION('',(0.,0.,-1.));
#11230=DIRECTION('',(0.58378682506218,-0.811906979206251,0.));
#11231=DIRECTION('',(-0.58378682506218,0.811906979206251,0.));
#11232=DIRECTION('',(0.781875443938796,0.623434671930837,0.));
#11233=DIRECTION('',(-0.623434671930837,0.781875443938796,0.));
#11234=DIRECTION('',(0.623434671930837,-0.781875443938796,0.));
#11235=DIRECTION('',(-0.623434671930837,0.781875443938796,0.));
#11236=DIRECTION('',(0.,0.,-1.));
#11237=DIRECTION('',(1.,0.,0.));
#11238=DIRECTION('',(0.,0.,-1.));
#11239=DIRECTION('',(1.,0.,0.));
#11240=DIRECTION('',(0.,0.,-1.));
#11241=DIRECTION('',(1.,0.,0.));
#11242=DIRECTION('',(0.749755941110103,0.661714461660091,0.));
#11243=DIRECTION('',(-0.661714461660091,0.749755941110103,0.));
#11244=DIRECTION('',(0.,0.,-1.));
#11245=DIRECTION('',(-0.661714461660091,0.749755941110103,0.));
#11246=DIRECTION('',(0.,0.,1.));
#11247=DIRECTION('',(0.661714461660091,-0.749755941110103,0.));
#11248=DIRECTION('',(0.715827142579188,0.698277525019183,0.));
#11249=DIRECTION('',(-0.698277525019183,0.715827142579188,0.));
#11250=DIRECTION('',(-0.698277525019183,0.715827142579188,0.));
#11251=DIRECTION('',(0.,0.,1.));
#11252=DIRECTION('',(0.698277525019183,-0.715827142579188,0.));
#11253=DIRECTION('',(0.680189473190338,0.733036343274364,0.));
#11254=DIRECTION('',(0.733036343274364,-0.680189473190338,0.));
#11255=DIRECTION('',(-0.733036343274364,0.680189473190338,0.));
#11256=DIRECTION('',(0.,0.,1.));
#11257=DIRECTION('',(0.733036343274364,-0.680189473190338,0.));
#11258=DIRECTION('',(0.642794569832885,0.766038602808864,0.));
#11259=DIRECTION('',(0.766038602808864,-0.642794569832885,0.));
#11260=DIRECTION('',(-0.766038602808864,0.642794569832885,0.));
#11261=DIRECTION('',(0.,0.,1.));
#11262=DIRECTION('',(0.766038602808864,-0.642794569832885,0.));
#11263=DIRECTION('',(0.603859897420983,0.797090474341978,0.));
#11264=DIRECTION('',(0.797090474341978,-0.603859897420983,0.));
#11265=DIRECTION('',(-0.797090474341978,0.603859897420983,0.));
#11266=DIRECTION('',(0.,0.,1.));
#11267=DIRECTION('',(0.797090474341978,-0.603859897420983,0.));
#11268=DIRECTION('',(0.563255997026815,0.826282446753729,0.));
#11269=DIRECTION('',(0.826282446753729,-0.563255997026815,0.));
#11270=DIRECTION('',(-0.826282446753729,0.563255997026815,0.));
#11271=DIRECTION('',(0.,0.,1.));
#11272=DIRECTION('',(0.826282446753729,-0.563255997026815,0.));
#11273=DIRECTION('',(0.521453345897993,0.853279794704989,0.));
#11274=DIRECTION('',(0.853279794704989,-0.521453345897993,0.));
#11275=DIRECTION('',(0.,0.,-1.));
#11276=DIRECTION('',(0.853279794704989,-0.521453345897993,0.));
#11277=DIRECTION('',(-0.853279794704989,0.521453345897993,0.));
#11278=DIRECTION('',(0.478231131388788,0.87823401492461,0.));
#11279=DIRECTION('',(0.87823401492461,-0.478231131388788,0.));
#11280=DIRECTION('',(0.87823401492461,-0.478231131388788,0.));
#11281=DIRECTION('',(-0.87823401492461,0.478231131388788,0.));
#11282=DIRECTION('',(0.,0.,-1.));
#11283=DIRECTION('',(0.433888110083133,0.900966762943277,0.));
#11284=DIRECTION('',(0.900966762943277,-0.433888110083133,0.));
#11285=DIRECTION('',(0.,0.,1.));
#11286=DIRECTION('',(0.900966762943277,-0.433888110083133,0.));
#11287=DIRECTION('',(-0.900966762943277,0.433888110083133,0.));
#11288=DIRECTION('',(0.388479204370934,0.921457491027842,0.));
#11289=DIRECTION('',(0.921457491027842,-0.388479204370934,0.));
#11290=DIRECTION('',(-0.921457491027842,0.388479204370934,0.));
#11291=DIRECTION('',(0.,0.,1.));
#11292=DIRECTION('',(0.921457491027842,-0.388479204370934,0.));
#11293=DIRECTION('',(0.341955082492061,0.939716298442167,0.));
#11294=DIRECTION('',(0.939716298442167,-0.341955082492061,0.));
#11295=DIRECTION('',(-0.939716298442167,0.341955082492061,0.));
#11296=DIRECTION('',(0.,0.,-1.));
#11297=DIRECTION('',(0.939716298442167,-0.341955082492061,0.));
#11298=DIRECTION('',(0.294813877852885,0.955554696197629,0.));
#11299=DIRECTION('',(0.955554696197629,-0.294813877852885,0.));
#11300=DIRECTION('',(-0.955554696197629,0.294813877852885,0.));
#11301=DIRECTION('',(0.,0.,1.));
#11302=DIRECTION('',(0.955554696197629,-0.294813877852885,0.));
#11303=DIRECTION('',(0.246782033204951,0.969071012922805,0.));
#11304=DIRECTION('',(0.969071012922805,-0.246782033204951,0.));
#11305=DIRECTION('',(-0.969071012922805,0.246782033204951,0.));
#11306=DIRECTION('',(0.,0.,1.));
#11307=DIRECTION('',(0.969071012922805,-0.246782033204951,0.));
#11308=DIRECTION('',(0.198159730998915,0.980169740917581,0.));
#11309=DIRECTION('',(0.980169740917581,-0.198159730998915,0.));
#11310=DIRECTION('',(-0.980169740917581,0.198159730998915,0.));
#11311=DIRECTION('',(0.,0.,1.));
#11312=DIRECTION('',(0.980169740917581,-0.198159730998915,0.));
#11313=DIRECTION('',(0.149014013872006,0.988835084162042,0.));
#11314=DIRECTION('',(0.988835084162042,-0.149014013872006,0.));
#11315=DIRECTION('',(0.988835084162043,-0.149014013872006,0.));
#11316=DIRECTION('',(-0.988835084162043,0.149014013872006,0.));
#11317=DIRECTION('',(0.,0.,-1.));
#11318=DIRECTION('',(0.0995763457497614,0.995029924860114,0.));
#11319=DIRECTION('',(0.995029924860114,-0.0995763457497614,0.));
#11320=DIRECTION('',(0.995029924860114,-0.0995763457497614,0.));
#11321=DIRECTION('',(-0.995029924860114,0.0995763457497614,0.));
#11322=DIRECTION('',(0.,0.,-1.));
#11323=DIRECTION('',(0.0498378327625507,0.998757323089814,0.));
#11324=DIRECTION('',(0.998757323089814,-0.0498378327625507,0.));
#11325=DIRECTION('',(0.,0.,-1.));
#11326=DIRECTION('',(0.998757323089814,-0.0498378327625507,0.));
#11327=DIRECTION('',(-0.998757323089814,0.0498378327625507,0.));
#11328=DIRECTION('',(0.,1.,0.));
#11329=DIRECTION('',(0.,0.,1.));
#11330=DIRECTION('',(0.,0.,-1.));
#11331=DIRECTION('',(1.,0.,0.));
#11332=DIRECTION('',(-1.,0.,0.));
#11333=DIRECTION('',(-0.0498372154307192,0.998757353894384,0.));
#11334=DIRECTION('',(0.998757353894384,0.0498372154307192,0.));
#11335=DIRECTION('',(-0.998757353894384,-0.0498372154307192,0.));
#11336=DIRECTION('',(0.,0.,1.));
#11337=DIRECTION('',(0.998757353894384,0.0498372154307192,0.));
#11338=DIRECTION('',(-0.099573073873986,0.99503025228346,0.));
#11339=DIRECTION('',(0.99503025228346,0.099573073873986,0.));
#11340=DIRECTION('',(-0.99503025228346,-0.099573073873986,0.));
#11341=DIRECTION('',(0.,0.,-1.));
#11342=DIRECTION('',(0.99503025228346,0.099573073873986,0.));
#11343=DIRECTION('',(-0.14901264876695,0.988835289877671,0.));
#11344=DIRECTION('',(0.988835289877671,0.14901264876695,0.));
#11345=DIRECTION('',(-0.988835289877671,-0.14901264876695,0.));
#11346=DIRECTION('',(0.,0.,-1.));
#11347=DIRECTION('',(0.988835289877671,0.14901264876695,0.));
#11348=DIRECTION('',(-0.198148354028059,0.980172040917293,0.));
#11349=DIRECTION('',(0.980172040917293,0.198148354028059,0.));
#11350=DIRECTION('',(0.,0.,-1.));
#11351=DIRECTION('',(0.980172040917293,0.198148354028059,0.));
#11352=DIRECTION('',(-0.980172040917293,-0.198148354028059,0.));
#11353=DIRECTION('',(-0.246780460879093,0.969071413327368,0.));
#11354=DIRECTION('',(0.969071413327368,0.246780460879093,0.));
#11355=DIRECTION('',(-0.969071413327368,-0.246780460879093,0.));
#11356=DIRECTION('',(0.,0.,-1.));
#11357=DIRECTION('',(0.969071413327368,0.246780460879093,0.));
#11358=DIRECTION('',(-0.294819097625103,0.955553085744335,0.));
#11359=DIRECTION('',(0.955553085744335,0.294819097625103,0.));
#11360=DIRECTION('',(0.955553085744335,0.294819097625103,0.));
#11361=DIRECTION('',(-0.955553085744335,-0.294819097625103,0.));
#11362=DIRECTION('',(0.,0.,1.));
#11363=DIRECTION('',(-0.341955082492061,0.939716298442167,0.));
#11364=DIRECTION('',(0.939716298442167,0.341955082492061,0.));
#11365=DIRECTION('',(-0.939716298442167,-0.341955082492061,0.));
#11366=DIRECTION('',(0.,0.,1.));
#11367=DIRECTION('',(0.939716298442167,0.341955082492061,0.));
#11368=DIRECTION('',(-0.388471501980052,0.921460738257123,0.));
#11369=DIRECTION('',(0.921460738257123,0.388471501980052,0.));
#11370=DIRECTION('',(0.921460738257123,0.388471501980052,0.));
#11371=DIRECTION('',(-0.921460738257123,-0.388471501980052,0.));
#11372=DIRECTION('',(0.,0.,-1.));
#11373=DIRECTION('',(-0.433899792640109,0.900961136757225,0.));
#11374=DIRECTION('',(0.900961136757225,0.433899792640109,0.));
#11375=DIRECTION('',(0.,0.,-1.));
#11376=DIRECTION('',(0.900961136757225,0.433899792640109,0.));
#11377=DIRECTION('',(-0.900961136757225,-0.433899792640109,0.));
#11378=DIRECTION('',(-0.478231131388788,0.87823401492461,0.));
#11379=DIRECTION('',(0.87823401492461,0.478231131388788,0.));
#11380=DIRECTION('',(0.,0.,1.));
#11381=DIRECTION('',(0.87823401492461,0.478231131388788,0.));
#11382=DIRECTION('',(-0.87823401492461,-0.478231131388788,0.));
#11383=DIRECTION('',(-0.521453345897993,0.853279794704989,0.));
#11384=DIRECTION('',(0.853279794704989,0.521453345897993,0.));
#11385=DIRECTION('',(-0.853279794704989,-0.521453345897993,0.));
#11386=DIRECTION('',(0.,0.,1.));
#11387=DIRECTION('',(0.853279794704989,0.521453345897993,0.));
#11388=DIRECTION('',(-0.563255997026815,0.826282446753729,0.));
#11389=DIRECTION('',(0.826282446753729,0.563255997026815,0.));
#11390=DIRECTION('',(-0.826282446753729,-0.563255997026815,0.));
#11391=DIRECTION('',(0.,0.,-1.));
#11392=DIRECTION('',(0.826282446753729,0.563255997026815,0.));
#11393=DIRECTION('',(-0.603859897420983,0.797090474341978,0.));
#11394=DIRECTION('',(0.797090474341978,0.603859897420983,0.));
#11395=DIRECTION('',(-0.797090474341978,-0.603859897420983,0.));
#11396=DIRECTION('',(0.,0.,1.));
#11397=DIRECTION('',(0.797090474341978,0.603859897420983,0.));
#11398=DIRECTION('',(-0.642794569832886,0.766038602808864,0.));
#11399=DIRECTION('',(0.766038602808864,0.642794569832886,0.));
#11400=DIRECTION('',(-0.766038602808864,-0.642794569832886,0.));
#11401=DIRECTION('',(0.,0.,-1.));
#11402=DIRECTION('',(0.766038602808864,0.642794569832886,0.));
#11403=DIRECTION('',(-0.680189473190338,0.733036343274364,0.));
#11404=DIRECTION('',(0.733036343274364,0.680189473190338,0.));
#11405=DIRECTION('',(-0.733036343274364,-0.680189473190338,0.));
#11406=DIRECTION('',(0.,0.,-1.));
#11407=DIRECTION('',(0.733036343274364,0.680189473190338,0.));
#11408=DIRECTION('',(-0.715827142579188,0.698277525019183,0.));
#11409=DIRECTION('',(-0.698277525019183,-0.715827142579188,0.));
#11410=DIRECTION('',(0.,0.,-1.));
#11411=DIRECTION('',(0.698277525019183,0.715827142579188,0.));
#11412=DIRECTION('',(-0.698277525019183,-0.715827142579188,0.));
#11413=DIRECTION('',(-0.749755941110103,0.661714461660091,0.));
#11414=DIRECTION('',(-0.661714461660091,-0.749755941110103,0.));
#11415=DIRECTION('',(-0.661714461660091,-0.749755941110103,0.));
#11416=DIRECTION('',(0.,0.,1.));
#11417=DIRECTION('',(0.661714461660091,0.749755941110103,0.));
#11418=DIRECTION('',(-0.781875443938796,0.623434671930837,0.));
#11419=DIRECTION('',(-0.623434671930837,-0.781875443938796,0.));
#11420=DIRECTION('',(-0.623434671930837,-0.781875443938796,0.));
#11421=DIRECTION('',(0.,0.,1.));
#11422=DIRECTION('',(0.623434671930837,0.781875443938796,0.));
#11423=DIRECTION('',(-0.811906979206251,0.58378682506218,0.));
#11424=DIRECTION('',(-0.58378682506218,-0.811906979206251,0.));
#11425=DIRECTION('',(-0.58378682506218,-0.811906979206251,0.));
#11426=DIRECTION('',(0.,0.,1.));
#11427=DIRECTION('',(0.58378682506218,0.811906979206251,0.));
#11428=DIRECTION('',(-0.840045631671311,0.542515747891201,0.));
#11429=DIRECTION('',(-0.542515747891201,-0.840045631671311,0.));
#11430=DIRECTION('',(-0.542515747891201,-0.840045631671311,0.));
#11431=DIRECTION('',(0.,0.,-1.));
#11432=DIRECTION('',(0.542515747891201,0.840045631671311,0.));
#11433=DIRECTION('',(-0.866030441664483,0.499991274034279,0.));
#11434=DIRECTION('',(-0.499991274034279,-0.866030441664483,0.));
#11435=DIRECTION('',(-0.499991274034279,-0.866030441664483,0.));
#11436=DIRECTION('',(0.,0.,-1.));
#11437=DIRECTION('',(0.499991274034279,0.866030441664483,0.));
#11438=DIRECTION('',(-0.889851199620577,0.456250854830783,0.));
#11439=DIRECTION('',(-0.456250854830783,-0.889851199620577,0.));
#11440=DIRECTION('',(-0.456250854830783,-0.889851199620577,0.));
#11441=DIRECTION('',(0.,0.,1.));
#11442=DIRECTION('',(0.456250854830783,0.889851199620577,0.));
#11443=DIRECTION('',(-0.911521828928943,0.411251693474974,0.));
#11444=DIRECTION('',(-0.411251693474974,-0.911521828928943,0.));
#11445=DIRECTION('',(-0.411251693474974,-0.911521828928943,0.));
#11446=DIRECTION('',(0.,0.,1.));
#11447=DIRECTION('',(0.411251693474974,0.911521828928943,0.));
#11448=DIRECTION('',(-0.930850135498968,0.365401183962988,0.));
#11449=DIRECTION('',(-0.365401183962988,-0.930850135498968,0.));
#11450=DIRECTION('',(-0.365401183962988,-0.930850135498968,0.));
#11451=DIRECTION('',(0.,0.,-1.));
#11452=DIRECTION('',(0.365401183962988,0.930850135498968,0.));
#11453=DIRECTION('',(-0.94792858429015,0.31848296514205,0.));
#11454=DIRECTION('',(-0.31848296514205,-0.94792858429015,0.));
#11455=DIRECTION('',(0.31848296514205,0.94792858429015,0.));
#11456=DIRECTION('',(-0.31848296514205,-0.94792858429015,0.));
#11457=DIRECTION('',(0.,0.,-1.));
#11458=DIRECTION('',(-0.962647089218319,0.270759268760089,0.));
#11459=DIRECTION('',(-0.270759268760089,-0.962647089218319,0.));
#11460=DIRECTION('',(0.270759268760089,0.962647089218319,0.));
#11461=DIRECTION('',(-0.270759268760089,-0.962647089218319,0.));
#11462=DIRECTION('',(0.,0.,-1.));
#11463=DIRECTION('',(-0.974907307164268,0.222611191178062,0.));
#11464=DIRECTION('',(-0.222611191178062,-0.974907307164268,0.));
#11465=DIRECTION('',(0.,0.,1.));
#11466=DIRECTION('',(0.222611191178062,0.974907307164268,0.));
#11467=DIRECTION('',(-0.222611191178062,-0.974907307164268,0.));
#11468=DIRECTION('',(-0.98481913629766,0.17358360746894,0.));
#11469=DIRECTION('',(-0.17358360746894,-0.98481913629766,0.));
#11470=DIRECTION('',(-0.17358360746894,-0.98481913629766,0.));
#11471=DIRECTION('',(0.,0.,1.));
#11472=DIRECTION('',(0.17358360746894,0.98481913629766,0.));
#11473=DIRECTION('',(-0.992239067260075,0.124344816550009,0.));
#11474=DIRECTION('',(-0.124344816550009,-0.992239067260075,0.));
#11475=DIRECTION('',(-0.124344816550009,-0.992239067260075,0.));
#11476=DIRECTION('',(0.,0.,1.));
#11477=DIRECTION('',(0.124344816550009,0.992239067260075,0.));
#11478=DIRECTION('',(-0.997205536756013,0.074706876946851,0.));
#11479=DIRECTION('',(-0.074706876946851,-0.997205536756013,0.));
#11480=DIRECTION('',(0.074706876946851,0.997205536756013,0.));
#11481=DIRECTION('',(-0.074706876946851,-0.997205536756013,0.));
#11482=DIRECTION('',(0.,0.,-1.));
#11483=DIRECTION('',(-0.999688210209793,0.0249696289027448,0.));
#11484=DIRECTION('',(-0.0249696289027448,-0.999688210209793,0.));
#11485=DIRECTION('',(0.0249696289027448,0.999688210209793,0.));
#11486=DIRECTION('',(-0.0249696289027448,-0.999688210209793,0.));
#11487=DIRECTION('',(0.,0.,-1.));
#11488=DIRECTION('',(-0.999688210209793,-0.0249696289027448,0.));
#11489=DIRECTION('',(0.0249696289027448,-0.999688210209793,0.));
#11490=DIRECTION('',(-0.0249696289027448,0.999688210209793,0.));
#11491=DIRECTION('',(0.0249696289027448,-0.999688210209793,0.));
#11492=DIRECTION('',(0.,0.,-1.));
#11493=DIRECTION('',(-0.997205536756013,-0.074706876946851,0.));
#11494=DIRECTION('',(0.074706876946851,-0.997205536756013,0.));
#11495=DIRECTION('',(0.074706876946851,-0.997205536756013,0.));
#11496=DIRECTION('',(0.,0.,1.));
#11497=DIRECTION('',(-0.074706876946851,0.997205536756013,0.));
#11498=DIRECTION('',(-0.992239067260075,-0.124344816550009,0.));
#11499=DIRECTION('',(0.124344816550009,-0.992239067260075,0.));
#11500=DIRECTION('',(0.124344816550009,-0.992239067260075,0.));
#11501=DIRECTION('',(0.,0.,1.));
#11502=DIRECTION('',(-0.124344816550009,0.992239067260075,0.));
#11503=DIRECTION('',(-0.98481913629766,-0.17358360746894,0.));
#11504=DIRECTION('',(0.17358360746894,-0.98481913629766,0.));
#11505=DIRECTION('',(0.17358360746894,-0.98481913629766,0.));
#11506=DIRECTION('',(0.,0.,1.));
#11507=DIRECTION('',(-0.17358360746894,0.98481913629766,0.));
#11508=DIRECTION('',(-0.974907307164268,-0.222611191178062,0.));
#11509=DIRECTION('',(0.222611191178062,-0.974907307164268,0.));
#11510=DIRECTION('',(0.222611191178062,-0.974907307164268,0.));
#11511=DIRECTION('',(0.,0.,1.));
#11512=DIRECTION('',(-0.222611191178062,0.974907307164268,0.));
#11513=DIRECTION('',(-0.962647089218319,-0.270759268760089,0.));
#11514=DIRECTION('',(0.270759268760089,-0.962647089218319,0.));
#11515=DIRECTION('',(0.270759268760089,-0.962647089218319,0.));
#11516=DIRECTION('',(0.,0.,1.));
#11517=DIRECTION('',(-0.270759268760089,0.962647089218319,0.));
#11518=DIRECTION('',(-0.94792858429015,-0.31848296514205,0.));
#11519=DIRECTION('',(0.31848296514205,-0.94792858429015,0.));
#11520=DIRECTION('',(0.31848296514205,-0.94792858429015,0.));
#11521=DIRECTION('',(0.,0.,1.));
#11522=DIRECTION('',(-0.31848296514205,0.94792858429015,0.));
#11523=DIRECTION('',(-0.930850135498968,-0.365401183962988,0.));
#11524=DIRECTION('',(0.365401183962988,-0.930850135498968,0.));
#11525=DIRECTION('',(0.365401183962988,-0.930850135498968,0.));
#11526=DIRECTION('',(0.,0.,1.));
#11527=DIRECTION('',(-0.365401183962988,0.930850135498968,0.));
#11528=DIRECTION('',(-0.911521828928943,-0.411251693474974,0.));
#11529=DIRECTION('',(0.411251693474974,-0.911521828928943,0.));
#11530=DIRECTION('',(0.411251693474974,-0.911521828928943,0.));
#11531=DIRECTION('',(0.,0.,1.));
#11532=DIRECTION('',(-0.411251693474974,0.911521828928943,0.));
#11533=DIRECTION('',(-0.889851199620577,-0.456250854830783,0.));
#11534=DIRECTION('',(0.456250854830783,-0.889851199620577,0.));
#11535=DIRECTION('',(0.456250854830783,-0.889851199620577,0.));
#11536=DIRECTION('',(0.,0.,1.));
#11537=DIRECTION('',(-0.456250854830783,0.889851199620577,0.));
#11538=DIRECTION('',(-0.866030441664483,-0.499991274034279,0.));
#11539=DIRECTION('',(0.499991274034279,-0.866030441664483,0.));
#11540=DIRECTION('',(0.499991274034279,-0.866030441664483,0.));
#11541=DIRECTION('',(0.,0.,1.));
#11542=DIRECTION('',(-0.499991274034279,0.866030441664483,0.));
#11543=DIRECTION('',(-0.840045631671311,-0.542515747891201,0.));
#11544=DIRECTION('',(0.542515747891201,-0.840045631671311,0.));
#11545=DIRECTION('',(0.542515747891201,-0.840045631671311,0.));
#11546=DIRECTION('',(0.,0.,1.));
#11547=DIRECTION('',(-0.542515747891201,0.840045631671311,0.));
#11548=DIRECTION('',(-0.811906979206251,-0.58378682506218,0.));
#11549=DIRECTION('',(0.58378682506218,-0.811906979206251,0.));
#11550=DIRECTION('',(0.58378682506218,-0.811906979206251,0.));
#11551=DIRECTION('',(0.,0.,1.));
#11552=DIRECTION('',(-0.58378682506218,0.811906979206251,0.));
#11553=DIRECTION('',(-0.781875443938796,-0.623434671930837,0.));
#11554=DIRECTION('',(0.623434671930837,-0.781875443938796,0.));
#11555=DIRECTION('',(0.623434671930837,-0.781875443938796,0.));
#11556=DIRECTION('',(0.,0.,1.));
#11557=DIRECTION('',(-0.623434671930837,0.781875443938796,0.));
#11558=DIRECTION('',(-0.749755941110103,-0.661714461660091,0.));
#11559=DIRECTION('',(0.661714461660091,-0.749755941110103,0.));
#11560=DIRECTION('',(0.661714461660091,-0.749755941110103,0.));
#11561=DIRECTION('',(0.,0.,1.));
#11562=DIRECTION('',(-0.661714461660091,0.749755941110103,0.));
#11563=DIRECTION('',(-0.715827142579188,-0.698277525019183,0.));
#11564=DIRECTION('',(0.698277525019183,-0.715827142579188,0.));
#11565=DIRECTION('',(0.698277525019183,-0.715827142579188,0.));
#11566=DIRECTION('',(0.,0.,1.));
#11567=DIRECTION('',(-0.698277525019183,0.715827142579188,0.));
#11568=DIRECTION('',(-0.680189473190338,-0.733036343274364,0.));
#11569=DIRECTION('',(-0.733036343274364,0.680189473190338,0.));
#11570=DIRECTION('',(0.733036343274364,-0.680189473190338,0.));
#11571=DIRECTION('',(0.,0.,1.));
#11572=DIRECTION('',(-0.733036343274364,0.680189473190338,0.));
#11573=DIRECTION('',(-0.642794569832886,-0.766038602808864,0.));
#11574=DIRECTION('',(-0.766038602808864,0.642794569832886,0.));
#11575=DIRECTION('',(0.766038602808864,-0.642794569832886,0.));
#11576=DIRECTION('',(0.,0.,1.));
#11577=DIRECTION('',(-0.766038602808864,0.642794569832886,0.));
#11578=DIRECTION('',(-0.603859897420983,-0.797090474341978,0.));
#11579=DIRECTION('',(-0.797090474341978,0.603859897420983,0.));
#11580=DIRECTION('',(0.797090474341978,-0.603859897420983,0.));
#11581=DIRECTION('',(0.,0.,1.));
#11582=DIRECTION('',(-0.797090474341978,0.603859897420983,0.));
#11583=DIRECTION('',(-0.563255997026815,-0.826282446753729,0.));
#11584=DIRECTION('',(-0.826282446753729,0.563255997026815,0.));
#11585=DIRECTION('',(0.826282446753729,-0.563255997026815,0.));
#11586=DIRECTION('',(0.,0.,1.));
#11587=DIRECTION('',(-0.826282446753729,0.563255997026815,0.));
#11588=DIRECTION('',(-0.521453345897993,-0.853279794704989,0.));
#11589=DIRECTION('',(-0.853279794704989,0.521453345897993,0.));
#11590=DIRECTION('',(0.853279794704989,-0.521453345897993,0.));
#11591=DIRECTION('',(0.,0.,1.));
#11592=DIRECTION('',(-0.853279794704989,0.521453345897993,0.));
#11593=DIRECTION('',(-0.478231131388788,-0.87823401492461,0.));
#11594=DIRECTION('',(-0.87823401492461,0.478231131388788,0.));
#11595=DIRECTION('',(0.87823401492461,-0.478231131388788,0.));
#11596=DIRECTION('',(0.,0.,1.));
#11597=DIRECTION('',(-0.87823401492461,0.478231131388788,0.));
#11598=DIRECTION('',(-0.433899792640109,-0.900961136757225,0.));
#11599=DIRECTION('',(-0.900961136757225,0.433899792640109,0.));
#11600=DIRECTION('',(0.900961136757225,-0.433899792640109,0.));
#11601=DIRECTION('',(0.,0.,1.));
#11602=DIRECTION('',(-0.900961136757225,0.433899792640109,0.));
#11603=DIRECTION('',(-0.388471501980052,-0.921460738257123,0.));
#11604=DIRECTION('',(-0.921460738257123,0.388471501980052,0.));
#11605=DIRECTION('',(0.921460738257123,-0.388471501980052,0.));
#11606=DIRECTION('',(0.,0.,1.));
#11607=DIRECTION('',(-0.921460738257123,0.388471501980052,0.));
#11608=DIRECTION('',(-0.341955082492061,-0.939716298442167,0.));
#11609=DIRECTION('',(-0.939716298442167,0.341955082492061,0.));
#11610=DIRECTION('',(0.939716298442167,-0.341955082492061,0.));
#11611=DIRECTION('',(0.,0.,1.));
#11612=DIRECTION('',(-0.939716298442167,0.341955082492061,0.));
#11613=DIRECTION('',(-0.294813877852885,-0.955554696197629,0.));
#11614=DIRECTION('',(-0.955554696197629,0.294813877852885,0.));
#11615=DIRECTION('',(0.955554696197629,-0.294813877852885,0.));
#11616=DIRECTION('',(0.,0.,1.));
#11617=DIRECTION('',(-0.955554696197629,0.294813877852885,0.));
#11618=DIRECTION('',(-0.246782033204951,-0.969071012922805,0.));
#11619=DIRECTION('',(-0.969071012922805,0.246782033204951,0.));
#11620=DIRECTION('',(0.969071012922805,-0.246782033204951,0.));
#11621=DIRECTION('',(0.,0.,1.));
#11622=DIRECTION('',(-0.969071012922805,0.246782033204951,0.));
#11623=DIRECTION('',(-0.198148354028059,-0.980172040917293,0.));
#11624=DIRECTION('',(-0.980172040917293,0.198148354028059,0.));
#11625=DIRECTION('',(0.980172040917293,-0.198148354028059,0.));
#11626=DIRECTION('',(0.,0.,1.));
#11627=DIRECTION('',(-0.980172040917293,0.198148354028059,0.));
#11628=DIRECTION('',(-0.149014013872006,-0.988835084162042,0.));
#11629=DIRECTION('',(-0.988835084162042,0.149014013872006,0.));
#11630=DIRECTION('',(0.988835084162042,-0.149014013872006,0.));
#11631=DIRECTION('',(0.,0.,1.));
#11632=DIRECTION('',(-0.988835084162042,0.149014013872006,0.));
#11633=DIRECTION('',(-0.0995763457497614,-0.995029924860114,0.));
#11634=DIRECTION('',(-0.995029924860114,0.0995763457497614,0.));
#11635=DIRECTION('',(0.995029924860114,-0.0995763457497614,0.));
#11636=DIRECTION('',(0.,0.,1.));
#11637=DIRECTION('',(-0.995029924860114,0.0995763457497614,0.));
#11638=DIRECTION('',(-0.0498378327625508,-0.998757323089815,0.));
#11639=DIRECTION('',(-0.998757323089815,0.0498378327625508,0.));
#11640=DIRECTION('',(0.998757323089815,-0.0498378327625508,0.));
#11641=DIRECTION('',(0.,0.,1.));
#11642=DIRECTION('',(-0.998757323089815,0.0498378327625508,0.));
#11643=DIRECTION('',(0.,-1.,0.));
#11644=DIRECTION('',(0.,0.,-1.));
#11645=DIRECTION('',(0.,0.,-1.));
#11646=DIRECTION('',(-1.,0.,0.));
#11647=DIRECTION('',(1.,0.,0.));
#11648=DIRECTION('',(0.0498372154307192,-0.998757353894384,0.));
#11649=DIRECTION('',(-0.998757353894384,-0.0498372154307192,0.));
#11650=DIRECTION('',(0.998757353894384,0.0498372154307192,0.));
#11651=DIRECTION('',(0.,0.,1.));
#11652=DIRECTION('',(-0.998757353894384,-0.0498372154307192,0.));
#11653=DIRECTION('',(0.099573073873986,-0.99503025228346,0.));
#11654=DIRECTION('',(-0.99503025228346,-0.099573073873986,0.));
#11655=DIRECTION('',(0.99503025228346,0.099573073873986,0.));
#11656=DIRECTION('',(0.,0.,-1.));
#11657=DIRECTION('',(-0.99503025228346,-0.099573073873986,0.));
#11658=DIRECTION('',(0.14901264876695,-0.988835289877671,0.));
#11659=DIRECTION('',(-0.988835289877671,-0.14901264876695,0.));
#11660=DIRECTION('',(0.988835289877671,0.14901264876695,0.));
#11661=DIRECTION('',(0.,0.,-1.));
#11662=DIRECTION('',(-0.988835289877671,-0.14901264876695,0.));
#11663=DIRECTION('',(0.198159730998915,-0.980169740917581,0.));
#11664=DIRECTION('',(-0.980169740917581,-0.198159730998915,0.));
#11665=DIRECTION('',(0.,0.,-1.));
#11666=DIRECTION('',(-0.980169740917581,-0.198159730998915,0.));
#11667=DIRECTION('',(0.980169740917581,0.198159730998915,0.));
#11668=DIRECTION('',(0.246780460879093,-0.969071413327368,0.));
#11669=DIRECTION('',(-0.969071413327368,-0.246780460879093,0.));
#11670=DIRECTION('',(0.969071413327368,0.246780460879093,0.));
#11671=DIRECTION('',(0.,0.,-1.));
#11672=DIRECTION('',(-0.969071413327368,-0.246780460879093,0.));
#11673=DIRECTION('',(0.294819097625103,-0.955553085744335,0.));
#11674=DIRECTION('',(-0.955553085744335,-0.294819097625103,0.));
#11675=DIRECTION('',(-0.955553085744335,-0.294819097625103,0.));
#11676=DIRECTION('',(0.955553085744335,0.294819097625103,0.));
#11677=DIRECTION('',(0.,0.,1.));
#11678=DIRECTION('',(0.341955082492061,-0.939716298442167,0.));
#11679=DIRECTION('',(-0.939716298442167,-0.341955082492061,0.));
#11680=DIRECTION('',(0.939716298442167,0.341955082492061,0.));
#11681=DIRECTION('',(0.,0.,1.));
#11682=DIRECTION('',(-0.939716298442167,-0.341955082492061,0.));
#11683=DIRECTION('',(0.388479204370934,-0.921457491027842,0.));
#11684=DIRECTION('',(-0.921457491027842,-0.388479204370934,0.));
#11685=DIRECTION('',(-0.921457491027842,-0.388479204370934,0.));
#11686=DIRECTION('',(0.921457491027842,0.388479204370934,0.));
#11687=DIRECTION('',(0.,0.,-1.));
#11688=DIRECTION('',(0.433888110083133,-0.900966762943277,0.));
#11689=DIRECTION('',(-0.900966762943277,-0.433888110083133,0.));
#11690=DIRECTION('',(0.,0.,-1.));
#11691=DIRECTION('',(-0.900966762943277,-0.433888110083133,0.));
#11692=DIRECTION('',(0.900966762943277,0.433888110083133,0.));
#11693=DIRECTION('',(0.478231131388788,-0.87823401492461,0.));
#11694=DIRECTION('',(-0.87823401492461,-0.478231131388788,0.));
#11695=DIRECTION('',(0.,0.,1.));
#11696=DIRECTION('',(-0.87823401492461,-0.478231131388788,0.));
#11697=DIRECTION('',(0.87823401492461,0.478231131388788,0.));
#11698=DIRECTION('',(0.521453345897993,-0.853279794704989,0.));
#11699=DIRECTION('',(-0.853279794704989,-0.521453345897993,0.));
#11700=DIRECTION('',(-0.853279794704989,-0.521453345897993,0.));
#11701=DIRECTION('',(0.853279794704989,0.521453345897993,0.));
#11702=DIRECTION('',(0.,0.,-1.));
#11703=DIRECTION('',(0.563255997026815,-0.826282446753729,0.));
#11704=DIRECTION('',(-0.826282446753729,-0.563255997026815,0.));
#11705=DIRECTION('',(0.,0.,-1.));
#11706=DIRECTION('',(-0.826282446753729,-0.563255997026815,0.));
#11707=DIRECTION('',(0.826282446753729,0.563255997026815,0.));
#11708=DIRECTION('',(0.603859897420983,-0.797090474341978,0.));
#11709=DIRECTION('',(-0.797090474341978,-0.603859897420983,0.));
#11710=DIRECTION('',(0.797090474341978,0.603859897420983,0.));
#11711=DIRECTION('',(0.,0.,1.));
#11712=DIRECTION('',(-0.797090474341978,-0.603859897420983,0.));
#11713=DIRECTION('',(0.642794569832885,-0.766038602808864,0.));
#11714=DIRECTION('',(-0.766038602808864,-0.642794569832885,0.));
#11715=DIRECTION('',(0.766038602808864,0.642794569832885,0.));
#11716=DIRECTION('',(0.,0.,1.));
#11717=DIRECTION('',(-0.766038602808864,-0.642794569832885,0.));
#11718=DIRECTION('',(0.680189473190338,-0.733036343274364,0.));
#11719=DIRECTION('',(-0.733036343274364,-0.680189473190338,0.));
#11720=DIRECTION('',(0.733036343274364,0.680189473190338,0.));
#11721=DIRECTION('',(0.,0.,-1.));
#11722=DIRECTION('',(-0.733036343274364,-0.680189473190338,0.));
#11723=DIRECTION('',(0.715827142579188,-0.698277525019183,0.));
#11724=DIRECTION('',(0.698277525019183,0.715827142579188,0.));
#11725=DIRECTION('',(0.,0.,-1.));
#11726=DIRECTION('',(-0.698277525019183,-0.715827142579188,0.));
#11727=DIRECTION('',(0.698277525019183,0.715827142579188,0.));
#11728=DIRECTION('',(0.749755941110103,-0.661714461660091,0.));
#11729=DIRECTION('',(0.661714461660091,0.749755941110103,0.));
#11730=DIRECTION('',(0.661714461660091,0.749755941110103,0.));
#11731=DIRECTION('',(0.,0.,1.));
#11732=DIRECTION('',(-0.661714461660091,-0.749755941110103,0.));
#11733=DIRECTION('',(0.781875443938796,-0.623434671930837,0.));
#11734=DIRECTION('',(0.623434671930837,0.781875443938796,0.));
#11735=DIRECTION('',(0.623434671930837,0.781875443938796,0.));
#11736=DIRECTION('',(0.,0.,1.));
#11737=DIRECTION('',(-0.623434671930837,-0.781875443938796,0.));
#11738=DIRECTION('',(0.811906979206251,-0.58378682506218,0.));
#11739=DIRECTION('',(0.58378682506218,0.811906979206251,0.));
#11740=DIRECTION('',(0.58378682506218,0.811906979206251,0.));
#11741=DIRECTION('',(0.,0.,1.));
#11742=DIRECTION('',(-0.58378682506218,-0.811906979206251,0.));
#11743=DIRECTION('',(0.840045631671311,-0.542515747891201,0.));
#11744=DIRECTION('',(0.542515747891201,0.840045631671311,0.));
#11745=DIRECTION('',(0.542515747891201,0.840045631671311,0.));
#11746=DIRECTION('',(0.,0.,-1.));
#11747=DIRECTION('',(-0.542515747891201,-0.840045631671311,0.));
#11748=DIRECTION('',(0.866030441664483,-0.499991274034279,0.));
#11749=DIRECTION('',(0.499991274034279,0.866030441664483,0.));
#11750=DIRECTION('',(0.499991274034279,0.866030441664483,0.));
#11751=DIRECTION('',(0.,0.,-1.));
#11752=DIRECTION('',(-0.499991274034279,-0.866030441664483,0.));
#11753=DIRECTION('',(0.889851199620577,-0.456250854830783,0.));
#11754=DIRECTION('',(0.456250854830783,0.889851199620577,0.));
#11755=DIRECTION('',(0.456250854830783,0.889851199620577,0.));
#11756=DIRECTION('',(0.,0.,1.));
#11757=DIRECTION('',(-0.456250854830783,-0.889851199620577,0.));
#11758=DIRECTION('',(0.911521828928943,-0.411251693474974,0.));
#11759=DIRECTION('',(0.411251693474974,0.911521828928943,0.));
#11760=DIRECTION('',(0.411251693474974,0.911521828928943,0.));
#11761=DIRECTION('',(0.,0.,1.));
#11762=DIRECTION('',(-0.411251693474974,-0.911521828928943,0.));
#11763=DIRECTION('',(0.930850135498968,-0.365401183962988,0.));
#11764=DIRECTION('',(0.365401183962988,0.930850135498968,0.));
#11765=DIRECTION('',(0.365401183962988,0.930850135498968,0.));
#11766=DIRECTION('',(0.,0.,-1.));
#11767=DIRECTION('',(-0.365401183962988,-0.930850135498968,0.));
#11768=DIRECTION('',(0.94792858429015,-0.31848296514205,0.));
#11769=DIRECTION('',(0.31848296514205,0.94792858429015,0.));
#11770=DIRECTION('',(-0.31848296514205,-0.94792858429015,0.));
#11771=DIRECTION('',(0.31848296514205,0.94792858429015,0.));
#11772=DIRECTION('',(0.,0.,-1.));
#11773=DIRECTION('',(0.962647089218319,-0.270759268760089,0.));
#11774=DIRECTION('',(0.270759268760089,0.962647089218319,0.));
#11775=DIRECTION('',(-0.270759268760089,-0.962647089218319,0.));
#11776=DIRECTION('',(0.270759268760089,0.962647089218319,0.));
#11777=DIRECTION('',(0.,0.,-1.));
#11778=DIRECTION('',(0.974928835494845,-0.222516888618964,0.));
#11779=DIRECTION('',(0.222516888618964,0.974928835494845,0.));
#11780=DIRECTION('',(0.222516888618964,0.974928835494845,0.));
#11781=DIRECTION('',(0.,0.,1.));
#11782=DIRECTION('',(-0.222516888618964,-0.974928835494845,0.));
#11783=DIRECTION('',(0.984801556869328,-0.173683314074058,0.));
#11784=DIRECTION('',(0.173683314074058,0.984801556869328,0.));
#11785=DIRECTION('',(0.173683314074058,0.984801556869328,0.));
#11786=DIRECTION('',(0.,0.,-1.));
#11787=DIRECTION('',(-0.173683314074058,-0.984801556869328,0.));
#11788=DIRECTION('',(0.992239067260075,-0.124344816550009,0.));
#11789=DIRECTION('',(0.124344816550009,0.992239067260075,0.));
#11790=DIRECTION('',(-0.124344816550009,-0.992239067260075,0.));
#11791=DIRECTION('',(0.124344816550009,0.992239067260075,0.));
#11792=DIRECTION('',(0.,0.,-1.));
#11793=DIRECTION('',(0.997205536756013,-0.074706876946851,0.));
#11794=DIRECTION('',(0.074706876946851,0.997205536756013,0.));
#11795=DIRECTION('',(0.074706876946851,0.997205536756013,0.));
#11796=DIRECTION('',(0.,0.,-1.));
#11797=DIRECTION('',(-0.074706876946851,-0.997205536756013,0.));
#11798=DIRECTION('',(0.999688210209793,-0.0249696289027448,0.));
#11799=DIRECTION('',(0.0249696289027448,0.999688210209793,0.));
#11800=DIRECTION('',(0.0249696289027448,0.999688210209793,0.));
#11801=DIRECTION('',(0.,0.,1.));
#11802=DIRECTION('',(-0.0249696289027448,-0.999688210209793,0.));
#11803=DIRECTION('',(0.999688210209793,0.0249696289027448,0.));
#11804=DIRECTION('',(-0.0249696289027448,0.999688210209793,0.));
#11805=DIRECTION('',(-0.0249696289027448,0.999688210209793,0.));
#11806=DIRECTION('',(0.,0.,1.));
#11807=DIRECTION('',(0.0249696289027448,-0.999688210209793,0.));
#11808=DIRECTION('',(0.997205536756013,0.074706876946851,0.));
#11809=DIRECTION('',(-0.074706876946851,0.997205536756013,0.));
#11810=DIRECTION('',(-0.074706876946851,0.997205536756013,0.));
#11811=DIRECTION('',(0.,0.,1.));
#11812=DIRECTION('',(0.074706876946851,-0.997205536756013,0.));
#11813=DIRECTION('',(0.992239067260075,0.124344816550009,0.));
#11814=DIRECTION('',(-0.124344816550009,0.992239067260075,0.));
#11815=DIRECTION('',(-0.124344816550009,0.992239067260075,0.));
#11816=DIRECTION('',(0.,0.,1.));
#11817=DIRECTION('',(0.124344816550009,-0.992239067260075,0.));
#11818=DIRECTION('',(0.984801556869328,0.173683314074058,0.));
#11819=DIRECTION('',(-0.173683314074058,0.984801556869328,0.));
#11820=DIRECTION('',(-0.173683314074058,0.984801556869328,0.));
#11821=DIRECTION('',(0.,0.,1.));
#11822=DIRECTION('',(0.173683314074058,-0.984801556869328,0.));
#11823=DIRECTION('',(0.974928835494845,0.222516888618964,0.));
#11824=DIRECTION('',(-0.222516888618964,0.974928835494845,0.));
#11825=DIRECTION('',(-0.222516888618964,0.974928835494845,0.));
#11826=DIRECTION('',(0.,0.,-1.));
#11827=DIRECTION('',(0.222516888618964,-0.974928835494845,0.));
#11828=DIRECTION('',(0.962647089218319,0.270759268760089,0.));
#11829=DIRECTION('',(-0.270759268760089,0.962647089218319,0.));
#11830=DIRECTION('',(-0.270759268760089,0.962647089218319,0.));
#11831=DIRECTION('',(0.,0.,1.));
#11832=DIRECTION('',(0.270759268760089,-0.962647089218319,0.));
#11833=DIRECTION('',(0.94792858429015,0.31848296514205,0.));
#11834=DIRECTION('',(-0.31848296514205,0.94792858429015,0.));
#11835=DIRECTION('',(-0.31848296514205,0.94792858429015,0.));
#11836=DIRECTION('',(0.,0.,-1.));
#11837=DIRECTION('',(0.31848296514205,-0.94792858429015,0.));
#11838=DIRECTION('',(0.930850135498968,0.365401183962988,0.));
#11839=DIRECTION('',(-0.365401183962988,0.930850135498968,0.));
#11840=DIRECTION('',(0.365401183962988,-0.930850135498968,0.));
#11841=DIRECTION('',(-0.365401183962988,0.930850135498968,0.));
#11842=DIRECTION('',(0.,0.,-1.));
#11843=DIRECTION('',(0.911521828928943,0.411251693474974,0.));
#11844=DIRECTION('',(-0.411251693474974,0.911521828928943,0.));
#11845=DIRECTION('',(-0.411251693474974,0.911521828928943,0.));
#11846=DIRECTION('',(0.,0.,1.));
#11847=DIRECTION('',(0.411251693474974,-0.911521828928943,0.));
#11848=DIRECTION('',(0.889851199620577,0.456250854830783,0.));
#11849=DIRECTION('',(-0.456250854830783,0.889851199620577,0.));
#11850=DIRECTION('',(0.456250854830783,-0.889851199620577,0.));
#11851=DIRECTION('',(-0.456250854830783,0.889851199620577,0.));
#11852=DIRECTION('',(0.,0.,1.));
#11853=DIRECTION('',(0.866030441664483,0.499991274034279,0.));
#11854=DIRECTION('',(-0.499991274034279,0.866030441664483,0.));
#11855=DIRECTION('',(-0.499991274034279,0.866030441664483,0.));
#11856=DIRECTION('',(0.,0.,1.));
#11857=DIRECTION('',(0.499991274034279,-0.866030441664483,0.));
#11858=DIRECTION('',(0.840045631671311,0.542515747891201,0.));
#11859=DIRECTION('',(-0.542515747891201,0.840045631671311,0.));
#11860=DIRECTION('',(-0.542515747891201,0.840045631671311,0.));
#11861=DIRECTION('',(0.,0.,-1.));
#11862=DIRECTION('',(0.542515747891201,-0.840045631671311,0.));
#11863=DIRECTION('',(0.811906979206251,0.58378682506218,0.));
#11864=DIRECTION('',(-0.58378682506218,0.811906979206251,0.));
#11865=DIRECTION('',(0.,0.,-1.));
#11866=DIRECTION('',(0.58378682506218,-0.811906979206251,0.));
#11867=DIRECTION('',(-0.58378682506218,0.811906979206251,0.));
#11868=DIRECTION('',(0.781875443938796,0.623434671930837,0.));
#11869=DIRECTION('',(-0.623434671930837,0.781875443938796,0.));
#11870=DIRECTION('',(0.623434671930837,-0.781875443938796,0.));
#11871=DIRECTION('',(-0.623434671930837,0.781875443938796,0.));
#11872=DIRECTION('',(0.341955082492061,0.939716298442167,0.));
#11873=DIRECTION('',(0.939716298442167,-0.341955082492061,0.));
#11874=DIRECTION('',(0.,0.,1.));
#11875=DIRECTION('',(-0.939716298442167,0.341955082492061,0.));
#11876=DIRECTION('',(0.,0.,-1.));
#11877=DIRECTION('',(0.939716298442167,-0.341955082492061,0.));
#11878=DIRECTION('',(0.294813877852885,0.955554696197629,0.));
#11879=DIRECTION('',(0.955554696197629,-0.294813877852885,0.));
#11880=DIRECTION('',(-0.955554696197629,0.294813877852885,0.));
#11881=DIRECTION('',(0.,0.,1.));
#11882=DIRECTION('',(0.955554696197629,-0.294813877852885,0.));
#11883=DIRECTION('',(0.246782033204951,0.969071012922805,0.));
#11884=DIRECTION('',(0.969071012922805,-0.246782033204951,0.));
#11885=DIRECTION('',(-0.969071012922805,0.246782033204951,0.));
#11886=DIRECTION('',(0.,0.,1.));
#11887=DIRECTION('',(0.969071012922805,-0.246782033204951,0.));
#11888=DIRECTION('',(0.198159730998915,0.980169740917581,0.));
#11889=DIRECTION('',(0.980169740917581,-0.198159730998915,0.));
#11890=DIRECTION('',(-0.980169740917581,0.198159730998915,0.));
#11891=DIRECTION('',(0.,0.,1.));
#11892=DIRECTION('',(0.980169740917581,-0.198159730998915,0.));
#11893=DIRECTION('',(0.149014013872006,0.988835084162042,0.));
#11894=DIRECTION('',(0.988835084162042,-0.149014013872006,0.));
#11895=DIRECTION('',(0.988835084162043,-0.149014013872006,0.));
#11896=DIRECTION('',(-0.988835084162043,0.149014013872006,0.));
#11897=DIRECTION('',(0.,0.,-1.));
#11898=DIRECTION('',(0.0995763457497614,0.995029924860114,0.));
#11899=DIRECTION('',(0.995029924860114,-0.0995763457497614,0.));
#11900=DIRECTION('',(0.995029924860114,-0.0995763457497614,0.));
#11901=DIRECTION('',(-0.995029924860114,0.0995763457497614,0.));
#11902=DIRECTION('',(0.,0.,-1.));
#11903=DIRECTION('',(0.0498378327625507,0.998757323089814,0.));
#11904=DIRECTION('',(0.998757323089814,-0.0498378327625507,0.));
#11905=DIRECTION('',(0.,0.,-1.));
#11906=DIRECTION('',(0.998757323089814,-0.0498378327625507,0.));
#11907=DIRECTION('',(-0.998757323089814,0.0498378327625507,0.));
#11908=DIRECTION('',(0.,1.,0.));
#11909=DIRECTION('',(0.,0.,1.));
#11910=DIRECTION('',(0.,0.,-1.));
#11911=DIRECTION('',(1.,0.,0.));
#11912=DIRECTION('',(-1.,0.,0.));
#11913=DIRECTION('',(-0.0498372154307192,0.998757353894384,0.));
#11914=DIRECTION('',(0.998757353894384,0.0498372154307192,0.));
#11915=DIRECTION('',(-0.998757353894384,-0.0498372154307192,0.));
#11916=DIRECTION('',(0.,0.,1.));
#11917=DIRECTION('',(0.998757353894384,0.0498372154307192,0.));
#11918=DIRECTION('',(-0.099573073873986,0.99503025228346,0.));
#11919=DIRECTION('',(0.99503025228346,0.099573073873986,0.));
#11920=DIRECTION('',(-0.99503025228346,-0.099573073873986,0.));
#11921=DIRECTION('',(0.,0.,-1.));
#11922=DIRECTION('',(0.99503025228346,0.099573073873986,0.));
#11923=DIRECTION('',(-0.14901264876695,0.988835289877671,0.));
#11924=DIRECTION('',(0.988835289877671,0.14901264876695,0.));
#11925=DIRECTION('',(-0.988835289877671,-0.14901264876695,0.));
#11926=DIRECTION('',(0.,0.,-1.));
#11927=DIRECTION('',(0.988835289877671,0.14901264876695,0.));
#11928=DIRECTION('',(-0.198148354028059,0.980172040917293,0.));
#11929=DIRECTION('',(0.980172040917293,0.198148354028059,0.));
#11930=DIRECTION('',(0.,0.,-1.));
#11931=DIRECTION('',(0.980172040917293,0.198148354028059,0.));
#11932=DIRECTION('',(-0.980172040917293,-0.198148354028059,0.));
#11933=DIRECTION('',(-0.246780460879093,0.969071413327368,0.));
#11934=DIRECTION('',(0.969071413327368,0.246780460879093,0.));
#11935=DIRECTION('',(-0.969071413327368,-0.246780460879093,0.));
#11936=DIRECTION('',(0.,0.,-1.));
#11937=DIRECTION('',(0.969071413327368,0.246780460879093,0.));
#11938=DIRECTION('',(-0.294819097625103,0.955553085744335,0.));
#11939=DIRECTION('',(0.955553085744335,0.294819097625103,0.));
#11940=DIRECTION('',(0.955553085744335,0.294819097625103,0.));
#11941=DIRECTION('',(-0.955553085744335,-0.294819097625103,0.));
#11942=DIRECTION('',(0.,0.,1.));
#11943=DIRECTION('',(-0.341955082492061,0.939716298442167,0.));
#11944=DIRECTION('',(0.939716298442167,0.341955082492061,0.));
#11945=DIRECTION('',(-0.939716298442167,-0.341955082492061,0.));
#11946=DIRECTION('',(0.,0.,1.));
#11947=DIRECTION('',(0.939716298442167,0.341955082492061,0.));
#11948=DIRECTION('',(-0.388471501980052,0.921460738257123,0.));
#11949=DIRECTION('',(0.921460738257123,0.388471501980052,0.));
#11950=DIRECTION('',(0.921460738257123,0.388471501980052,0.));
#11951=DIRECTION('',(-0.921460738257123,-0.388471501980052,0.));
#11952=DIRECTION('',(0.,0.,-1.));
#11953=DIRECTION('',(-0.433899792640109,0.900961136757225,0.));
#11954=DIRECTION('',(0.900961136757225,0.433899792640109,0.));
#11955=DIRECTION('',(0.,0.,-1.));
#11956=DIRECTION('',(0.900961136757225,0.433899792640109,0.));
#11957=DIRECTION('',(-0.900961136757225,-0.433899792640109,0.));
#11958=DIRECTION('',(-0.478231131388788,0.87823401492461,0.));
#11959=DIRECTION('',(0.87823401492461,0.478231131388788,0.));
#11960=DIRECTION('',(0.,0.,1.));
#11961=DIRECTION('',(0.87823401492461,0.478231131388788,0.));
#11962=DIRECTION('',(-0.87823401492461,-0.478231131388788,0.));
#11963=DIRECTION('',(-0.521453345897993,0.853279794704989,0.));
#11964=DIRECTION('',(0.853279794704989,0.521453345897993,0.));
#11965=DIRECTION('',(-0.853279794704989,-0.521453345897993,0.));
#11966=DIRECTION('',(0.,0.,1.));
#11967=DIRECTION('',(0.853279794704989,0.521453345897993,0.));
#11968=DIRECTION('',(-0.563255997026815,0.826282446753729,0.));
#11969=DIRECTION('',(0.826282446753729,0.563255997026815,0.));
#11970=DIRECTION('',(-0.826282446753729,-0.563255997026815,0.));
#11971=DIRECTION('',(0.,0.,-1.));
#11972=DIRECTION('',(0.826282446753729,0.563255997026815,0.));
#11973=DIRECTION('',(-0.603859897420983,0.797090474341978,0.));
#11974=DIRECTION('',(0.797090474341978,0.603859897420983,0.));
#11975=DIRECTION('',(-0.797090474341978,-0.603859897420983,0.));
#11976=DIRECTION('',(0.,0.,1.));
#11977=DIRECTION('',(0.797090474341978,0.603859897420983,0.));
#11978=DIRECTION('',(-0.642794569832886,0.766038602808864,0.));
#11979=DIRECTION('',(0.766038602808864,0.642794569832886,0.));
#11980=DIRECTION('',(-0.766038602808864,-0.642794569832886,0.));
#11981=DIRECTION('',(0.,0.,-1.));
#11982=DIRECTION('',(0.766038602808864,0.642794569832886,0.));
#11983=DIRECTION('',(-0.680189473190338,0.733036343274364,0.));
#11984=DIRECTION('',(0.733036343274364,0.680189473190338,0.));
#11985=DIRECTION('',(-0.733036343274364,-0.680189473190338,0.));
#11986=DIRECTION('',(0.,0.,-1.));
#11987=DIRECTION('',(0.733036343274364,0.680189473190338,0.));
#11988=DIRECTION('',(-0.715827142579188,0.698277525019183,0.));
#11989=DIRECTION('',(-0.698277525019183,-0.715827142579188,0.));
#11990=DIRECTION('',(0.,0.,-1.));
#11991=DIRECTION('',(0.698277525019183,0.715827142579188,0.));
#11992=DIRECTION('',(-0.698277525019183,-0.715827142579188,0.));
#11993=DIRECTION('',(-0.749755941110103,0.661714461660091,0.));
#11994=DIRECTION('',(-0.661714461660091,-0.749755941110103,0.));
#11995=DIRECTION('',(-0.661714461660091,-0.749755941110103,0.));
#11996=DIRECTION('',(0.,0.,1.));
#11997=DIRECTION('',(0.661714461660091,0.749755941110103,0.));
#11998=DIRECTION('',(-0.781875443938796,0.623434671930837,0.));
#11999=DIRECTION('',(-0.623434671930837,-0.781875443938796,0.));
#12000=DIRECTION('',(-0.623434671930837,-0.781875443938796,0.));
#12001=DIRECTION('',(0.,0.,1.));
#12002=DIRECTION('',(0.623434671930837,0.781875443938796,0.));
#12003=DIRECTION('',(-0.811906979206251,0.58378682506218,0.));
#12004=DIRECTION('',(-0.58378682506218,-0.811906979206251,0.));
#12005=DIRECTION('',(-0.58378682506218,-0.811906979206251,0.));
#12006=DIRECTION('',(0.,0.,1.));
#12007=DIRECTION('',(0.58378682506218,0.811906979206251,0.));
#12008=DIRECTION('',(-0.840045631671311,0.542515747891201,0.));
#12009=DIRECTION('',(-0.542515747891201,-0.840045631671311,0.));
#12010=DIRECTION('',(-0.542515747891201,-0.840045631671311,0.));
#12011=DIRECTION('',(0.,0.,-1.));
#12012=DIRECTION('',(0.542515747891201,0.840045631671311,0.));
#12013=DIRECTION('',(-0.866030441664483,0.499991274034279,0.));
#12014=DIRECTION('',(-0.499991274034279,-0.866030441664483,0.));
#12015=DIRECTION('',(-0.499991274034279,-0.866030441664483,0.));
#12016=DIRECTION('',(0.,0.,-1.));
#12017=DIRECTION('',(0.499991274034279,0.866030441664483,0.));
#12018=DIRECTION('',(-0.889851199620577,0.456250854830783,0.));
#12019=DIRECTION('',(-0.456250854830783,-0.889851199620577,0.));
#12020=DIRECTION('',(-0.456250854830783,-0.889851199620577,0.));
#12021=DIRECTION('',(0.,0.,1.));
#12022=DIRECTION('',(0.456250854830783,0.889851199620577,0.));
#12023=DIRECTION('',(-0.911521828928943,0.411251693474974,0.));
#12024=DIRECTION('',(-0.411251693474974,-0.911521828928943,0.));
#12025=DIRECTION('',(-0.411251693474974,-0.911521828928943,0.));
#12026=DIRECTION('',(0.,0.,1.));
#12027=DIRECTION('',(0.411251693474974,0.911521828928943,0.));
#12028=DIRECTION('',(-0.930850135498968,0.365401183962988,0.));
#12029=DIRECTION('',(-0.365401183962988,-0.930850135498968,0.));
#12030=DIRECTION('',(-0.365401183962988,-0.930850135498968,0.));
#12031=DIRECTION('',(0.,0.,-1.));
#12032=DIRECTION('',(0.365401183962988,0.930850135498968,0.));
#12033=DIRECTION('',(-0.94792858429015,0.31848296514205,0.));
#12034=DIRECTION('',(-0.31848296514205,-0.94792858429015,0.));
#12035=DIRECTION('',(0.31848296514205,0.94792858429015,0.));
#12036=DIRECTION('',(-0.31848296514205,-0.94792858429015,0.));
#12037=DIRECTION('',(0.,0.,-1.));
#12038=DIRECTION('',(-0.962647089218319,0.270759268760089,0.));
#12039=DIRECTION('',(-0.270759268760089,-0.962647089218319,0.));
#12040=DIRECTION('',(0.270759268760089,0.962647089218319,0.));
#12041=DIRECTION('',(-0.270759268760089,-0.962647089218319,0.));
#12042=DIRECTION('',(0.,0.,-1.));
#12043=DIRECTION('',(-0.974907307164268,0.222611191178062,0.));
#12044=DIRECTION('',(-0.222611191178062,-0.974907307164268,0.));
#12045=DIRECTION('',(0.,0.,1.));
#12046=DIRECTION('',(0.222611191178062,0.974907307164268,0.));
#12047=DIRECTION('',(-0.222611191178062,-0.974907307164268,0.));
#12048=DIRECTION('',(-0.98481913629766,0.17358360746894,0.));
#12049=DIRECTION('',(-0.17358360746894,-0.98481913629766,0.));
#12050=DIRECTION('',(-0.17358360746894,-0.98481913629766,0.));
#12051=DIRECTION('',(0.,0.,1.));
#12052=DIRECTION('',(0.17358360746894,0.98481913629766,0.));
#12053=DIRECTION('',(-0.992239067260075,0.124344816550009,0.));
#12054=DIRECTION('',(-0.124344816550009,-0.992239067260075,0.));
#12055=DIRECTION('',(-0.124344816550009,-0.992239067260075,0.));
#12056=DIRECTION('',(0.,0.,1.));
#12057=DIRECTION('',(0.124344816550009,0.992239067260075,0.));
#12058=DIRECTION('',(-0.997205536756013,0.074706876946851,0.));
#12059=DIRECTION('',(-0.074706876946851,-0.997205536756013,0.));
#12060=DIRECTION('',(0.074706876946851,0.997205536756013,0.));
#12061=DIRECTION('',(-0.074706876946851,-0.997205536756013,0.));
#12062=DIRECTION('',(0.,0.,-1.));
#12063=DIRECTION('',(-0.999688210209793,0.0249696289027448,0.));
#12064=DIRECTION('',(-0.0249696289027448,-0.999688210209793,0.));
#12065=DIRECTION('',(0.0249696289027448,0.999688210209793,0.));
#12066=DIRECTION('',(-0.0249696289027448,-0.999688210209793,0.));
#12067=DIRECTION('',(0.,0.,-1.));
#12068=DIRECTION('',(-0.999688210209793,-0.0249696289027448,0.));
#12069=DIRECTION('',(0.0249696289027448,-0.999688210209793,0.));
#12070=DIRECTION('',(-0.0249696289027448,0.999688210209793,0.));
#12071=DIRECTION('',(0.0249696289027448,-0.999688210209793,0.));
#12072=DIRECTION('',(0.,0.,-1.));
#12073=DIRECTION('',(-0.997205536756013,-0.074706876946851,0.));
#12074=DIRECTION('',(0.074706876946851,-0.997205536756013,0.));
#12075=DIRECTION('',(0.074706876946851,-0.997205536756013,0.));
#12076=DIRECTION('',(0.,0.,1.));
#12077=DIRECTION('',(-0.074706876946851,0.997205536756013,0.));
#12078=DIRECTION('',(-0.992239067260075,-0.124344816550009,0.));
#12079=DIRECTION('',(0.124344816550009,-0.992239067260075,0.));
#12080=DIRECTION('',(0.124344816550009,-0.992239067260075,0.));
#12081=DIRECTION('',(0.,0.,1.));
#12082=DIRECTION('',(-0.124344816550009,0.992239067260075,0.));
#12083=DIRECTION('',(-0.98481913629766,-0.17358360746894,0.));
#12084=DIRECTION('',(0.17358360746894,-0.98481913629766,0.));
#12085=DIRECTION('',(0.17358360746894,-0.98481913629766,0.));
#12086=DIRECTION('',(0.,0.,1.));
#12087=DIRECTION('',(-0.17358360746894,0.98481913629766,0.));
#12088=DIRECTION('',(-0.974907307164268,-0.222611191178062,0.));
#12089=DIRECTION('',(0.222611191178062,-0.974907307164268,0.));
#12090=DIRECTION('',(0.222611191178062,-0.974907307164268,0.));
#12091=DIRECTION('',(0.,0.,1.));
#12092=DIRECTION('',(-0.222611191178062,0.974907307164268,0.));
#12093=DIRECTION('',(-0.962647089218319,-0.270759268760089,0.));
#12094=DIRECTION('',(0.270759268760089,-0.962647089218319,0.));
#12095=DIRECTION('',(0.270759268760089,-0.962647089218319,0.));
#12096=DIRECTION('',(0.,0.,1.));
#12097=DIRECTION('',(-0.270759268760089,0.962647089218319,0.));
#12098=DIRECTION('',(-0.94792858429015,-0.31848296514205,0.));
#12099=DIRECTION('',(0.31848296514205,-0.94792858429015,0.));
#12100=DIRECTION('',(0.31848296514205,-0.94792858429015,0.));
#12101=DIRECTION('',(0.,0.,1.));
#12102=DIRECTION('',(-0.31848296514205,0.94792858429015,0.));
#12103=DIRECTION('',(-0.930850135498968,-0.365401183962988,0.));
#12104=DIRECTION('',(0.365401183962988,-0.930850135498968,0.));
#12105=DIRECTION('',(0.365401183962988,-0.930850135498968,0.));
#12106=DIRECTION('',(0.,0.,1.));
#12107=DIRECTION('',(-0.365401183962988,0.930850135498968,0.));
#12108=DIRECTION('',(-0.911521828928943,-0.411251693474974,0.));
#12109=DIRECTION('',(0.411251693474974,-0.911521828928943,0.));
#12110=DIRECTION('',(0.411251693474974,-0.911521828928943,0.));
#12111=DIRECTION('',(0.,0.,1.));
#12112=DIRECTION('',(-0.411251693474974,0.911521828928943,0.));
#12113=DIRECTION('',(-0.889851199620577,-0.456250854830783,0.));
#12114=DIRECTION('',(0.456250854830783,-0.889851199620577,0.));
#12115=DIRECTION('',(0.456250854830783,-0.889851199620577,0.));
#12116=DIRECTION('',(0.,0.,1.));
#12117=DIRECTION('',(-0.456250854830783,0.889851199620577,0.));
#12118=DIRECTION('',(-0.866030441664483,-0.499991274034279,0.));
#12119=DIRECTION('',(0.499991274034279,-0.866030441664483,0.));
#12120=DIRECTION('',(0.499991274034279,-0.866030441664483,0.));
#12121=DIRECTION('',(0.,0.,1.));
#12122=DIRECTION('',(-0.499991274034279,0.866030441664483,0.));
#12123=DIRECTION('',(-0.840045631671311,-0.542515747891201,0.));
#12124=DIRECTION('',(0.542515747891201,-0.840045631671311,0.));
#12125=DIRECTION('',(0.542515747891201,-0.840045631671311,0.));
#12126=DIRECTION('',(0.,0.,1.));
#12127=DIRECTION('',(-0.542515747891201,0.840045631671311,0.));
#12128=DIRECTION('',(-0.811906979206251,-0.58378682506218,0.));
#12129=DIRECTION('',(0.58378682506218,-0.811906979206251,0.));
#12130=DIRECTION('',(0.58378682506218,-0.811906979206251,0.));
#12131=DIRECTION('',(0.,0.,1.));
#12132=DIRECTION('',(-0.58378682506218,0.811906979206251,0.));
#12133=DIRECTION('',(-0.781875443938796,-0.623434671930837,0.));
#12134=DIRECTION('',(0.623434671930837,-0.781875443938796,0.));
#12135=DIRECTION('',(0.623434671930837,-0.781875443938796,0.));
#12136=DIRECTION('',(0.,0.,1.));
#12137=DIRECTION('',(-0.623434671930837,0.781875443938796,0.));
#12138=DIRECTION('',(-0.749755941110103,-0.661714461660091,0.));
#12139=DIRECTION('',(0.661714461660091,-0.749755941110103,0.));
#12140=DIRECTION('',(0.661714461660091,-0.749755941110103,0.));
#12141=DIRECTION('',(0.,0.,1.));
#12142=DIRECTION('',(-0.661714461660091,0.749755941110103,0.));
#12143=DIRECTION('',(-0.715827142579188,-0.698277525019183,0.));
#12144=DIRECTION('',(0.698277525019183,-0.715827142579188,0.));
#12145=DIRECTION('',(0.698277525019183,-0.715827142579188,0.));
#12146=DIRECTION('',(0.,0.,1.));
#12147=DIRECTION('',(-0.698277525019183,0.715827142579188,0.));
#12148=DIRECTION('',(-0.680189473190338,-0.733036343274364,0.));
#12149=DIRECTION('',(-0.733036343274364,0.680189473190338,0.));
#12150=DIRECTION('',(0.733036343274364,-0.680189473190338,0.));
#12151=DIRECTION('',(0.,0.,1.));
#12152=DIRECTION('',(-0.733036343274364,0.680189473190338,0.));
#12153=DIRECTION('',(-0.642794569832886,-0.766038602808864,0.));
#12154=DIRECTION('',(-0.766038602808864,0.642794569832886,0.));
#12155=DIRECTION('',(0.766038602808864,-0.642794569832886,0.));
#12156=DIRECTION('',(0.,0.,1.));
#12157=DIRECTION('',(-0.766038602808864,0.642794569832886,0.));
#12158=DIRECTION('',(-0.603859897420983,-0.797090474341978,0.));
#12159=DIRECTION('',(-0.797090474341978,0.603859897420983,0.));
#12160=DIRECTION('',(0.797090474341978,-0.603859897420983,0.));
#12161=DIRECTION('',(0.,0.,1.));
#12162=DIRECTION('',(-0.797090474341978,0.603859897420983,0.));
#12163=DIRECTION('',(-0.563255997026815,-0.826282446753729,0.));
#12164=DIRECTION('',(-0.826282446753729,0.563255997026815,0.));
#12165=DIRECTION('',(0.826282446753729,-0.563255997026815,0.));
#12166=DIRECTION('',(0.,0.,1.));
#12167=DIRECTION('',(-0.826282446753729,0.563255997026815,0.));
#12168=DIRECTION('',(-0.521453345897993,-0.853279794704989,0.));
#12169=DIRECTION('',(-0.853279794704989,0.521453345897993,0.));
#12170=DIRECTION('',(0.853279794704989,-0.521453345897993,0.));
#12171=DIRECTION('',(0.,0.,1.));
#12172=DIRECTION('',(-0.853279794704989,0.521453345897993,0.));
#12173=DIRECTION('',(-0.478231131388788,-0.87823401492461,0.));
#12174=DIRECTION('',(-0.87823401492461,0.478231131388788,0.));
#12175=DIRECTION('',(0.87823401492461,-0.478231131388788,0.));
#12176=DIRECTION('',(0.,0.,1.));
#12177=DIRECTION('',(-0.87823401492461,0.478231131388788,0.));
#12178=DIRECTION('',(-0.433899792640109,-0.900961136757225,0.));
#12179=DIRECTION('',(-0.900961136757225,0.433899792640109,0.));
#12180=DIRECTION('',(0.900961136757225,-0.433899792640109,0.));
#12181=DIRECTION('',(0.,0.,1.));
#12182=DIRECTION('',(-0.900961136757225,0.433899792640109,0.));
#12183=DIRECTION('',(-0.388471501980052,-0.921460738257123,0.));
#12184=DIRECTION('',(-0.921460738257123,0.388471501980052,0.));
#12185=DIRECTION('',(0.921460738257123,-0.388471501980052,0.));
#12186=DIRECTION('',(0.,0.,1.));
#12187=DIRECTION('',(-0.921460738257123,0.388471501980052,0.));
#12188=DIRECTION('',(-0.341955082492061,-0.939716298442167,0.));
#12189=DIRECTION('',(-0.939716298442167,0.341955082492061,0.));
#12190=DIRECTION('',(0.939716298442167,-0.341955082492061,0.));
#12191=DIRECTION('',(0.,0.,1.));
#12192=DIRECTION('',(-0.939716298442167,0.341955082492061,0.));
#12193=DIRECTION('',(-0.294813877852885,-0.955554696197629,0.));
#12194=DIRECTION('',(-0.955554696197629,0.294813877852885,0.));
#12195=DIRECTION('',(0.955554696197629,-0.294813877852885,0.));
#12196=DIRECTION('',(0.,0.,1.));
#12197=DIRECTION('',(-0.955554696197629,0.294813877852885,0.));
#12198=DIRECTION('',(-0.246782033204951,-0.969071012922805,0.));
#12199=DIRECTION('',(-0.969071012922805,0.246782033204951,0.));
#12200=DIRECTION('',(0.969071012922805,-0.246782033204951,0.));
#12201=DIRECTION('',(0.,0.,1.));
#12202=DIRECTION('',(-0.969071012922805,0.246782033204951,0.));
#12203=DIRECTION('',(-0.198148354028059,-0.980172040917293,0.));
#12204=DIRECTION('',(-0.980172040917293,0.198148354028059,0.));
#12205=DIRECTION('',(0.980172040917293,-0.198148354028059,0.));
#12206=DIRECTION('',(0.,0.,1.));
#12207=DIRECTION('',(-0.980172040917293,0.198148354028059,0.));
#12208=DIRECTION('',(-0.149014013872006,-0.988835084162042,0.));
#12209=DIRECTION('',(-0.988835084162042,0.149014013872006,0.));
#12210=DIRECTION('',(0.988835084162042,-0.149014013872006,0.));
#12211=DIRECTION('',(0.,0.,1.));
#12212=DIRECTION('',(-0.988835084162042,0.149014013872006,0.));
#12213=DIRECTION('',(-0.0995763457497614,-0.995029924860114,0.));
#12214=DIRECTION('',(-0.995029924860114,0.0995763457497614,0.));
#12215=DIRECTION('',(0.995029924860114,-0.0995763457497614,0.));
#12216=DIRECTION('',(0.,0.,1.));
#12217=DIRECTION('',(-0.995029924860114,0.0995763457497614,0.));
#12218=DIRECTION('',(-0.0498378327625508,-0.998757323089815,0.));
#12219=DIRECTION('',(-0.998757323089815,0.0498378327625508,0.));
#12220=DIRECTION('',(0.998757323089815,-0.0498378327625508,0.));
#12221=DIRECTION('',(0.,0.,1.));
#12222=DIRECTION('',(-0.998757323089815,0.0498378327625508,0.));
#12223=DIRECTION('',(0.,-1.,0.));
#12224=DIRECTION('',(0.,0.,-1.));
#12225=DIRECTION('',(0.,0.,-1.));
#12226=DIRECTION('',(-1.,0.,0.));
#12227=DIRECTION('',(1.,0.,0.));
#12228=DIRECTION('',(0.0498372154307192,-0.998757353894384,0.));
#12229=DIRECTION('',(-0.998757353894384,-0.0498372154307192,0.));
#12230=DIRECTION('',(0.998757353894384,0.0498372154307192,0.));
#12231=DIRECTION('',(0.,0.,1.));
#12232=DIRECTION('',(-0.998757353894384,-0.0498372154307192,0.));
#12233=DIRECTION('',(0.099573073873986,-0.99503025228346,0.));
#12234=DIRECTION('',(-0.99503025228346,-0.099573073873986,0.));
#12235=DIRECTION('',(0.99503025228346,0.099573073873986,0.));
#12236=DIRECTION('',(0.,0.,-1.));
#12237=DIRECTION('',(-0.99503025228346,-0.099573073873986,0.));
#12238=DIRECTION('',(0.14901264876695,-0.988835289877671,0.));
#12239=DIRECTION('',(-0.988835289877671,-0.14901264876695,0.));
#12240=DIRECTION('',(0.988835289877671,0.14901264876695,0.));
#12241=DIRECTION('',(0.,0.,-1.));
#12242=DIRECTION('',(-0.988835289877671,-0.14901264876695,0.));
#12243=DIRECTION('',(0.198159730998915,-0.980169740917581,0.));
#12244=DIRECTION('',(-0.980169740917581,-0.198159730998915,0.));
#12245=DIRECTION('',(0.,0.,-1.));
#12246=DIRECTION('',(-0.980169740917581,-0.198159730998915,0.));
#12247=DIRECTION('',(0.980169740917581,0.198159730998915,0.));
#12248=DIRECTION('',(0.246780460879093,-0.969071413327368,0.));
#12249=DIRECTION('',(-0.969071413327368,-0.246780460879093,0.));
#12250=DIRECTION('',(0.969071413327368,0.246780460879093,0.));
#12251=DIRECTION('',(0.,0.,-1.));
#12252=DIRECTION('',(-0.969071413327368,-0.246780460879093,0.));
#12253=DIRECTION('',(0.294819097625103,-0.955553085744335,0.));
#12254=DIRECTION('',(-0.955553085744335,-0.294819097625103,0.));
#12255=DIRECTION('',(-0.955553085744335,-0.294819097625103,0.));
#12256=DIRECTION('',(0.955553085744335,0.294819097625103,0.));
#12257=DIRECTION('',(0.,0.,1.));
#12258=DIRECTION('',(0.341955082492061,-0.939716298442167,0.));
#12259=DIRECTION('',(-0.939716298442167,-0.341955082492061,0.));
#12260=DIRECTION('',(0.939716298442167,0.341955082492061,0.));
#12261=DIRECTION('',(0.,0.,-1.));
#12262=DIRECTION('',(-0.939716298442167,-0.341955082492061,0.));
#12263=DIRECTION('',(1.,0.,0.));
#12264=DIRECTION('',(0.,0.,1.));
#12265=DIRECTION('',(0.,1.,0.));
#12266=DIRECTION('',(0.,0.,1.));
#12267=DIRECTION('',(0.,1.,0.));
#12268=DIRECTION('',(0.341955082492061,0.939716298442167,0.));
#12269=DIRECTION('',(0.939716298442167,-0.341955082492061,0.));
#12270=DIRECTION('',(-0.939716298442167,0.341955082492061,0.));
#12271=DIRECTION('',(0.,0.,-1.));
#12272=DIRECTION('',(0.939716298442167,-0.341955082492061,0.));
#12273=DIRECTION('',(0.294813877852885,0.955554696197629,0.));
#12274=DIRECTION('',(0.955554696197629,-0.294813877852885,0.));
#12275=DIRECTION('',(-0.955554696197629,0.294813877852885,0.));
#12276=DIRECTION('',(0.,0.,1.));
#12277=DIRECTION('',(0.955554696197629,-0.294813877852885,0.));
#12278=DIRECTION('',(0.246782033204951,0.969071012922805,0.));
#12279=DIRECTION('',(0.969071012922805,-0.246782033204951,0.));
#12280=DIRECTION('',(-0.969071012922805,0.246782033204951,0.));
#12281=DIRECTION('',(0.,0.,1.));
#12282=DIRECTION('',(0.969071012922805,-0.246782033204951,0.));
#12283=DIRECTION('',(0.198159730998915,0.980169740917581,0.));
#12284=DIRECTION('',(0.980169740917581,-0.198159730998915,0.));
#12285=DIRECTION('',(-0.980169740917581,0.198159730998915,0.));
#12286=DIRECTION('',(0.,0.,1.));
#12287=DIRECTION('',(0.980169740917581,-0.198159730998915,0.));
#12288=DIRECTION('',(0.149014013872006,0.988835084162042,0.));
#12289=DIRECTION('',(0.988835084162042,-0.149014013872006,0.));
#12290=DIRECTION('',(0.988835084162043,-0.149014013872006,0.));
#12291=DIRECTION('',(-0.988835084162043,0.149014013872006,0.));
#12292=DIRECTION('',(0.,0.,-1.));
#12293=DIRECTION('',(0.0995763457497614,0.995029924860114,0.));
#12294=DIRECTION('',(0.995029924860114,-0.0995763457497614,0.));
#12295=DIRECTION('',(0.995029924860114,-0.0995763457497614,0.));
#12296=DIRECTION('',(-0.995029924860114,0.0995763457497614,0.));
#12297=DIRECTION('',(0.,0.,-1.));
#12298=DIRECTION('',(0.0498378327625507,0.998757323089814,0.));
#12299=DIRECTION('',(0.998757323089814,-0.0498378327625507,0.));
#12300=DIRECTION('',(0.,0.,-1.));
#12301=DIRECTION('',(0.998757323089814,-0.0498378327625507,0.));
#12302=DIRECTION('',(-0.998757323089814,0.0498378327625507,0.));
#12303=DIRECTION('',(0.,1.,0.));
#12304=DIRECTION('',(0.,0.,1.));
#12305=DIRECTION('',(0.,0.,-1.));
#12306=DIRECTION('',(1.,0.,0.));
#12307=DIRECTION('',(-1.,0.,0.));
#12308=DIRECTION('',(-0.0498372154307192,0.998757353894384,0.));
#12309=DIRECTION('',(0.998757353894384,0.0498372154307192,0.));
#12310=DIRECTION('',(-0.998757353894384,-0.0498372154307192,0.));
#12311=DIRECTION('',(0.,0.,1.));
#12312=DIRECTION('',(0.998757353894384,0.0498372154307192,0.));
#12313=DIRECTION('',(-0.099573073873986,0.99503025228346,0.));
#12314=DIRECTION('',(0.99503025228346,0.099573073873986,0.));
#12315=DIRECTION('',(-0.99503025228346,-0.099573073873986,0.));
#12316=DIRECTION('',(0.,0.,-1.));
#12317=DIRECTION('',(0.99503025228346,0.099573073873986,0.));
#12318=DIRECTION('',(-0.14901264876695,0.988835289877671,0.));
#12319=DIRECTION('',(0.988835289877671,0.14901264876695,0.));
#12320=DIRECTION('',(-0.988835289877671,-0.14901264876695,0.));
#12321=DIRECTION('',(0.,0.,-1.));
#12322=DIRECTION('',(0.988835289877671,0.14901264876695,0.));
#12323=DIRECTION('',(-0.198148354028059,0.980172040917293,0.));
#12324=DIRECTION('',(0.980172040917293,0.198148354028059,0.));
#12325=DIRECTION('',(0.,0.,-1.));
#12326=DIRECTION('',(0.980172040917293,0.198148354028059,0.));
#12327=DIRECTION('',(-0.980172040917293,-0.198148354028059,0.));
#12328=DIRECTION('',(-0.246780460879093,0.969071413327368,0.));
#12329=DIRECTION('',(0.969071413327368,0.246780460879093,0.));
#12330=DIRECTION('',(-0.969071413327368,-0.246780460879093,0.));
#12331=DIRECTION('',(0.,0.,-1.));
#12332=DIRECTION('',(0.969071413327368,0.246780460879093,0.));
#12333=DIRECTION('',(-0.294819097625103,0.955553085744335,0.));
#12334=DIRECTION('',(0.955553085744335,0.294819097625103,0.));
#12335=DIRECTION('',(0.955553085744335,0.294819097625103,0.));
#12336=DIRECTION('',(-0.955553085744335,-0.294819097625103,0.));
#12337=DIRECTION('',(0.,0.,1.));
#12338=DIRECTION('',(-0.341955082492061,0.939716298442167,0.));
#12339=DIRECTION('',(0.939716298442167,0.341955082492061,0.));
#12340=DIRECTION('',(-0.939716298442167,-0.341955082492061,0.));
#12341=DIRECTION('',(0.,0.,1.));
#12342=DIRECTION('',(0.939716298442167,0.341955082492061,0.));
#12343=DIRECTION('',(-0.388471501980052,0.921460738257123,0.));
#12344=DIRECTION('',(0.921460738257123,0.388471501980052,0.));
#12345=DIRECTION('',(0.921460738257123,0.388471501980052,0.));
#12346=DIRECTION('',(-0.921460738257123,-0.388471501980052,0.));
#12347=DIRECTION('',(0.,0.,-1.));
#12348=DIRECTION('',(-0.433899792640109,0.900961136757225,0.));
#12349=DIRECTION('',(0.900961136757225,0.433899792640109,0.));
#12350=DIRECTION('',(0.,0.,-1.));
#12351=DIRECTION('',(0.900961136757225,0.433899792640109,0.));
#12352=DIRECTION('',(-0.900961136757225,-0.433899792640109,0.));
#12353=DIRECTION('',(-0.478231131388788,0.87823401492461,0.));
#12354=DIRECTION('',(0.87823401492461,0.478231131388788,0.));
#12355=DIRECTION('',(0.,0.,1.));
#12356=DIRECTION('',(0.87823401492461,0.478231131388788,0.));
#12357=DIRECTION('',(-0.87823401492461,-0.478231131388788,0.));
#12358=DIRECTION('',(-0.521453345897993,0.853279794704989,0.));
#12359=DIRECTION('',(0.853279794704989,0.521453345897993,0.));
#12360=DIRECTION('',(-0.853279794704989,-0.521453345897993,0.));
#12361=DIRECTION('',(0.,0.,1.));
#12362=DIRECTION('',(0.853279794704989,0.521453345897993,0.));
#12363=DIRECTION('',(-0.563255997026815,0.826282446753729,0.));
#12364=DIRECTION('',(0.826282446753729,0.563255997026815,0.));
#12365=DIRECTION('',(-0.826282446753729,-0.563255997026815,0.));
#12366=DIRECTION('',(0.,0.,-1.));
#12367=DIRECTION('',(0.826282446753729,0.563255997026815,0.));
#12368=DIRECTION('',(-0.603859897420983,0.797090474341978,0.));
#12369=DIRECTION('',(0.797090474341978,0.603859897420983,0.));
#12370=DIRECTION('',(-0.797090474341978,-0.603859897420983,0.));
#12371=DIRECTION('',(0.,0.,1.));
#12372=DIRECTION('',(0.797090474341978,0.603859897420983,0.));
#12373=DIRECTION('',(-0.642794569832886,0.766038602808864,0.));
#12374=DIRECTION('',(0.766038602808864,0.642794569832886,0.));
#12375=DIRECTION('',(-0.766038602808864,-0.642794569832886,0.));
#12376=DIRECTION('',(0.,0.,-1.));
#12377=DIRECTION('',(0.766038602808864,0.642794569832886,0.));
#12378=DIRECTION('',(-0.680189473190338,0.733036343274364,0.));
#12379=DIRECTION('',(0.733036343274364,0.680189473190338,0.));
#12380=DIRECTION('',(-0.733036343274364,-0.680189473190338,0.));
#12381=DIRECTION('',(0.,0.,-1.));
#12382=DIRECTION('',(0.733036343274364,0.680189473190338,0.));
#12383=DIRECTION('',(-0.715827142579188,0.698277525019183,0.));
#12384=DIRECTION('',(-0.698277525019183,-0.715827142579188,0.));
#12385=DIRECTION('',(0.,0.,-1.));
#12386=DIRECTION('',(0.698277525019183,0.715827142579188,0.));
#12387=DIRECTION('',(-0.698277525019183,-0.715827142579188,0.));
#12388=DIRECTION('',(-0.749755941110103,0.661714461660091,0.));
#12389=DIRECTION('',(-0.661714461660091,-0.749755941110103,0.));
#12390=DIRECTION('',(-0.661714461660091,-0.749755941110103,0.));
#12391=DIRECTION('',(0.,0.,1.));
#12392=DIRECTION('',(0.661714461660091,0.749755941110103,0.));
#12393=DIRECTION('',(-0.781875443938796,0.623434671930837,0.));
#12394=DIRECTION('',(-0.623434671930837,-0.781875443938796,0.));
#12395=DIRECTION('',(-0.623434671930837,-0.781875443938796,0.));
#12396=DIRECTION('',(0.,0.,1.));
#12397=DIRECTION('',(0.623434671930837,0.781875443938796,0.));
#12398=DIRECTION('',(-0.811906979206251,0.58378682506218,0.));
#12399=DIRECTION('',(-0.58378682506218,-0.811906979206251,0.));
#12400=DIRECTION('',(-0.58378682506218,-0.811906979206251,0.));
#12401=DIRECTION('',(0.,0.,1.));
#12402=DIRECTION('',(0.58378682506218,0.811906979206251,0.));
#12403=DIRECTION('',(-0.840045631671311,0.542515747891201,0.));
#12404=DIRECTION('',(-0.542515747891201,-0.840045631671311,0.));
#12405=DIRECTION('',(-0.542515747891201,-0.840045631671311,0.));
#12406=DIRECTION('',(0.,0.,-1.));
#12407=DIRECTION('',(0.542515747891201,0.840045631671311,0.));
#12408=DIRECTION('',(-0.866030441664483,0.499991274034279,0.));
#12409=DIRECTION('',(-0.499991274034279,-0.866030441664483,0.));
#12410=DIRECTION('',(-0.499991274034279,-0.866030441664483,0.));
#12411=DIRECTION('',(0.,0.,-1.));
#12412=DIRECTION('',(0.499991274034279,0.866030441664483,0.));
#12413=DIRECTION('',(-0.889851199620577,0.456250854830783,0.));
#12414=DIRECTION('',(-0.456250854830783,-0.889851199620577,0.));
#12415=DIRECTION('',(-0.456250854830783,-0.889851199620577,0.));
#12416=DIRECTION('',(0.,0.,1.));
#12417=DIRECTION('',(0.456250854830783,0.889851199620577,0.));
#12418=DIRECTION('',(-0.911521828928943,0.411251693474974,0.));
#12419=DIRECTION('',(-0.411251693474974,-0.911521828928943,0.));
#12420=DIRECTION('',(-0.411251693474974,-0.911521828928943,0.));
#12421=DIRECTION('',(0.,0.,1.));
#12422=DIRECTION('',(0.411251693474974,0.911521828928943,0.));
#12423=DIRECTION('',(-0.930850135498968,0.365401183962988,0.));
#12424=DIRECTION('',(-0.365401183962988,-0.930850135498968,0.));
#12425=DIRECTION('',(-0.365401183962988,-0.930850135498968,0.));
#12426=DIRECTION('',(0.,0.,-1.));
#12427=DIRECTION('',(0.365401183962988,0.930850135498968,0.));
#12428=DIRECTION('',(-0.94792858429015,0.31848296514205,0.));
#12429=DIRECTION('',(-0.31848296514205,-0.94792858429015,0.));
#12430=DIRECTION('',(0.31848296514205,0.94792858429015,0.));
#12431=DIRECTION('',(-0.31848296514205,-0.94792858429015,0.));
#12432=DIRECTION('',(0.,0.,-1.));
#12433=DIRECTION('',(-0.962647089218319,0.270759268760089,0.));
#12434=DIRECTION('',(-0.270759268760089,-0.962647089218319,0.));
#12435=DIRECTION('',(0.270759268760089,0.962647089218319,0.));
#12436=DIRECTION('',(-0.270759268760089,-0.962647089218319,0.));
#12437=DIRECTION('',(0.,0.,-1.));
#12438=DIRECTION('',(-0.974907307164268,0.222611191178062,0.));
#12439=DIRECTION('',(-0.222611191178062,-0.974907307164268,0.));
#12440=DIRECTION('',(0.,0.,1.));
#12441=DIRECTION('',(0.222611191178062,0.974907307164268,0.));
#12442=DIRECTION('',(-0.222611191178062,-0.974907307164268,0.));
#12443=DIRECTION('',(-0.98481913629766,0.17358360746894,0.));
#12444=DIRECTION('',(-0.17358360746894,-0.98481913629766,0.));
#12445=DIRECTION('',(-0.17358360746894,-0.98481913629766,0.));
#12446=DIRECTION('',(0.,0.,1.));
#12447=DIRECTION('',(0.17358360746894,0.98481913629766,0.));
#12448=DIRECTION('',(-0.992239067260075,0.124344816550009,0.));
#12449=DIRECTION('',(-0.124344816550009,-0.992239067260075,0.));
#12450=DIRECTION('',(-0.124344816550009,-0.992239067260075,0.));
#12451=DIRECTION('',(0.,0.,1.));
#12452=DIRECTION('',(0.124344816550009,0.992239067260075,0.));
#12453=DIRECTION('',(-0.997205536756013,0.074706876946851,0.));
#12454=DIRECTION('',(-0.074706876946851,-0.997205536756013,0.));
#12455=DIRECTION('',(0.074706876946851,0.997205536756013,0.));
#12456=DIRECTION('',(-0.074706876946851,-0.997205536756013,0.));
#12457=DIRECTION('',(0.,0.,-1.));
#12458=DIRECTION('',(-0.999688210209793,0.0249696289027448,0.));
#12459=DIRECTION('',(-0.0249696289027448,-0.999688210209793,0.));
#12460=DIRECTION('',(0.0249696289027448,0.999688210209793,0.));
#12461=DIRECTION('',(-0.0249696289027448,-0.999688210209793,0.));
#12462=DIRECTION('',(0.,0.,-1.));
#12463=DIRECTION('',(-0.999688210209793,-0.0249696289027448,0.));
#12464=DIRECTION('',(0.0249696289027448,-0.999688210209793,0.));
#12465=DIRECTION('',(-0.0249696289027448,0.999688210209793,0.));
#12466=DIRECTION('',(0.0249696289027448,-0.999688210209793,0.));
#12467=DIRECTION('',(0.,0.,-1.));
#12468=DIRECTION('',(-0.997205536756013,-0.074706876946851,0.));
#12469=DIRECTION('',(0.074706876946851,-0.997205536756013,0.));
#12470=DIRECTION('',(0.074706876946851,-0.997205536756013,0.));
#12471=DIRECTION('',(0.,0.,1.));
#12472=DIRECTION('',(-0.074706876946851,0.997205536756013,0.));
#12473=DIRECTION('',(-0.992239067260075,-0.124344816550009,0.));
#12474=DIRECTION('',(0.124344816550009,-0.992239067260075,0.));
#12475=DIRECTION('',(0.124344816550009,-0.992239067260075,0.));
#12476=DIRECTION('',(0.,0.,1.));
#12477=DIRECTION('',(-0.124344816550009,0.992239067260075,0.));
#12478=DIRECTION('',(-0.98481913629766,-0.17358360746894,0.));
#12479=DIRECTION('',(0.17358360746894,-0.98481913629766,0.));
#12480=DIRECTION('',(0.17358360746894,-0.98481913629766,0.));
#12481=DIRECTION('',(0.,0.,1.));
#12482=DIRECTION('',(-0.17358360746894,0.98481913629766,0.));
#12483=DIRECTION('',(-0.974907307164268,-0.222611191178062,0.));
#12484=DIRECTION('',(0.222611191178062,-0.974907307164268,0.));
#12485=DIRECTION('',(0.222611191178062,-0.974907307164268,0.));
#12486=DIRECTION('',(0.,0.,1.));
#12487=DIRECTION('',(-0.222611191178062,0.974907307164268,0.));
#12488=DIRECTION('',(-0.962647089218319,-0.270759268760089,0.));
#12489=DIRECTION('',(0.270759268760089,-0.962647089218319,0.));
#12490=DIRECTION('',(0.270759268760089,-0.962647089218319,0.));
#12491=DIRECTION('',(0.,0.,1.));
#12492=DIRECTION('',(-0.270759268760089,0.962647089218319,0.));
#12493=DIRECTION('',(-0.94792858429015,-0.31848296514205,0.));
#12494=DIRECTION('',(0.31848296514205,-0.94792858429015,0.));
#12495=DIRECTION('',(0.31848296514205,-0.94792858429015,0.));
#12496=DIRECTION('',(0.,0.,1.));
#12497=DIRECTION('',(-0.31848296514205,0.94792858429015,0.));
#12498=DIRECTION('',(-0.930850135498968,-0.365401183962988,0.));
#12499=DIRECTION('',(0.365401183962988,-0.930850135498968,0.));
#12500=DIRECTION('',(0.365401183962988,-0.930850135498968,0.));
#12501=DIRECTION('',(0.,0.,1.));
#12502=DIRECTION('',(-0.365401183962988,0.930850135498968,0.));
#12503=DIRECTION('',(-0.911521828928943,-0.411251693474974,0.));
#12504=DIRECTION('',(0.411251693474974,-0.911521828928943,0.));
#12505=DIRECTION('',(0.411251693474974,-0.911521828928943,0.));
#12506=DIRECTION('',(0.,0.,1.));
#12507=DIRECTION('',(-0.411251693474974,0.911521828928943,0.));
#12508=DIRECTION('',(-0.889851199620577,-0.456250854830783,0.));
#12509=DIRECTION('',(0.456250854830783,-0.889851199620577,0.));
#12510=DIRECTION('',(0.456250854830783,-0.889851199620577,0.));
#12511=DIRECTION('',(0.,0.,1.));
#12512=DIRECTION('',(-0.456250854830783,0.889851199620577,0.));
#12513=DIRECTION('',(-0.866030441664483,-0.499991274034279,0.));
#12514=DIRECTION('',(0.499991274034279,-0.866030441664483,0.));
#12515=DIRECTION('',(0.499991274034279,-0.866030441664483,0.));
#12516=DIRECTION('',(0.,0.,1.));
#12517=DIRECTION('',(-0.499991274034279,0.866030441664483,0.));
#12518=DIRECTION('',(-0.840045631671311,-0.542515747891201,0.));
#12519=DIRECTION('',(0.542515747891201,-0.840045631671311,0.));
#12520=DIRECTION('',(0.542515747891201,-0.840045631671311,0.));
#12521=DIRECTION('',(0.,0.,1.));
#12522=DIRECTION('',(-0.542515747891201,0.840045631671311,0.));
#12523=DIRECTION('',(-0.811906979206251,-0.58378682506218,0.));
#12524=DIRECTION('',(0.58378682506218,-0.811906979206251,0.));
#12525=DIRECTION('',(0.58378682506218,-0.811906979206251,0.));
#12526=DIRECTION('',(0.,0.,1.));
#12527=DIRECTION('',(-0.58378682506218,0.811906979206251,0.));
#12528=DIRECTION('',(-0.781875443938796,-0.623434671930837,0.));
#12529=DIRECTION('',(0.623434671930837,-0.781875443938796,0.));
#12530=DIRECTION('',(0.623434671930837,-0.781875443938796,0.));
#12531=DIRECTION('',(0.,0.,1.));
#12532=DIRECTION('',(-0.623434671930837,0.781875443938796,0.));
#12533=DIRECTION('',(-0.749755941110103,-0.661714461660091,0.));
#12534=DIRECTION('',(0.661714461660091,-0.749755941110103,0.));
#12535=DIRECTION('',(0.661714461660091,-0.749755941110103,0.));
#12536=DIRECTION('',(0.,0.,1.));
#12537=DIRECTION('',(-0.661714461660091,0.749755941110103,0.));
#12538=DIRECTION('',(-0.715827142579188,-0.698277525019183,0.));
#12539=DIRECTION('',(0.698277525019183,-0.715827142579188,0.));
#12540=DIRECTION('',(0.698277525019183,-0.715827142579188,0.));
#12541=DIRECTION('',(0.,0.,1.));
#12542=DIRECTION('',(-0.698277525019183,0.715827142579188,0.));
#12543=DIRECTION('',(-0.680189473190338,-0.733036343274364,0.));
#12544=DIRECTION('',(-0.733036343274364,0.680189473190338,0.));
#12545=DIRECTION('',(0.733036343274364,-0.680189473190338,0.));
#12546=DIRECTION('',(0.,0.,1.));
#12547=DIRECTION('',(-0.733036343274364,0.680189473190338,0.));
#12548=DIRECTION('',(-0.642794569832886,-0.766038602808864,0.));
#12549=DIRECTION('',(-0.766038602808864,0.642794569832886,0.));
#12550=DIRECTION('',(0.766038602808864,-0.642794569832886,0.));
#12551=DIRECTION('',(0.,0.,1.));
#12552=DIRECTION('',(-0.766038602808864,0.642794569832886,0.));
#12553=DIRECTION('',(-0.603859897420983,-0.797090474341978,0.));
#12554=DIRECTION('',(-0.797090474341978,0.603859897420983,0.));
#12555=DIRECTION('',(0.797090474341978,-0.603859897420983,0.));
#12556=DIRECTION('',(0.,0.,1.));
#12557=DIRECTION('',(-0.797090474341978,0.603859897420983,0.));
#12558=DIRECTION('',(-0.563255997026815,-0.826282446753729,0.));
#12559=DIRECTION('',(-0.826282446753729,0.563255997026815,0.));
#12560=DIRECTION('',(0.826282446753729,-0.563255997026815,0.));
#12561=DIRECTION('',(0.,0.,1.));
#12562=DIRECTION('',(-0.826282446753729,0.563255997026815,0.));
#12563=DIRECTION('',(-0.521453345897993,-0.853279794704989,0.));
#12564=DIRECTION('',(-0.853279794704989,0.521453345897993,0.));
#12565=DIRECTION('',(0.853279794704989,-0.521453345897993,0.));
#12566=DIRECTION('',(0.,0.,1.));
#12567=DIRECTION('',(-0.853279794704989,0.521453345897993,0.));
#12568=DIRECTION('',(-0.478231131388788,-0.87823401492461,0.));
#12569=DIRECTION('',(-0.87823401492461,0.478231131388788,0.));
#12570=DIRECTION('',(0.87823401492461,-0.478231131388788,0.));
#12571=DIRECTION('',(0.,0.,1.));
#12572=DIRECTION('',(-0.87823401492461,0.478231131388788,0.));
#12573=DIRECTION('',(-0.433899792640109,-0.900961136757225,0.));
#12574=DIRECTION('',(-0.900961136757225,0.433899792640109,0.));
#12575=DIRECTION('',(0.900961136757225,-0.433899792640109,0.));
#12576=DIRECTION('',(0.,0.,1.));
#12577=DIRECTION('',(-0.900961136757225,0.433899792640109,0.));
#12578=DIRECTION('',(-0.388471501980052,-0.921460738257123,0.));
#12579=DIRECTION('',(-0.921460738257123,0.388471501980052,0.));
#12580=DIRECTION('',(0.921460738257123,-0.388471501980052,0.));
#12581=DIRECTION('',(0.,0.,1.));
#12582=DIRECTION('',(-0.921460738257123,0.388471501980052,0.));
#12583=DIRECTION('',(-0.341955082492061,-0.939716298442167,0.));
#12584=DIRECTION('',(-0.939716298442167,0.341955082492061,0.));
#12585=DIRECTION('',(0.939716298442167,-0.341955082492061,0.));
#12586=DIRECTION('',(0.,0.,1.));
#12587=DIRECTION('',(-0.939716298442167,0.341955082492061,0.));
#12588=DIRECTION('',(-0.294813877852885,-0.955554696197629,0.));
#12589=DIRECTION('',(-0.955554696197629,0.294813877852885,0.));
#12590=DIRECTION('',(0.955554696197629,-0.294813877852885,0.));
#12591=DIRECTION('',(0.,0.,1.));
#12592=DIRECTION('',(-0.955554696197629,0.294813877852885,0.));
#12593=DIRECTION('',(-0.246782033204951,-0.969071012922805,0.));
#12594=DIRECTION('',(-0.969071012922805,0.246782033204951,0.));
#12595=DIRECTION('',(0.969071012922805,-0.246782033204951,0.));
#12596=DIRECTION('',(0.,0.,1.));
#12597=DIRECTION('',(-0.969071012922805,0.246782033204951,0.));
#12598=DIRECTION('',(-0.198148354028059,-0.980172040917293,0.));
#12599=DIRECTION('',(-0.980172040917293,0.198148354028059,0.));
#12600=DIRECTION('',(0.980172040917293,-0.198148354028059,0.));
#12601=DIRECTION('',(0.,0.,1.));
#12602=DIRECTION('',(-0.980172040917293,0.198148354028059,0.));
#12603=DIRECTION('',(-0.149014013872006,-0.988835084162042,0.));
#12604=DIRECTION('',(-0.988835084162042,0.149014013872006,0.));
#12605=DIRECTION('',(0.988835084162042,-0.149014013872006,0.));
#12606=DIRECTION('',(0.,0.,1.));
#12607=DIRECTION('',(-0.988835084162042,0.149014013872006,0.));
#12608=DIRECTION('',(-0.0995763457497614,-0.995029924860114,0.));
#12609=DIRECTION('',(-0.995029924860114,0.0995763457497614,0.));
#12610=DIRECTION('',(0.995029924860114,-0.0995763457497614,0.));
#12611=DIRECTION('',(0.,0.,1.));
#12612=DIRECTION('',(-0.995029924860114,0.0995763457497614,0.));
#12613=DIRECTION('',(-0.0498378327625508,-0.998757323089815,0.));
#12614=DIRECTION('',(-0.998757323089815,0.0498378327625508,0.));
#12615=DIRECTION('',(0.998757323089815,-0.0498378327625508,0.));
#12616=DIRECTION('',(0.,0.,1.));
#12617=DIRECTION('',(-0.998757323089815,0.0498378327625508,0.));
#12618=DIRECTION('',(0.,-1.,0.));
#12619=DIRECTION('',(0.,0.,-1.));
#12620=DIRECTION('',(0.,0.,-1.));
#12621=DIRECTION('',(-1.,0.,0.));
#12622=DIRECTION('',(1.,0.,0.));
#12623=DIRECTION('',(0.0498372154307192,-0.998757353894384,0.));
#12624=DIRECTION('',(-0.998757353894384,-0.0498372154307192,0.));
#12625=DIRECTION('',(0.998757353894384,0.0498372154307192,0.));
#12626=DIRECTION('',(0.,0.,1.));
#12627=DIRECTION('',(-0.998757353894384,-0.0498372154307192,0.));
#12628=DIRECTION('',(0.099573073873986,-0.99503025228346,0.));
#12629=DIRECTION('',(-0.99503025228346,-0.099573073873986,0.));
#12630=DIRECTION('',(0.99503025228346,0.099573073873986,0.));
#12631=DIRECTION('',(0.,0.,-1.));
#12632=DIRECTION('',(-0.99503025228346,-0.099573073873986,0.));
#12633=DIRECTION('',(0.14901264876695,-0.988835289877671,0.));
#12634=DIRECTION('',(-0.988835289877671,-0.14901264876695,0.));
#12635=DIRECTION('',(0.988835289877671,0.14901264876695,0.));
#12636=DIRECTION('',(0.,0.,-1.));
#12637=DIRECTION('',(-0.988835289877671,-0.14901264876695,0.));
#12638=DIRECTION('',(0.198159730998915,-0.980169740917581,0.));
#12639=DIRECTION('',(-0.980169740917581,-0.198159730998915,0.));
#12640=DIRECTION('',(0.,0.,-1.));
#12641=DIRECTION('',(-0.980169740917581,-0.198159730998915,0.));
#12642=DIRECTION('',(0.980169740917581,0.198159730998915,0.));
#12643=DIRECTION('',(0.246780460879093,-0.969071413327368,0.));
#12644=DIRECTION('',(-0.969071413327368,-0.246780460879093,0.));
#12645=DIRECTION('',(0.969071413327368,0.246780460879093,0.));
#12646=DIRECTION('',(0.,0.,-1.));
#12647=DIRECTION('',(-0.969071413327368,-0.246780460879093,0.));
#12648=DIRECTION('',(0.294819097625103,-0.955553085744335,0.));
#12649=DIRECTION('',(-0.955553085744335,-0.294819097625103,0.));
#12650=DIRECTION('',(-0.955553085744335,-0.294819097625103,0.));
#12651=DIRECTION('',(0.955553085744335,0.294819097625103,0.));
#12652=DIRECTION('',(0.,0.,1.));
#12653=DIRECTION('',(0.341955082492061,-0.939716298442167,0.));
#12654=DIRECTION('',(-0.939716298442167,-0.341955082492061,0.));
#12655=DIRECTION('',(0.939716298442167,0.341955082492061,0.));
#12656=DIRECTION('',(0.,0.,-1.));
#12657=DIRECTION('',(-0.939716298442167,-0.341955082492061,0.));
#12658=DIRECTION('',(1.,0.,0.));
#12659=DIRECTION('',(0.,0.,1.));
#12660=DIRECTION('',(0.,1.,0.));
#12661=DIRECTION('',(0.,0.,1.));
#12662=DIRECTION('',(0.,1.,0.));
#12663=DIRECTION('',(0.,1.,0.));
#12664=DIRECTION('',(0.,0.,1.));
#12665=DIRECTION('',(1.,0.,0.));
#12666=DIRECTION('',(0.,0.,-1.));
#12667=DIRECTION('',(1.,0.,0.));
#12668=DIRECTION('',(0.,0.,-1.));
#12669=DIRECTION('',(1.,0.,0.));
#12670=DIRECTION('',(0.,0.,1.));
#12671=DIRECTION('',(1.,0.,0.));
#12672=DIRECTION('',(0.,0.,-1.));
#12673=DIRECTION('',(1.,0.,0.));
#12674=DIRECTION('',(0.,0.,-1.));
#12675=DIRECTION('',(0.,0.,1.));
#12676=DIRECTION('',(1.,0.,0.));
#12677=DIRECTION('',(1.,0.,0.));
#12678=DIRECTION('',(0.,1.,0.));
#12679=DIRECTION('',(1.,0.,0.));
#12680=DIRECTION('',(0.,0.,1.));
#12681=DIRECTION('',(0.,1.,0.));
#12682=DIRECTION('',(0.,0.,1.));
#12683=DIRECTION('',(0.,0.,-1.));
#12684=DIRECTION('',(-1.,0.,0.));
#12685=DIRECTION('',(1.,0.,0.));
#12686=DIRECTION('',(0.,1.,0.));
#12687=DIRECTION('',(0.,0.,1.));
#12688=DIRECTION('',(0.,1.,1.32084999089291E-16));
#12689=DIRECTION('',(1.,0.,0.));
#12690=DIRECTION('',(0.,-1.,-1.32084999089291E-16));
#12691=DIRECTION('',(0.,1.32084999089291E-16,-1.));
#12692=DIRECTION('',(0.,-1.,-1.32084999089291E-16));
#12693=DIRECTION('',(0.,1.32084999089291E-16,-1.));
#12694=DIRECTION('',(0.,-1.,-1.32084999089291E-16));
#12695=DIRECTION('',(0.,1.32084999089291E-16,-1.));
#12696=DIRECTION('',(0.,1.,1.32084999089291E-16));
#12697=DIRECTION('',(0.,-1.32084999089291E-16,1.));
#12698=DIRECTION('',(0.,-1.,-1.32084999089291E-16));
#12699=DIRECTION('',(0.,1.32084999089291E-16,-1.));
#12700=DIRECTION('',(0.,1.,1.32084999089291E-16));
#12701=DIRECTION('',(0.,-1.32084999089291E-16,1.));
#12702=DIRECTION('',(0.,-1.,-1.32084999089291E-16));
#12703=DIRECTION('',(0.,1.32084999089291E-16,-1.));
#12704=DIRECTION('',(0.,-1.,-1.32084999089291E-16));
#12705=DIRECTION('',(0.,1.32084999089291E-16,-1.));
#12706=DIRECTION('',(0.,-1.,-1.32084999089291E-16));
#12707=DIRECTION('',(0.,1.32084999089291E-16,-1.));
#12708=DIRECTION('',(0.,1.,1.32084999089291E-16));
#12709=DIRECTION('',(0.,-1.32084999089291E-16,1.));
#12710=DIRECTION('',(0.,1.,1.32084999089291E-16));
#12711=DIRECTION('',(0.,-1.32084999089291E-16,1.));
#12712=DIRECTION('',(0.,-1.,-1.32084999089291E-16));
#12713=DIRECTION('',(0.,1.32084999089291E-16,-1.));
#12714=DIRECTION('',(0.,-1.,-1.32084999089291E-16));
#12715=DIRECTION('',(0.,1.32084999089291E-16,-1.));
#12716=DIRECTION('',(0.,-1.,-1.32084999089291E-16));
#12717=DIRECTION('',(0.,1.32084999089291E-16,-1.));
#12718=DIRECTION('',(0.,1.,1.32084999089291E-16));
#12719=DIRECTION('',(0.,-1.32084999089291E-16,1.));
#12720=DIRECTION('',(0.,-1.,-1.32084999089291E-16));
#12721=DIRECTION('',(0.,1.32084999089291E-16,-1.));
#12722=DIRECTION('',(0.,-1.,-1.32084999089291E-16));
#12723=DIRECTION('',(0.,1.32084999089291E-16,-1.));
#12724=DIRECTION('',(0.,-1.,-1.32084999089291E-16));
#12725=DIRECTION('',(0.,1.32084999089291E-16,-1.));
#12726=DIRECTION('',(0.,1.,1.32084999089291E-16));
#12727=DIRECTION('',(0.,-1.32084999089291E-16,1.));
#12728=DIRECTION('',(0.,-1.,-1.32084999089291E-16));
#12729=DIRECTION('',(0.,1.32084999089291E-16,-1.));
#12730=DIRECTION('',(0.,-1.,-1.32084999089291E-16));
#12731=DIRECTION('',(0.,1.32084999089291E-16,-1.));
#12732=DIRECTION('',(0.,-1.,-1.32084999089291E-16));
#12733=DIRECTION('',(0.,1.32084999089291E-16,-1.));
#12734=DIRECTION('',(0.,1.,1.32084999089291E-16));
#12735=DIRECTION('',(0.,-1.32084999089291E-16,1.));
#12736=DIRECTION('',(0.,1.,1.32084999089291E-16));
#12737=DIRECTION('',(0.,-1.32084999089291E-16,1.));
#12738=DIRECTION('',(0.,-1.,-1.32084999089291E-16));
#12739=DIRECTION('',(0.,1.32084999089291E-16,-1.));
#12740=DIRECTION('',(0.,-1.,-1.32084999089291E-16));
#12741=DIRECTION('',(1.,0.,0.));
#12742=DIRECTION('',(0.,-1.,-1.32084999089291E-16));
#12743=DIRECTION('',(0.,1.32084999089291E-16,-1.));
#12744=DIRECTION('',(0.,1.,1.32084999089291E-16));
#12745=DIRECTION('',(0.,-1.32084999089291E-16,1.));
#12746=DIRECTION('',(0.,-1.,-1.32084999089291E-16));
#12747=DIRECTION('',(0.,1.32084999089291E-16,-1.));
#12748=DIRECTION('',(0.,-1.,-1.32084999089291E-16));
#12749=DIRECTION('',(1.,0.,0.));
#12750=DIRECTION('',(0.5,-1.14388964670171E-16,0.866025403784439));
#12751=DIRECTION('',(1.,7.14787052427562E-32,-5.4115687425213E-16));
#12752=DIRECTION('',(0.5,1.14388964670171E-16,-0.866025403784439));
#12753=DIRECTION('',(-0.5,1.1438896467017E-16,-0.866025403784439));
#12754=DIRECTION('',(-1.,0.,0.));
#12755=DIRECTION('',(-0.5,-1.1438896467017E-16,0.866025403784439));
#12756=DIRECTION('',(-0.866025403784439,-6.60424995446455E-17,0.5));
#12757=DIRECTION('',(0.5,0.,0.866025403784439));
#12758=DIRECTION('',(0.,1.,1.32084999089291E-16));
#12759=DIRECTION('',(0.5,-1.14388964670171E-16,0.866025403784439));
#12760=DIRECTION('',(0.,1.,1.32084999089291E-16));
#12761=DIRECTION('',(-0.866025403784438,6.60424995446456E-17,-0.5));
#12762=DIRECTION('',(-0.5,0.,0.866025403784439));
#12763=DIRECTION('',(0.,1.,1.32084999089291E-16));
#12764=DIRECTION('',(-0.5,-1.1438896467017E-16,0.866025403784439));
#12765=DIRECTION('',(0.,1.32084999089291E-16,-1.));
#12766=DIRECTION('',(0.,1.,1.32084999089291E-16));
#12767=DIRECTION('',(0.,1.,1.32084999089291E-16));
#12768=DIRECTION('',(-1.,0.,0.));
#12769=DIRECTION('',(0.866025403784438,6.60424995446456E-17,-0.5));
#12770=DIRECTION('',(-0.5,0.,-0.866025403784439));
#12771=DIRECTION('',(0.,1.,1.32084999089291E-16));
#12772=DIRECTION('',(-0.5,1.1438896467017E-16,-0.866025403784439));
#12773=DIRECTION('',(0.866025403784439,-6.60424995446455E-17,0.5));
#12774=DIRECTION('',(0.5,0.,-0.866025403784439));
#12775=DIRECTION('',(0.,1.,1.32084999089291E-16));
#12776=DIRECTION('',(0.5,1.14388964670171E-16,-0.866025403784439));
#12777=DIRECTION('',(5.4115687425213E-16,-1.32084999089291E-16,1.));
#12778=DIRECTION('',(1.,0.,-5.4115687425213E-16));
#12779=DIRECTION('',(1.,7.14787052427562E-32,-5.4115687425213E-16));
#12780=DIRECTION('',(0.,-1.,-1.32084999089291E-16));
#12781=DIRECTION('',(1.,0.,0.));
#12782=DIRECTION('',(0.,-1.,-1.32084999089291E-16));
#12783=DIRECTION('',(0.,1.32084999089291E-16,-1.));
#12784=DIRECTION('',(0.,-1.,-1.32084999089291E-16));
#12785=DIRECTION('',(0.,1.32084999089291E-16,-1.));
#12786=DIRECTION('',(0.,-1.,-1.32084999089291E-16));
#12787=DIRECTION('',(1.,0.,0.));
#12788=DIRECTION('',(0.,0.,1.));
#12789=DIRECTION('',(1.,0.,0.));
#12790=CARTESIAN_POINT('',(0.,0.,0.));
#12791=CARTESIAN_POINT('',(-0.0574948983848554,-0.005,0.00549999930062496));
#12792=CARTESIAN_POINT('',(-0.0574948983848554,-0.005,0.00549999953374672));
#12793=CARTESIAN_POINT('',(-0.05749489878864,-0.005,0.00549999930062279));
#12794=CARTESIAN_POINT('',(-0.05749489878864,-0.015,0.00549999930062279));
#12795=CARTESIAN_POINT('',(-0.0574948983848554,-0.015,0.00549999930062496));
#12796=CARTESIAN_POINT('',(-0.0574948979810706,-0.015,0.00949999930062532));
#12797=CARTESIAN_POINT('',(-0.0574948983848554,-0.005,0.00949999953375073));
#12798=CARTESIAN_POINT('',(-0.0574948979810706,-0.005,0.00949999930062532));
#12799=CARTESIAN_POINT('',(-0.0574948983848554,-0.005,0.0075));
#12800=CARTESIAN_POINT('',(-0.060959,-0.005,0.0075));
#12801=CARTESIAN_POINT('',(-0.060959,-0.005,0.0075));
#12802=CARTESIAN_POINT('',(-0.058709,-0.005,0.0075));
#12803=CARTESIAN_POINT('',(-0.05749489798107,-0.005,0.009499999300625));
#12804=CARTESIAN_POINT('',(-0.0609589991924268,-0.005,0.0115000000000019));
#12805=CARTESIAN_POINT('',(-0.06095899919243,-0.005,0.0115));
#12806=CARTESIAN_POINT('',(-0.06442310121135,-0.005,0.00950000069937721));
#12807=CARTESIAN_POINT('',(-0.0644231016151346,-0.005,0.0075));
#12808=CARTESIAN_POINT('',(-0.0644231020189195,-0.005,0.00550000069937468));
#12809=CARTESIAN_POINT('',(-0.06442310201892,-0.005,0.005500000699375));
#12810=CARTESIAN_POINT('',(-0.0609590008075632,-0.005,0.00349999999999813));
#12811=CARTESIAN_POINT('',(-0.06095900080756,-0.005,0.0035));
#12812=CARTESIAN_POINT('',(-0.060959,-0.015,0.0075));
#12813=CARTESIAN_POINT('',(-0.05908468228737,-0.015,0.));
#12814=CARTESIAN_POINT('',(-0.05908468228737,-0.015,0.010417862125772));
#12815=CARTESIAN_POINT('',(-0.05908468228737,-0.015,0.004582137797634));
#12816=CARTESIAN_POINT('',(-0.05749489798107,-0.015,0.009499999300625));
#12817=CARTESIAN_POINT('',(-0.06095900080756,-0.015,0.0035));
#12818=CARTESIAN_POINT('',(-0.05749489798107,-0.005,0.009499999300625));
#12819=CARTESIAN_POINT('',(0.,0.,-0.02369471100281));
#12820=CARTESIAN_POINT('',(-0.06013318286104,-0.01,0.011023214496472));
#12821=CARTESIAN_POINT('',(-0.05861212483616,-0.01,0.0101450308269));
#12822=CARTESIAN_POINT('',(-0.06095899919243,-0.01,0.0115));
#12823=CARTESIAN_POINT('',(-0.06095899919243,-0.005,0.0115));
#12824=CARTESIAN_POINT('',(-0.06095899919243,-0.005,0.0115));
#12825=CARTESIAN_POINT('',(-0.06532382238781,-0.01,0.008979969328143));
#12826=CARTESIAN_POINT('',(-0.064423101211351,-0.01,0.00950000069937223));
#12827=CARTESIAN_POINT('',(-0.0644231016151346,-0.005,0.00950000046625328));
#12828=CARTESIAN_POINT('',(-0.0644231016151346,-0.005,0.00950000069937504));
#12829=CARTESIAN_POINT('',(-0.0644231016151346,-0.01,0.00950000069937504));
#12830=CARTESIAN_POINT('',(-0.0644231020189205,-0.01,0.00550000069937513));
#12831=CARTESIAN_POINT('',(-0.0644231016151346,-0.005,0.00550000046624927));
#12832=CARTESIAN_POINT('',(-0.06442310201892,-0.005,0.005500000699375));
#12833=CARTESIAN_POINT('',(-0.06380827826833,-0.01,0.005145031875963));
#12834=CARTESIAN_POINT('',(-0.06095900080756,-0.01,0.0035));
#12835=CARTESIAN_POINT('',(-0.06095900080756,-0.005,0.0035));
#12836=CARTESIAN_POINT('',(-0.06095900080756,-0.005,0.0035));
#12837=CARTESIAN_POINT('',(-0.06359177299349,-0.01,0.001979968978455));
#12838=CARTESIAN_POINT('',(-0.06013318286104,-0.01,0.003976785991425));
#12839=CARTESIAN_POINT('',(0.,0.,0.038694679116246));
#12840=CARTESIAN_POINT('',(-0.060959,0.015,0.0075));
#12841=CARTESIAN_POINT('',(-0.060959,-0.0015,0.0075));
#12842=CARTESIAN_POINT('',(-0.058709,-0.0015,0.0075));
#12843=CARTESIAN_POINT('',(-0.060959,0.015,0.0075));
#12844=CARTESIAN_POINT('',(-0.060959,0.015,0.0075));
#12845=CARTESIAN_POINT('',(-0.0590846822881589,0.0149999999984517,0.0062552377274836));
#12846=CARTESIAN_POINT('',(-0.0590846822883696,0.0149999999980368,0.00874476227283388));
#12847=CARTESIAN_POINT('',(-0.05908468228737,0.015,3.330669073875E-18));
#12848=CARTESIAN_POINT('',(-0.060959,0.015,0.0075));
#12849=CARTESIAN_POINT('',(-0.060959,0.0015,0.0075));
#12850=CARTESIAN_POINT('',(-0.058709,0.0015,0.0075));
#12851=CARTESIAN_POINT('',(-0.05908456913246,0.015000445707759,0.008744591869979));
#12852=CARTESIAN_POINT('',(-0.05916263208191,0.014692967128564,0.008862159408054));
#12853=CARTESIAN_POINT('',(-0.05924202817349,0.014372411398513,0.008963066125835));
#12854=CARTESIAN_POINT('',(-0.05932035149754,0.01404709263593,0.009049944402014));
#12855=CARTESIAN_POINT('',(-0.05939652023545,0.013721353360542,0.009125338149059));
#12856=CARTESIAN_POINT('',(-0.05947040140477,0.013396129735992,0.009191520587035));
#12857=CARTESIAN_POINT('',(-0.05954250758163,0.013069271656888,0.009250415830755));
#12858=CARTESIAN_POINT('',(-0.0596962834379,0.012349468021682,0.009365111147296));
#12859=CARTESIAN_POINT('',(-0.05977647062459,0.011959838244195,0.009418067816762));
#12860=CARTESIAN_POINT('',(-0.05985381461809,0.011568854268918,0.009463724018177));
#12861=CARTESIAN_POINT('',(-0.05992809521922,0.011177634229362,0.009503182343308));
#12862=CARTESIAN_POINT('',(-0.05999931276753,0.010786360632984,0.009537379510145));
#12863=CARTESIAN_POINT('',(-0.06006760682808,0.010394329558111,0.0095670964903));
#12864=CARTESIAN_POINT('',(-0.06013318286104,0.01,0.009592970628798));
#12865=CARTESIAN_POINT('',(-0.06013318286104,0.01,0.00959297062879622));
#12866=CARTESIAN_POINT('',(-0.06013318286104,0.01,0.005407029371202));
#12867=CARTESIAN_POINT('',(-0.06004161146128,0.010550647972671,0.005443160423555));
#12868=CARTESIAN_POINT('',(-0.05994570237953,0.01109102989278,0.00548640438419));
#12869=CARTESIAN_POINT('',(-0.0598443671587,0.011629875578423,0.005538506365798));
#12870=CARTESIAN_POINT('',(-0.05973675424527,0.012171080080878,0.005601859907293));
#12871=CARTESIAN_POINT('',(-0.05962269835425,0.012714045990472,0.005679660471006));
#12872=CARTESIAN_POINT('',(-0.05950327806548,0.013253254049507,0.005775930875444));
#12873=CARTESIAN_POINT('',(-0.05934031192224,0.013955668127741,0.005936118781704));
#12874=CARTESIAN_POINT('',(-0.05929858282905,0.014132681922747,0.005979590770982));
#12875=CARTESIAN_POINT('',(-0.05925642787443,0.014308767256254,0.006026260082514));
#12876=CARTESIAN_POINT('',(-0.05921380507215,0.014484124170489,0.006076626724702));
#12877=CARTESIAN_POINT('',(-0.05917078605179,0.014658473614078,0.0061312280815));
#12878=CARTESIAN_POINT('',(-0.05912758173852,0.014831025322127,0.006190628535649));
#12879=CARTESIAN_POINT('',(-0.05908456913246,0.015000445707759,0.006255408130021));
#12880=CARTESIAN_POINT('',(-0.06013318286104,0.01,0.00540702937120378));
#12881=CARTESIAN_POINT('',(-0.060959,0.01,0.0075));
#12882=CARTESIAN_POINT('',(0.075459,0.0175,0.0075));
#12883=CARTESIAN_POINT('',(0.062845450452341,0.030113549547659,0.));
#12884=CARTESIAN_POINT('',(0.072959,0.02,0.));
#12885=CARTESIAN_POINT('',(0.075959,0.017,0.));
#12886=CARTESIAN_POINT('',(0.075959,0.017,0.00375));
#12887=CARTESIAN_POINT('',(0.075959,0.017,0.015));
#12888=CARTESIAN_POINT('',(0.062845450452341,0.030113549547659,0.015));
#12889=CARTESIAN_POINT('',(0.072959,0.02,0.015));
#12890=CARTESIAN_POINT('',(0.072959,0.02,0.0225));
#12891=CARTESIAN_POINT('',(0.067959,0.02,0.0075));
#12892=CARTESIAN_POINT('',(0.037731900904682,0.02,0.));
#12893=CARTESIAN_POINT('',(0.062959,0.02,0.));
#12894=CARTESIAN_POINT('',(0.037731900904682,0.02,0.015));
#12895=CARTESIAN_POINT('',(0.062959,0.02,0.015));
#12896=CARTESIAN_POINT('',(0.062959,0.02,-0.0075));
#12897=CARTESIAN_POINT('',(0.062959,0.,0.0075));
#12898=CARTESIAN_POINT('',(0.062959,-7.945005153808E-19,0.015));
#12899=CARTESIAN_POINT('',(0.062959,-0.02,0.015));
#12900=CARTESIAN_POINT('',(0.062959,-0.02,-0.0075));
#12901=CARTESIAN_POINT('',(0.062959,-0.02,0.));
#12902=CARTESIAN_POINT('',(0.062959,-2.217980605438E-18,0.));
#12903=CARTESIAN_POINT('',(0.067959,-0.02,0.0075));
#12904=CARTESIAN_POINT('',(0.072959,-0.02,0.0225));
#12905=CARTESIAN_POINT('',(0.072958999999994,-0.02,0.015));
#12906=CARTESIAN_POINT('',(0.072958999999994,-0.02,0.));
#12907=CARTESIAN_POINT('',(0.037731900904682,-0.02,0.));
#12908=CARTESIAN_POINT('',(0.037731900904682,-0.02,0.015));
#12909=CARTESIAN_POINT('',(0.075459,-0.0175,0.0075));
#12910=CARTESIAN_POINT('',(0.062845450452341,-0.03011354954765,0.015));
#12911=CARTESIAN_POINT('',(0.075959,-0.016999999999994,0.015));
#12912=CARTESIAN_POINT('',(0.075959,-0.017,0.00375));
#12913=CARTESIAN_POINT('',(0.075959,-0.016999999999994,0.));
#12914=CARTESIAN_POINT('',(0.062845450452341,-0.03011354954765,0.));
#12915=CARTESIAN_POINT('',(0.075959,-0.03,0.));
#12916=CARTESIAN_POINT('',(0.075959,-0.03,0.015));
#12917=CARTESIAN_POINT('',(0.075959,-0.03,0.015));
#12918=CARTESIAN_POINT('',(0.075959,-0.03,0.));
#12919=CARTESIAN_POINT('',(0.075959,-0.03,0.));
#12920=CARTESIAN_POINT('',(0.075959,-0.03,0.));
#12921=CARTESIAN_POINT('',(0.052959,-0.03,0.));
#12922=CARTESIAN_POINT('',(0.052959,-0.03,0.015));
#12923=CARTESIAN_POINT('',(0.053065993639995,-0.03,0.015));
#12924=CARTESIAN_POINT('',(0.053065993639995,-0.03,0.));
#12925=CARTESIAN_POINT('',(0.053065993639995,-0.03,0.));
#12926=CARTESIAN_POINT('',(0.052959,-0.03,0.));
#12927=CARTESIAN_POINT('',(0.,0.,0.));
#12928=CARTESIAN_POINT('',(-0.06013318286104,-0.01,0.));
#12929=CARTESIAN_POINT('',(-0.06013318286104,-0.01,0.015));
#12930=CARTESIAN_POINT('',(-0.06013318286104,-0.01,0.));
#12931=CARTESIAN_POINT('',(-0.06013318286104,-0.01,0.));
#12932=CARTESIAN_POINT('',(0.,0.,0.));
#12933=CARTESIAN_POINT('',(0.,0.,0.015));
#12934=CARTESIAN_POINT('',(-0.065959,-0.01,0.));
#12935=CARTESIAN_POINT('',(-0.065959,-0.01,0.015));
#12936=CARTESIAN_POINT('',(-0.065959,-0.01,0.015));
#12937=CARTESIAN_POINT('',(-0.065959,-0.01,0.));
#12938=CARTESIAN_POINT('',(-0.065959,-0.01,0.));
#12939=CARTESIAN_POINT('',(-0.065959,-0.01,0.));
#12940=CARTESIAN_POINT('',(-0.065959,-0.01,0.));
#12941=CARTESIAN_POINT('',(-0.065959,-0.0015,-0.0005));
#12942=CARTESIAN_POINT('',(-0.065959,-0.0015,0.));
#12943=CARTESIAN_POINT('',(-0.065959,-0.0015,0.015));
#12944=CARTESIAN_POINT('',(-0.065959,-0.01,0.));
#12945=CARTESIAN_POINT('',(-0.065959,-0.01,0.015));
#12946=CARTESIAN_POINT('',(-0.105918,-0.0015,-0.001));
#12947=CARTESIAN_POINT('',(-0.05303779294993,-0.0015,-0.001));
#12948=CARTESIAN_POINT('',(-0.05303779294993,-0.0015,0.015));
#12949=CARTESIAN_POINT('',(-0.05303779294993,-0.0015,0.));
#12950=CARTESIAN_POINT('',(-0.04920659909531,-0.0015,0.));
#12951=CARTESIAN_POINT('',(-0.04920659909531,-0.0015,0.015));
#12952=CARTESIAN_POINT('',(0.,0.,-0.001));
#12953=CARTESIAN_POINT('',(0.,0.,0.015));
#12954=CARTESIAN_POINT('',(-0.05303779294993,0.0015,0.015));
#12955=CARTESIAN_POINT('',(-0.05303779294993,0.0015,-0.001));
#12956=CARTESIAN_POINT('',(-0.05303779294993,0.0015,0.));
#12957=CARTESIAN_POINT('',(0.,0.,0.));
#12958=CARTESIAN_POINT('',(-0.105918,0.0015,-0.001));
#12959=CARTESIAN_POINT('',(-0.04920659909531,0.0015,0.015));
#12960=CARTESIAN_POINT('',(-0.065959,0.0015,0.015));
#12961=CARTESIAN_POINT('',(-0.065959,0.0015,-0.0005));
#12962=CARTESIAN_POINT('',(-0.065959,0.0015,0.));
#12963=CARTESIAN_POINT('',(-0.04920659909531,0.0015,0.));
#12964=CARTESIAN_POINT('',(-0.065959,-0.01,0.));
#12965=CARTESIAN_POINT('',(-0.065959,0.01,0.));
#12966=CARTESIAN_POINT('',(-0.065959,0.01,0.));
#12967=CARTESIAN_POINT('',(-0.065959,0.01,0.015));
#12968=CARTESIAN_POINT('',(-0.065959,-0.01,0.));
#12969=CARTESIAN_POINT('',(-0.065959,-0.01,0.015));
#12970=CARTESIAN_POINT('',(-0.065959,0.01,0.));
#12971=CARTESIAN_POINT('',(-0.065959,0.01,0.));
#12972=CARTESIAN_POINT('',(-0.06013318286104,0.01,0.));
#12973=CARTESIAN_POINT('',(-0.065959,0.01,0.015));
#12974=CARTESIAN_POINT('',(-0.06013318286104,0.01,0.015));
#12975=CARTESIAN_POINT('',(-0.06013318286104,0.01,0.));
#12976=CARTESIAN_POINT('',(-0.06013318286104,0.01,0.));
#12977=CARTESIAN_POINT('',(0.,0.,0.));
#12978=CARTESIAN_POINT('',(0.,0.,0.015));
#12979=CARTESIAN_POINT('',(0.053065993639995,0.03,0.015));
#12980=CARTESIAN_POINT('',(0.053065993639995,0.03,0.));
#12981=CARTESIAN_POINT('',(0.053065993639995,0.03,0.));
#12982=CARTESIAN_POINT('',(0.,0.,0.));
#12983=CARTESIAN_POINT('',(0.007504801809364,-1.589001030762E-18,0.015));
#12984=CARTESIAN_POINT('',(0.052959,0.03,0.015));
#12985=CARTESIAN_POINT('',(0.075959,0.03,0.015));
#12986=CARTESIAN_POINT('',(0.075959,-0.03,0.015));
#12987=CARTESIAN_POINT('',(0.075959,-0.03,0.));
#12988=CARTESIAN_POINT('',(0.075959,-0.03,0.));
#12989=CARTESIAN_POINT('',(0.075959,0.03,0.));
#12990=CARTESIAN_POINT('',(0.075959,0.03,0.));
#12991=CARTESIAN_POINT('',(0.007504801809364,-4.435961210876E-18,0.));
#12992=CARTESIAN_POINT('',(0.052959,0.03,0.));
#12993=CARTESIAN_POINT('',(0.052959,0.03,0.));
#12994=CARTESIAN_POINT('',(-0.0702111509181791,-0.0357099170412334,0.0356959869951465));
#12995=CARTESIAN_POINT('',(0.0143075,-0.02478131692929,0.01016));
#12996=CARTESIAN_POINT('',(0.0143075,-0.02478131692929,0.01016));
#12997=CARTESIAN_POINT('',(0.0143075,-0.02478131692929,0.00856));
#12998=CARTESIAN_POINT('',(0.0143075,-0.02478131692929,0.01016));
#12999=CARTESIAN_POINT('',(0.0143075,-0.02478131692929,0.00591));
#13000=CARTESIAN_POINT('',(-0.028615,3.50432681576E-18,0.01016));
#13001=CARTESIAN_POINT('',(-0.028615,3.50432681576E-18,0.01016));
#13002=CARTESIAN_POINT('',(-0.028615,3.50432681576E-18,0.00856));
#13003=CARTESIAN_POINT('',(-0.028615,3.50432681576E-18,0.01016));
#13004=CARTESIAN_POINT('',(-0.028615,3.50432681576E-18,0.00591));
#13005=CARTESIAN_POINT('',(0.0143075,0.024781316929292,0.01016));
#13006=CARTESIAN_POINT('',(0.0143075,0.024781316929292,0.01016));
#13007=CARTESIAN_POINT('',(0.0143075,0.024781316929292,0.00856));
#13008=CARTESIAN_POINT('',(0.0143075,0.024781316929292,0.01016));
#13009=CARTESIAN_POINT('',(0.0143075,0.024781316929292,0.00591));
#13010=CARTESIAN_POINT('',(0.0094695,-0.01640165512227,0.01016));
#13011=CARTESIAN_POINT('',(0.0099695,-0.01726768052605,0.00856));
#13012=CARTESIAN_POINT('',(0.010159293819915,-0.01715810301303,0.00856));
#13013=CARTESIAN_POINT('',(0.010342898786694,-0.01704885358107,0.008595020803001));
#13014=CARTESIAN_POINT('',(0.010514792944878,-0.01694341514791,0.008661886753731));
#13015=CARTESIAN_POINT('',(0.010670613866666,-0.0168451648752,0.0087561076147));
#13016=CARTESIAN_POINT('',(0.010807263494862,-0.01675709325708,0.008871955057824));
#13017=CARTESIAN_POINT('',(0.010923060471773,-0.01668123102531,0.009002574530437));
#13018=CARTESIAN_POINT('',(0.011107449204611,-0.01655897916293,0.009269489489989));
#13019=CARTESIAN_POINT('',(0.011180507845116,-0.01650973323446,0.009407981340571));
#13020=CARTESIAN_POINT('',(0.011238019933711,-0.0164705060256,0.009552823004869));
#13021=CARTESIAN_POINT('',(0.011280652092226,-0.01644120606398,0.009701978724631));
#13022=CARTESIAN_POINT('',(0.01130888599736,-0.01642172682076,0.009853823273662));
#13023=CARTESIAN_POINT('',(0.011322990909078,-0.01641199554816,0.010006946429559));
#13024=CARTESIAN_POINT('',(0.011322990909078,-0.01641199554816,0.010351452590413));
#13025=CARTESIAN_POINT('',(0.011300921321984,-0.01642722170835,0.010542845480359));
#13026=CARTESIAN_POINT('',(0.01125680117494,-0.01645766180396,0.010731769676655));
#13027=CARTESIAN_POINT('',(0.011189904781451,-0.01650353742768,0.010915507183878));
#13028=CARTESIAN_POINT('',(0.011099035571504,-0.01656513056632,0.011090544527555));
#13029=CARTESIAN_POINT('',(0.010982694870952,-0.01664251076032,0.011252053424283));
#13030=CARTESIAN_POINT('',(0.01071448029697,-0.01681623881611,0.011516072850383));
#13031=CARTESIAN_POINT('',(0.010564598930266,-0.01691176764749,0.011627587783482));
#13032=CARTESIAN_POINT('',(0.01039260772516,-0.01701900273881,0.011714813985811));
#13033=CARTESIAN_POINT('',(0.010204158847661,-0.01713311039537,0.01176912633131));
#13034=CARTESIAN_POINT('',(0.01000716422415,-0.0172483901399,0.011785906046198));
#13035=CARTESIAN_POINT('',(0.00981062297634,-0.01735976176256,0.011764748670036));
#13036=CARTESIAN_POINT('',(0.00950106092437,-0.01753034286357,0.011674016325252));
#13037=CARTESIAN_POINT('',(0.009381913371102,-0.01759470471871,0.01162373176306));
#13038=CARTESIAN_POINT('',(0.009267144133719,-0.01765548482872,0.011559355299811));
#13039=CARTESIAN_POINT('',(0.009158374105541,-0.01771201265775,0.011481641067273));
#13040=CARTESIAN_POINT('',(0.009057148694613,-0.01776373218721,0.011391610449941));
#13041=CARTESIAN_POINT('',(0.008964881496361,-0.01781019461715,0.011290530023698));
#13042=CARTESIAN_POINT('',(0.008792440321315,-0.01789600218632,0.011058149095308));
#13043=CARTESIAN_POINT('',(0.008714390759484,-0.01793417488305,0.010924819413301));
#13044=CARTESIAN_POINT('',(0.008650218444864,-0.01796510873593,0.010781846015328));
#13045=CARTESIAN_POINT('',(0.008601191318455,-0.01798850310703,0.010631428446487));
#13046=CARTESIAN_POINT('',(0.008568200144762,-0.0180041660327,0.010475963453433));
#13047=CARTESIAN_POINT('',(0.008551709616968,-0.01801199554816,0.010317972147965));
#13048=CARTESIAN_POINT('',(0.008551709616968,-0.01801199554816,0.010007095174539));
#13049=CARTESIAN_POINT('',(0.008567159527351,-0.01800466024875,0.00985395080328));
#13050=CARTESIAN_POINT('',(0.008598147617644,-0.01798994783584,0.009702008253629));
#13051=CARTESIAN_POINT('',(0.008644874219518,-0.017967660552,0.00955275887482));
#13052=CARTESIAN_POINT('',(0.008707643587485,-0.01793744689652,0.00940787707663));
#13053=CARTESIAN_POINT('',(0.008786829565251,-0.01789879412589,0.009269411933564));
#13054=CARTESIAN_POINT('',(0.008984801337156,-0.01780028240728,0.009002626091156));
#13055=CARTESIAN_POINT('',(0.009108399892778,-0.01773793031519,0.008871977686099));
#13056=CARTESIAN_POINT('',(0.009253036774827,-0.01766360460631,0.008756085740515));
#13057=CARTESIAN_POINT('',(0.009416090245152,-0.01757775549428,0.008661843191435));
#13058=CARTESIAN_POINT('',(0.009593387691683,-0.01748158686817,0.00859498997679));
#13059=CARTESIAN_POINT('',(0.009779789726526,-0.01737720980351,0.00856));
#13060=CARTESIAN_POINT('',(0.0099695,-0.01726768052605,0.00856));
#13061=CARTESIAN_POINT('',(0.0099695,-0.01726768052605,0.00856));
#13062=CARTESIAN_POINT('',(-0.018939,2.319358572905E-18,0.01016));
#13063=CARTESIAN_POINT('',(-0.019939,3.996802888651E-18,0.00856));
#13064=CARTESIAN_POINT('',(-0.019939,-0.000219155026037,0.00856));
#13065=CARTESIAN_POINT('',(-0.01993618969995,-0.000432786307512,0.008595020803001));
#13066=CARTESIAN_POINT('',(-0.01993082441739,-0.000634370231843,0.008661886753731));
#13067=CARTESIAN_POINT('',(-0.01992364764619,-0.000818440244904,0.0087561076147));
#13068=CARTESIAN_POINT('',(-0.01991570020164,-0.000980818103402,0.008871955057824));
#13069=CARTESIAN_POINT('',(-0.0199079000702,-0.001119032342972,0.009002574530437));
#13070=CARTESIAN_POINT('',(-0.01989422121814,-0.001339843600971,0.00926948948999));
#13071=CARTESIAN_POINT('',(-0.0198881023133,-0.001427737203851,0.009407981340573));
#13072=CARTESIAN_POINT('',(-0.01988288659821,-0.001497157738028,0.00955282300487));
#13073=CARTESIAN_POINT('',(-0.01987882816637,-0.00154872825113,0.009701978724631));
#13074=CARTESIAN_POINT('',(-0.01987607559946,-0.001582919151835,0.009853823273661));
#13075=CARTESIAN_POINT('',(-0.01987470052604,-0.0016,0.010006946429557));
#13076=CARTESIAN_POINT('',(-0.01987470052604,-0.0016,0.010312904830096));
#13077=CARTESIAN_POINT('',(-0.01987607292566,-0.001582952334308,0.010466049185402));
#13078=CARTESIAN_POINT('',(-0.0198788256471,-0.001548759660849,0.010617991754466));
#13079=CARTESIAN_POINT('',(-0.01988288759498,-0.001497149579398,0.010767241129461));
#13080=CARTESIAN_POINT('',(-0.0198881064846,-0.001427682903371,0.010912122914119));
#13081=CARTESIAN_POINT('',(-0.01989422519296,-0.001339779437299,0.011050588070566));
#13082=CARTESIAN_POINT('',(-0.01990606214791,-0.001148701055707,0.011281562156562));
#13083=CARTESIAN_POINT('',(-0.01991162244144,-0.001052221212561,0.011378263444554));
#13084=CARTESIAN_POINT('',(-0.01991731114865,-0.000943399983414,0.011467766933902));
#13085=CARTESIAN_POINT('',(-0.01992283666507,-0.000822625110358,0.011547864632227));
#13086=CARTESIAN_POINT('',(-0.01992785745279,-0.000690640708468,0.011616358089785));
#13087=CARTESIAN_POINT('',(-0.01993202220685,-0.000548559998857,0.011671051125518));
#13088=CARTESIAN_POINT('',(-0.01993882563929,-0.000207707214131,0.011758567245945));
#13089=CARTESIAN_POINT('',(-0.01994070778246,-7.280948624976E-06,0.011781000156331));
#13090=CARTESIAN_POINT('',(-0.0199401330158,0.000196474877152,0.011773478067699));
#13091=CARTESIAN_POINT('',(-0.01993695174804,0.000395751515016,0.011735679635229));
#13092=CARTESIAN_POINT('',(-0.01993171720922,0.000583035639836,0.011670374076164));
#13093=CARTESIAN_POINT('',(-0.01992535230732,0.000752168853186,0.011583341844679));
#13094=CARTESIAN_POINT('',(-0.01991289163656,0.001028151551778,0.011395784196394));
#13095=CARTESIAN_POINT('',(-0.01990674751657,0.001142658864384,0.011296579733478));
#13096=CARTESIAN_POINT('',(-0.01990066672246,0.001242810752753,0.011188350950585));
#13097=CARTESIAN_POINT('',(-0.01989496378633,0.001328816910774,0.011073212518211));
#13098=CARTESIAN_POINT('',(-0.01988987062103,0.001401015879804,0.0109528737434));
#13099=CARTESIAN_POINT('',(-0.01988554437715,0.001459774068751,0.010828737209966));
#13100=CARTESIAN_POINT('',(-0.01987706241281,0.001571796213048,0.010517583734175));
#13101=CARTESIAN_POINT('',(-0.01987387304226,0.001610483698565,0.010327447992609));
#13102=CARTESIAN_POINT('',(-0.01987283057093,0.001622536124594,0.01013464375405));
#13103=CARTESIAN_POINT('',(-0.01987403574125,0.001608240867521,0.009941606785041));
#13104=CARTESIAN_POINT('',(-0.01987744401512,0.001567288730186,0.009750832639382));
#13105=CARTESIAN_POINT('',(-0.01988281621041,0.001498920672207,0.009565327208716));
#13106=CARTESIAN_POINT('',(-0.0198968295389,0.001300131756032,0.00920373151256));
#13107=CARTESIAN_POINT('',(-0.01990588891102,0.001162923798142,0.009021947330301));
#13108=CARTESIAN_POINT('',(-0.01991620909239,0.000988337709507,0.008855832020552));
#13109=CARTESIAN_POINT('',(-0.0199264250385,0.000778255328758,0.008716717036193));
#13110=CARTESIAN_POINT('',(-0.01993458458075,0.000537814324415,0.008615022578039));
#13111=CARTESIAN_POINT('',(-0.019939,0.00027469968992,0.00856));
#13112=CARTESIAN_POINT('',(-0.019939,3.996802888651E-18,0.00856));
#13113=CARTESIAN_POINT('',(-0.019939,3.996802888651E-18,0.00856));
#13114=CARTESIAN_POINT('',(0.0094695,0.016401655122273,0.01016));
#13115=CARTESIAN_POINT('',(0.0099695,0.017267680526058,0.00856));
#13116=CARTESIAN_POINT('',(0.009779706180085,0.017377258039076,0.00856));
#13117=CARTESIAN_POINT('',(0.009593290913264,0.017481639888585,0.008595020803001));
#13118=CARTESIAN_POINT('',(0.009416031472517,0.017577785379753,0.008661886753731));
#13119=CARTESIAN_POINT('',(0.009253033779532,0.017663605120109,0.0087561076147));
#13120=CARTESIAN_POINT('',(0.009108436706786,0.017737911360483,0.008871955057824));
#13121=CARTESIAN_POINT('',(0.008984839598432,0.017800263368286,0.009002574530438));
#13122=CARTESIAN_POINT('',(0.008786772016305,0.017898822762528,0.009269489486256));
#13123=CARTESIAN_POINT('',(0.008707594461075,0.017937470441846,0.009407981348704));
#13124=CARTESIAN_POINT('',(0.008644866672168,0.017967663759819,0.009552823001468));
#13125=CARTESIAN_POINT('',(0.008598176070242,0.017989934317069,0.009701978717413));
#13126=CARTESIAN_POINT('',(0.008567189602924,0.018004645972182,0.009853823283057));
#13127=CARTESIAN_POINT('',(0.008551709616968,0.018011995548163,0.010006946425691));
#13128=CARTESIAN_POINT('',(0.008551709616968,0.018011995548163,0.010351452590414));
#13129=CARTESIAN_POINT('',(0.008575930652044,0.018000495805185,0.010542845480359));
#13130=CARTESIAN_POINT('',(0.008624352621655,0.01797750668483,0.010731769676656));
#13131=CARTESIAN_POINT('',(0.008697530273959,0.01794251052051,0.010915507183877));
#13132=CARTESIAN_POINT('',(0.008796306101692,0.017894612045592,0.011090544527555));
#13133=CARTESIAN_POINT('',(0.008921489665717,0.017832548140417,0.011252053424283));
#13134=CARTESIAN_POINT('',(0.009206049862374,0.01768713153358,0.011516072850383));
#13135=CARTESIAN_POINT('',(0.009363720940494,0.01760509487815,0.011627587783483));
#13136=CARTESIAN_POINT('',(0.009542584856309,0.017509763670961,0.01171481398581));
#13137=CARTESIAN_POINT('',(0.009735629424408,0.017403615984014,0.011769126331311));
#13138=CARTESIAN_POINT('',(0.009933961923472,0.01729065350791,0.011785906046198));
#13139=CARTESIAN_POINT('',(0.01012868320186,0.017176129605746,0.011764748670036));
#13140=CARTESIAN_POINT('',(0.010431191794751,0.016993331555173,0.011674016325243));
#13141=CARTESIAN_POINT('',(0.010546504572902,0.016922327674855,0.011623731763062));
#13142=CARTESIAN_POINT('',(0.010656526310927,0.016853324654707,0.011559355299837));
#13143=CARTESIAN_POINT('',(0.010759865861024,0.016787390961623,0.011481641067265));
#13144=CARTESIAN_POINT('',(0.01085526899286,0.016725586948979,0.0113916104499));
#13145=CARTESIAN_POINT('',(0.010941640236595,0.016668912426356,0.011290530023731));
#13146=CARTESIAN_POINT('',(0.011102172358885,0.016562477772681,0.011058149095308));
#13147=CARTESIAN_POINT('',(0.011174255664898,0.016513971217746,0.010924819413301));
#13148=CARTESIAN_POINT('',(0.011233131324634,0.016473863289502,0.010781846015328));
#13149=CARTESIAN_POINT('',(0.011277905007521,0.01644310173811,0.010631428446487));
#13150=CARTESIAN_POINT('',(0.011307965085894,0.016422362006426,0.010475963453433));
#13151=CARTESIAN_POINT('',(0.011322990909078,0.016411995548163,0.010317972147965));
#13152=CARTESIAN_POINT('',(0.011322990909078,0.016411995548163,0.010007095169894));
#13153=CARTESIAN_POINT('',(0.011308913397322,0.016421707913948,0.00985395081459));
#13154=CARTESIAN_POINT('',(0.011280678034202,0.016441188177371,0.009702008245532));
#13155=CARTESIAN_POINT('',(0.011238013366518,0.016470510968149,0.009552758870544));
#13156=CARTESIAN_POINT('',(0.011180462905175,0.016509763997152,0.009407877085889));
#13157=CARTESIAN_POINT('',(0.011107395624656,0.016559014687066,0.00926941192944));
#13158=CARTESIAN_POINT('',(0.010923096090664,0.016681207409577,0.009002626091153));
#13159=CARTESIAN_POINT('',(0.010807298317124,0.016757070852569,0.0088719776861));
#13160=CARTESIAN_POINT('',(0.010670611924059,0.016845167212307,0.008756085740517));
#13161=CARTESIAN_POINT('',(0.010514737676986,0.016943451103767,0.008661843191436));
#13162=CARTESIAN_POINT('',(0.010342804480457,0.017048910883436,0.008594989976789));
#13163=CARTESIAN_POINT('',(0.010159210273471,0.017158151248601,0.00856));
#13164=CARTESIAN_POINT('',(0.0099695,0.017267680526058,0.00856));
#13165=CARTESIAN_POINT('',(0.0099695,0.017267680526058,0.00856));
#13166=CARTESIAN_POINT('',(0.0143075,-0.02478131692929,0.01016));
#13167=CARTESIAN_POINT('',(0.0155575,-0.02694638043875,0.00591));
#13168=CARTESIAN_POINT('',(0.015722324909273,-0.02685121873301,0.00591));
#13169=CARTESIAN_POINT('',(0.01588623977626,-0.02675504616421,0.005919740675711));
#13170=CARTESIAN_POINT('',(0.016048406138982,-0.02665835470011,0.005939171225463));
#13171=CARTESIAN_POINT('',(0.016208013280237,-0.02656166411974,0.005968087782184));
#13172=CARTESIAN_POINT('',(0.016364290668487,-0.02646551334589,0.006006135734415));
#13173=CARTESIAN_POINT('',(0.016516518968746,-0.02637044968365,0.006052811691695));
#13174=CARTESIAN_POINT('',(0.016664039623471,-0.02627701596495,0.006107465094303));
#13175=CARTESIAN_POINT('',(0.017025166787429,-0.02604524099448,0.006264472133435));
#13176=CARTESIAN_POINT('',(0.017231427193463,-0.02590990810452,0.006376615198419));
#13177=CARTESIAN_POINT('',(0.017424760083333,-0.02578045313482,0.006503604884457));
#13178=CARTESIAN_POINT('',(0.017605056757079,-0.02565747884238,0.006643472139992));
#13179=CARTESIAN_POINT('',(0.017772348824945,-0.02554146997577,0.006794384718012));
#13180=CARTESIAN_POINT('',(0.017926778791151,-0.02543279361622,0.006954630893088));
#13181=CARTESIAN_POINT('',(0.018068576349509,-0.02533170441954,0.007122604817221));
#13182=CARTESIAN_POINT('',(0.018305489063437,-0.02516087921408,0.00744136141227));
#13183=CARTESIAN_POINT('',(0.01840467010254,-0.02508857040034,0.007590516366444));
#13184=CARTESIAN_POINT('',(0.018495841551877,-0.02502144656388,0.007743626468732));
#13185=CARTESIAN_POINT('',(0.018579250247915,-0.02495950609385,0.007900144509301));
#13186=CARTESIAN_POINT('',(0.01865512755072,-0.02490273304673,0.008059597918447));
#13187=CARTESIAN_POINT('',(0.018723685074784,-0.0248511026707,0.008221578708266));
#13188=CARTESIAN_POINT('',(0.018785110419846,-0.02480458693014,0.008385733414323));
#13189=CARTESIAN_POINT('',(0.018902080057823,-0.0247155976069,0.008742360964293));
#13190=CARTESIAN_POINT('',(0.018955405475941,-0.02467474365416,0.008935424785067));
#13191=CARTESIAN_POINT('',(0.018999769553519,-0.02464056638788,0.009130443918902));
#13192=CARTESIAN_POINT('',(0.019035359614177,-0.02461303491647,0.009326976771931));
#13193=CARTESIAN_POINT('',(0.019062318738749,-0.02459212212801,0.009524627390934));
#13194=CARTESIAN_POINT('',(0.019080744596321,-0.02457780757759,0.009723032117119));
#13195=CARTESIAN_POINT('',(0.019090688275274,-0.02457008037467,0.009921846239888));
#13196=CARTESIAN_POINT('',(0.019095831441666,-0.02456608369789,0.010620145222268));
#13197=CARTESIAN_POINT('',(0.019046032083536,-0.02460478150428,0.011118246941525));
#13198=CARTESIAN_POINT('',(0.018943473895916,-0.02468452436437,0.011611116568886));
#13199=CARTESIAN_POINT('',(0.018786058931927,-0.02480596253173,0.012094250226015));
#13200=CARTESIAN_POINT('',(0.018569762232549,-0.02497021527389,0.012560826311671));
#13201=CARTESIAN_POINT('',(0.018289100893663,-0.02517819522069,0.013000633290776));
#13202=CARTESIAN_POINT('',(0.017937554027151,-0.02542941301376,0.013398658999982));
#13203=CARTESIAN_POINT('',(0.017203151848083,-0.025929374878,0.013970156897433));
#13204=CARTESIAN_POINT('',(0.016846454246889,-0.02616608728441,0.014183709309));
#13205=CARTESIAN_POINT('',(0.01644666562038,-0.02642272710133,0.01434870815648));
#13206=CARTESIAN_POINT('',(0.01601458147334,-0.02668888462872,0.01444930230771));
#13207=CARTESIAN_POINT('',(0.015564723581496,-0.02695310231777,0.014477022730536));
#13208=CARTESIAN_POINT('',(0.015113775062645,-0.02720558029039,0.014430804258209));
#13209=CARTESIAN_POINT('',(0.014678729630276,-0.02743875365654,0.014317204213537));
#13210=CARTESIAN_POINT('',(0.013860719672201,-0.02786109121976,0.013980362259493));
#13211=CARTESIAN_POINT('',(0.013483571301471,-0.02804685288447,0.013756461556312));
#13212=CARTESIAN_POINT('',(0.013145942451884,-0.02820630030097,0.013491748915213));
#13213=CARTESIAN_POINT('',(0.01284885072574,-0.02834172651113,0.013196155749518));
#13214=CARTESIAN_POINT('',(0.012592131251201,-0.02845543012376,0.012877606648856));
#13215=CARTESIAN_POINT('',(0.012374913722558,-0.02854946466963,0.012542412451911));
#13216=CARTESIAN_POINT('',(0.012195952452574,-0.02862561230944,0.012195491649313));
#13217=CARTESIAN_POINT('',(0.011894787104671,-0.02875216664267,0.011442741059802));
#13218=CARTESIAN_POINT('',(0.011781530480335,-0.02879857078692,0.011033405493523));
#13219=CARTESIAN_POINT('',(0.011712814205889,-0.02882628100284,0.010617333575535));
#13220=CARTESIAN_POINT('',(0.011687729485877,-0.02883632100476,0.010198033571292));
#13221=CARTESIAN_POINT('',(0.011705932928553,-0.02882904673227,0.009778554415227));
#13222=CARTESIAN_POINT('',(0.011767677709624,-0.02880418414745,0.009361905300828));
#13223=CARTESIAN_POINT('',(0.011873811666237,-0.02876078856166,0.008951477117217));
#13224=CARTESIAN_POINT('',(0.012088847206246,-0.02867067629975,0.008385733403048));
#13225=CARTESIAN_POINT('',(0.012159843683016,-0.02864073826456,0.008221578714134));
#13226=CARTESIAN_POINT('',(0.012238835661351,-0.02860718089546,0.008059597929437));
#13227=CARTESIAN_POINT('',(0.012325941220918,-0.02856985574408,0.007900144509845));
#13228=CARTESIAN_POINT('',(0.012421287595084,-0.02852859192701,0.007743626458334));
#13229=CARTESIAN_POINT('',(0.01252500426287,-0.02848319705605,0.007590516360021));
#13230=CARTESIAN_POINT('',(0.012637216040912,-0.02843345816841,0.007441361422222));
#13231=CARTESIAN_POINT('',(0.012903611373729,-0.02831369833866,0.007122604817221));
#13232=CARTESIAN_POINT('',(0.013062055965281,-0.02824144264927,0.006954630893088));
#13233=CARTESIAN_POINT('',(0.013233387436542,-0.0281620405552,0.006794384718012));
#13234=CARTESIAN_POINT('',(0.013417500096023,-0.02807516580788,0.006643472139992));
#13235=CARTESIAN_POINT('',(0.013614147294162,-0.02798051145442,0.006503604884457));
#13236=CARTESIAN_POINT('',(0.013822925031506,-0.02787780774526,0.006376615198419));
#13237=CARTESIAN_POINT('',(0.014043256955197,-0.02776684743882,0.006264472133435));
#13238=CARTESIAN_POINT('',(0.01442454270217,-0.02756999006358,0.006107465443245));
#13239=CARTESIAN_POINT('',(0.014579219105541,-0.02748895024897,0.006052811896027));
#13240=CARTESIAN_POINT('',(0.014737661605845,-0.02740464809145,0.006006135607697));
#13241=CARTESIAN_POINT('',(0.014899070471889,-0.02731738266384,0.005968087386489));
#13242=CARTESIAN_POINT('',(0.015062611631853,-0.02722750349495,0.005939170775804));
#13243=CARTESIAN_POINT('',(0.015227432610795,-0.0271354087009,0.005919740407557));
#13244=CARTESIAN_POINT('',(0.015392677363121,-0.02704154083252,0.00591));
#13245=CARTESIAN_POINT('',(0.0155575,-0.02694638043875,0.00591));
#13246=CARTESIAN_POINT('',(0.0155575,-0.02694638043875,0.00591));
#13247=CARTESIAN_POINT('',(-0.028615,3.50432681576E-18,0.01016));
#13248=CARTESIAN_POINT('',(-0.031115,6.217248937901E-18,0.00591));
#13249=CARTESIAN_POINT('',(-0.031115,-0.000217512470306,0.00591));
#13250=CARTESIAN_POINT('',(-0.03111322606101,-0.000434648022914,0.005922987567621));
#13251=CARTESIAN_POINT('',(-0.03110968910401,-0.000649851276696,0.005948881420169));
#13252=CARTESIAN_POINT('',(-0.0311044759652,-0.000861587094604,0.005987294144184));
#13253=CARTESIAN_POINT('',(-0.03109774596727,-0.001068380871273,0.006037538384778));
#13254=CARTESIAN_POINT('',(-0.03108971737672,-0.001268858055012,0.006098631612451));
#13255=CARTESIAN_POINT('',(-0.03106667802768,-0.001758724092931,0.006278068228584));
#13256=CARTESIAN_POINT('',(-0.03105024362406,-0.002037624823342,0.006409464188364));
#13257=CARTESIAN_POINT('',(-0.03103210562955,-0.002297518417363,0.006560089302113));
#13258=CARTESIAN_POINT('',(-0.03101300807665,-0.002537855513652,0.00672685497787));
#13259=CARTESIAN_POINT('',(-0.03099361656954,-0.002758429022409,0.006906934284915));
#13260=CARTESIAN_POINT('',(-0.03097448931708,-0.00295930906497,0.00709772071761));
#13261=CARTESIAN_POINT('',(-0.03094079490395,-0.003291406254162,0.007462013980467));
#13262=CARTESIAN_POINT('',(-0.03092596751598,-0.003429033453777,0.007633350486539));
#13263=CARTESIAN_POINT('',(-0.03091182611527,-0.003554012501259,0.007809792041411));
#13264=CARTESIAN_POINT('',(-0.03089855681931,-0.003666686797085,0.007990496978279));
#13265=CARTESIAN_POINT('',(-0.03088630721262,-0.003767382944216,0.008174766181367));
#13266=CARTESIAN_POINT('',(-0.03087519340918,-0.003856393554334,0.008362016312437));
#13267=CARTESIAN_POINT('',(-0.03085367650435,-0.004025212217169,0.008774966494459));
#13268=CARTESIAN_POINT('',(-0.03084374519092,-0.004100624973993,0.009001618986791));
#13269=CARTESIAN_POINT('',(-0.03083566404317,-0.00416056880483,0.009230848784258));
#13270=CARTESIAN_POINT('',(-0.03082953828967,-0.004205330993911,0.009461923661105));
#13271=CARTESIAN_POINT('',(-0.03082543315895,-0.004235108362171,0.009694200939931));
#13272=CARTESIAN_POINT('',(-0.03082337951944,-0.00425,0.009927087535742));
#13273=CARTESIAN_POINT('',(-0.03082337951944,-0.00425,0.010478390912652));
#13274=CARTESIAN_POINT('',(-0.03082721653582,-0.004222172369035,0.010796651698496));
#13275=CARTESIAN_POINT('',(-0.03083488467891,-0.004166556724697,0.011113363048189));
#13276=CARTESIAN_POINT('',(-0.03084627306348,-0.004082794937136,0.011427034848736));
#13277=CARTESIAN_POINT('',(-0.03086115662524,-0.003970179140552,0.011735947474527));
#13278=CARTESIAN_POINT('',(-0.03087915838032,-0.003827707733595,0.012037945319583));
#13279=CARTESIAN_POINT('',(-0.03091553631636,-0.003520093954593,0.012555904827387));
#13280=CARTESIAN_POINT('',(-0.03093290686381,-0.003367390834703,0.012775973735615));
#13281=CARTESIAN_POINT('',(-0.03095152049804,-0.003195452953982,0.012989014258272));
#13282=CARTESIAN_POINT('',(-0.03097102222259,-0.003003648023806,0.013193357762662));
#13283=CARTESIAN_POINT('',(-0.03099094781197,-0.002791376870921,0.013386964983494));
#13284=CARTESIAN_POINT('',(-0.03101071007247,-0.002558159199318,0.013567343868135));
#13285=CARTESIAN_POINT('',(-0.03104404590346,-0.002109148703511,0.01385697243167));
#13286=CARTESIAN_POINT('',(-0.03105802377111,-0.00190159767767,0.013973337058458));
#13287=CARTESIAN_POINT('',(-0.03107113760004,-0.001681815817576,0.014078458770809));
#13288=CARTESIAN_POINT('',(-0.03108297185108,-0.001450800879249,0.014170430340981));
#13289=CARTESIAN_POINT('',(-0.03109312450537,-0.001209779312725,0.014247540844704));
#13290=CARTESIAN_POINT('',(-0.03110124025255,-0.000960179330133,0.014308281778374));
#13291=CARTESIAN_POINT('',(-0.03111406801396,-0.000393051017518,0.014403485813353));
#13292=CARTESIAN_POINT('',(-0.03111766191571,-7.417370912094E-05,0.014429413990509));
#13293=CARTESIAN_POINT('',(-0.03111736196606,0.000247875616326,0.014427052812879));
#13294=CARTESIAN_POINT('',(-0.03111304578631,0.000567662863944,0.014395983649436));
#13295=CARTESIAN_POINT('',(-0.03110501278643,0.000879803842889,0.014337417751723));
#13296=CARTESIAN_POINT('',(-0.03109393010603,0.001179286382991,0.014254178250828));
#13297=CARTESIAN_POINT('',(-0.03106667802768,0.001758724092931,0.014041931771416));
#13298=CARTESIAN_POINT('',(-0.03105024362406,0.002037624823342,0.013910535811636));
#13299=CARTESIAN_POINT('',(-0.03103210562955,0.002297518417363,0.013759910697887));
#13300=CARTESIAN_POINT('',(-0.03101300807665,0.002537855513652,0.01359314502213));
#13301=CARTESIAN_POINT('',(-0.03099361656954,0.002758429022409,0.013413065715085));
#13302=CARTESIAN_POINT('',(-0.03097448931708,0.00295930906497,0.01322227928239));
#13303=CARTESIAN_POINT('',(-0.03094079490395,0.003291406254162,0.012857986019533));
#13304=CARTESIAN_POINT('',(-0.03092596751598,0.003429033453777,0.012686649513461));
#13305=CARTESIAN_POINT('',(-0.03091182611527,0.003554012501259,0.012510207958589));
#13306=CARTESIAN_POINT('',(-0.03089855681931,0.003666686797085,0.01232950302172));
#13307=CARTESIAN_POINT('',(-0.03088630721262,0.003767382944216,0.012145233818633));
#13308=CARTESIAN_POINT('',(-0.03087519340918,0.003856393554334,0.011957983687563));
#13309=CARTESIAN_POINT('',(-0.03085367650435,0.004025212217169,0.011545033505541));
#13310=CARTESIAN_POINT('',(-0.03084374519092,0.004100624973993,0.011318381013209));
#13311=CARTESIAN_POINT('',(-0.03083566404317,0.00416056880483,0.011089151215742));
#13312=CARTESIAN_POINT('',(-0.03082953828967,0.004205330993911,0.010858076338895));
#13313=CARTESIAN_POINT('',(-0.03082543315895,0.004235108362171,0.010625799060069));
#13314=CARTESIAN_POINT('',(-0.03082337951944,0.00425,0.010392912464258));
#13315=CARTESIAN_POINT('',(-0.03082337951944,0.00425,0.009841609087348));
#13316=CARTESIAN_POINT('',(-0.03082721653582,0.004222172369035,0.009523348301504));
#13317=CARTESIAN_POINT('',(-0.03083488467891,0.004166556724697,0.009206636951811));
#13318=CARTESIAN_POINT('',(-0.03084627306348,0.004082794937136,0.008892965151264));
#13319=CARTESIAN_POINT('',(-0.03086115662524,0.003970179140552,0.008584052525473));
#13320=CARTESIAN_POINT('',(-0.03087915838032,0.003827707733595,0.008282054680417));
#13321=CARTESIAN_POINT('',(-0.03091553631636,0.003520093954593,0.007764095172613));
#13322=CARTESIAN_POINT('',(-0.03093290686381,0.003367390834703,0.007544026264385));
#13323=CARTESIAN_POINT('',(-0.03095152049804,0.003195452953981,0.007330985741728));
#13324=CARTESIAN_POINT('',(-0.03097102222259,0.003003648023806,0.007126642237338));
#13325=CARTESIAN_POINT('',(-0.03099094781197,0.002791376870922,0.006933035016506));
#13326=CARTESIAN_POINT('',(-0.03101071007247,0.002558159199318,0.006752656131865));
#13327=CARTESIAN_POINT('',(-0.03104953226087,0.002035251278765,0.006415360965483));
#13328=CARTESIAN_POINT('',(-0.0310687077281,0.001740266680847,0.006258426959884));
#13329=CARTESIAN_POINT('',(-0.03108596069014,0.001421527986517,0.006124576159995));
#13330=CARTESIAN_POINT('',(-0.03110006624865,0.001082969378935,0.006019334419083));
#13331=CARTESIAN_POINT('',(-0.03110996238845,0.000729467996978,0.005946880837304));
#13332=CARTESIAN_POINT('',(-0.031115,0.000366540572628,0.00591));
#13333=CARTESIAN_POINT('',(-0.031115,6.217248937901E-18,0.00591));
#13334=CARTESIAN_POINT('',(-0.031115,6.217248937901E-18,0.00591));
#13335=CARTESIAN_POINT('',(0.0143075,0.024781316929292,0.01016));
#13336=CARTESIAN_POINT('',(0.0155575,0.026946380438753,0.00591));
#13337=CARTESIAN_POINT('',(0.015392675090727,0.027041542144491,0.00591));
#13338=CARTESIAN_POINT('',(0.015227429769503,0.027135410298958,0.005919740675711));
#13339=CARTESIAN_POINT('',(0.015062609323908,0.027227504756668,0.005939171225463));
#13340=CARTESIAN_POINT('',(0.014899069254371,0.027317383305434,0.005968087782184));
#13341=CARTESIAN_POINT('',(0.014737661547495,0.027404648106768,0.006006135734415));
#13342=CARTESIAN_POINT('',(0.014579219850894,0.02748894985085,0.006052811691695));
#13343=CARTESIAN_POINT('',(0.014424543549563,0.027569989626073,0.006107465094303));
#13344=CARTESIAN_POINT('',(0.014043256955169,0.027766847438837,0.006264472133446));
#13345=CARTESIAN_POINT('',(0.013822925031496,0.027877807745267,0.006376615198428));
#13346=CARTESIAN_POINT('',(0.013614147294175,0.027980511454418,0.006503604884452));
#13347=CARTESIAN_POINT('',(0.013417500096045,0.028075165807877,0.006643472139975));
#13348=CARTESIAN_POINT('',(0.013233387436554,0.028162040555201,0.006794384717997));
#13349=CARTESIAN_POINT('',(0.013062055965272,0.028241442649277,0.006954630893093));
#13350=CARTESIAN_POINT('',(0.012903611373708,0.028313698338675,0.007122604817246));
#13351=CARTESIAN_POINT('',(0.012637216040912,0.028433458168415,0.007441361422222));
#13352=CARTESIAN_POINT('',(0.01252500426287,0.028483197056054,0.007590516360021));
#13353=CARTESIAN_POINT('',(0.012421287595084,0.028528591927017,0.007743626458334));
#13354=CARTESIAN_POINT('',(0.012325941220918,0.028569855744082,0.007900144509845));
#13355=CARTESIAN_POINT('',(0.012238835661351,0.028607180895463,0.008059597929437));
#13356=CARTESIAN_POINT('',(0.012159843683016,0.028640738264569,0.008221578714134));
#13357=CARTESIAN_POINT('',(0.012088847206246,0.028670676299758,0.008385733403048));
#13358=CARTESIAN_POINT('',(0.011953295368384,0.028727480317895,0.008742360964293));
#13359=CARTESIAN_POINT('',(0.011891252098407,0.028753234508283,0.008935424785067));
#13360=CARTESIAN_POINT('',(0.011839471678788,0.028774566293341,0.009130443918902));
#13361=CARTESIAN_POINT('',(0.011797833694815,0.028791622454289,0.009326976771931));
#13362=CARTESIAN_POINT('',(0.011766243126458,0.028804513346802,0.009524627390934));
#13363=CARTESIAN_POINT('',(0.011744633433364,0.028813313332335,0.009723032117119));
#13364=CARTESIAN_POINT('',(0.011732969639854,0.028818061209452,0.009921846239888));
#13365=CARTESIAN_POINT('',(0.011726936833037,0.028820516983815,0.01062014522228));
#13366=CARTESIAN_POINT('',(0.011785349795513,0.028796738377774,0.011118246941486));
#13367=CARTESIAN_POINT('',(0.011905688231901,0.028747791811991,0.011611116568933));
#13368=CARTESIAN_POINT('',(0.012089564251898,0.028672185537879,0.012094250226001));
#13369=CARTESIAN_POINT('',(0.012339959648821,0.028566993472605,0.012560826311647));
#13370=CARTESIAN_POINT('',(0.012660406235774,0.028427923596614,0.013000633290803));
#13371=CARTESIAN_POINT('',(0.013053740659661,0.028249083976159,0.013398658999973));
#13372=CARTESIAN_POINT('',(0.013853921424558,0.027863053964604,0.013970156897432));
#13373=CARTESIAN_POINT('',(0.014237269182504,0.027672500983704,0.014183709309002));
#13374=CARTESIAN_POINT('',(0.014659420096821,0.027454593785465,0.014348708156478));
#13375=CARTESIAN_POINT('',(0.015105961350479,0.027213476701248,0.01444930230771));
#13376=CARTESIAN_POINT('',(0.015559709527249,0.026955997183349,0.014477022730537));
#13377=CARTESIAN_POINT('',(0.016003836124859,0.02669170329653,0.014430804258208));
#13378=CARTESIAN_POINT('',(0.01642329289961,0.026431529583375,0.014317204213538));
#13379=CARTESIAN_POINT('',(0.017198052937371,0.025934280960743,0.013980362259493));
#13380=CARTESIAN_POINT('',(0.017547501443427,0.025700541723051,0.013756461556311));
#13381=CARTESIAN_POINT('',(0.017854401381472,0.025487870270506,0.013491748915213));
#13382=CARTESIAN_POINT('',(0.018120229782882,0.025298294393491,0.013196155749519));
#13383=CARTESIAN_POINT('',(0.01834705973719,0.025132820613209,0.012877606648857));
#13384=CARTESIAN_POINT('',(0.018537104807068,0.024991721988191,0.01254241245191));
#13385=CARTESIAN_POINT('',(0.018692531232574,0.024874810801998,0.012195491649314));
#13386=CARTESIAN_POINT('',(0.018952713174066,0.024677271126591,0.011442741059801));
#13387=CARTESIAN_POINT('',(0.019049528653994,0.024602390084894,0.011033405493524));
#13388=CARTESIAN_POINT('',(0.019107884542152,0.024556735153531,0.010617333575535));
#13389=CARTESIAN_POINT('',(0.019129121798872,0.024540031149713,0.010198033571291));
#13390=CARTESIAN_POINT('',(0.019113720372761,0.024552158657261,0.009778554415227));
#13391=CARTESIAN_POINT('',(0.019061316352167,0.024593199913808,0.009361905300829));
#13392=CARTESIAN_POINT('',(0.018970667694153,0.024663416823544,0.008951477117216));
#13393=CARTESIAN_POINT('',(0.018785110416148,0.024804586932957,0.008385733403048));
#13394=CARTESIAN_POINT('',(0.01872368507875,0.024851102667824,0.008221578714134));
#13395=CARTESIAN_POINT('',(0.018655127555453,0.024902733043204,0.008059597929437));
#13396=CARTESIAN_POINT('',(0.018579250246372,0.02495950609491,0.007900144509845));
#13397=CARTESIAN_POINT('',(0.018495841545454,0.025021446568564,0.007743626458334));
#13398=CARTESIAN_POINT('',(0.018404670100106,0.02508857040218,0.007590516360021));
#13399=CARTESIAN_POINT('',(0.018305489070833,0.025160879208749,0.007441361422222));
#13400=CARTESIAN_POINT('',(0.018068576349539,0.025331704419522,0.007122604817262));
#13401=CARTESIAN_POINT('',(0.017926778791164,0.025432793616214,0.006954630893096));
#13402=CARTESIAN_POINT('',(0.017772348824928,0.025541469975783,0.006794384717988));
#13403=CARTESIAN_POINT('',(0.017605056757046,0.025657478842403,0.006643472139964));
#13404=CARTESIAN_POINT('',(0.017424760083312,0.025780453134833,0.006503604884449));
#13405=CARTESIAN_POINT('',(0.017231427193477,0.025909908104513,0.006376615198434));
#13406=CARTESIAN_POINT('',(0.017025166787472,0.026045240994457,0.006264472133453));
#13407=CARTESIAN_POINT('',(0.016664040426061,0.026277015449843,0.006107465443245));
#13408=CARTESIAN_POINT('',(0.016516519686204,0.026370449237223,0.006052811896027));
#13409=CARTESIAN_POINT('',(0.01636429062605,0.026465513388768,0.006006135607697));
#13410=CARTESIAN_POINT('',(0.016208012115848,0.026561664853355,0.005968087386489));
#13411=CARTESIAN_POINT('',(0.016048403892332,0.026658356068,0.005939170775804));
#13412=CARTESIAN_POINT('',(0.015886236971656,0.026755047825815,0.005919740407557));
#13413=CARTESIAN_POINT('',(0.015722322636879,0.026851220044982,0.00591));
#13414=CARTESIAN_POINT('',(0.0155575,0.026946380438753,0.00591));
#13415=CARTESIAN_POINT('',(0.0155575,0.026946380438753,0.00591));
#13416=CARTESIAN_POINT('',(0.,0.,0.02032));
#13417=CARTESIAN_POINT('',(0.,0.,0.02032));
#13418=CARTESIAN_POINT('',(0.019939,0.,0.02032));
#13419=CARTESIAN_POINT('',(0.,0.,0.02032));
#13420=CARTESIAN_POINT('',(0.031115,0.,0.02032));
#13421=CARTESIAN_POINT('',(0.,0.,-0.001));
#13422=CARTESIAN_POINT('',(0.,0.,0.));
#13423=CARTESIAN_POINT('',(0.019939,0.,0.));
#13424=CARTESIAN_POINT('',(0.049599095201492,0.016822965025902,0.003175));
#13425=CARTESIAN_POINT('',(0.049632090187073,0.016785580039024,0.007350000190735));
#13426=CARTESIAN_POINT('',(0.049632090187073,0.016785580039024,0.00635));
#13427=CARTESIAN_POINT('',(0.049632090187073,0.016785580039024,0.));
#13428=CARTESIAN_POINT('',(0.048159872053809,0.01845367761884,0.00635));
#13429=CARTESIAN_POINT('',(0.0495661002159307,0.0168603500127576,0.00635));
#13430=CARTESIAN_POINT('',(0.0495661007821044,0.0168603493712543,0.003175));
#13431=CARTESIAN_POINT('',(0.049566100215918,0.0168603500127723,0.));
#13432=CARTESIAN_POINT('',(0.049178449957064,0.017299577355514,0.));
#13433=CARTESIAN_POINT('',(0.049531285142899,0.016896040022373,0.003175));
#13434=CARTESIAN_POINT('',(0.049531285142899,0.016896040022373,0.00635));
#13435=CARTESIAN_POINT('',(0.0494964700698694,0.016931730031981,0.00635));
#13436=CARTESIAN_POINT('',(0.049496471267201,0.0169317288656625,0.003175));
#13437=CARTESIAN_POINT('',(0.049496470069882,0.0169317300319697,0.));
#13438=CARTESIAN_POINT('',(0.049531285142899,0.016896040022373,0.));
#13439=CARTESIAN_POINT('',(0.049459920024872,0.01696564501524,0.003175));
#13440=CARTESIAN_POINT('',(0.049459920024872,0.01696564501524,0.00635));
#13441=CARTESIAN_POINT('',(0.0494233699798675,0.0169995599985029,0.00635));
#13442=CARTESIAN_POINT('',(0.0494233694761846,0.0169995605211826,0.003175));
#13443=CARTESIAN_POINT('',(0.0494233699798627,0.0169995599985078,0.));
#13444=CARTESIAN_POINT('',(0.049459920024872,0.01696564501524,0.));
#13445=CARTESIAN_POINT('',(0.049385175085068,0.017031610012054,0.003175));
#13446=CARTESIAN_POINT('',(0.049385175085068,0.017031610012054,0.00635));
#13447=CARTESIAN_POINT('',(0.0493469801902533,0.0170636600256149,0.00635));
#13448=CARTESIAN_POINT('',(0.0493469800710616,0.0170636600256017,0.003175));
#13449=CARTESIAN_POINT('',(0.0493469801902672,0.0170636600256042,-1.480297366167E-19));
#13450=CARTESIAN_POINT('',(0.049385175085068,0.017031610012054,0.));
#13451=CARTESIAN_POINT('',(0.049307235097885,0.017093770027161,0.003175));
#13452=CARTESIAN_POINT('',(0.049307235097885,0.017093770027161,0.00635));
#13453=CARTESIAN_POINT('',(0.0492674900055408,0.0171238800286888,0.00635));
#13454=CARTESIAN_POINT('',(0.0492674906599881,0.0171238796232031,0.003175));
#13455=CARTESIAN_POINT('',(0.0492674900055052,0.0171238800287156,-1.480297366167E-19));
#13456=CARTESIAN_POINT('',(0.049307235097885,0.017093770027161,0.));
#13457=CARTESIAN_POINT('',(0.049226290082932,0.017151965022087,0.003175));
#13458=CARTESIAN_POINT('',(0.049226290082932,0.017151965022087,0.00635));
#13459=CARTESIAN_POINT('',(0.0491850901602995,0.0171800500154943,0.00635));
#13460=CARTESIAN_POINT('',(0.0491850901007684,0.0171800500154476,0.003175));
#13461=CARTESIAN_POINT('',(0.049185090160346,0.0171800500154651,0.));
#13462=CARTESIAN_POINT('',(0.049226290082932,0.017151965022087,0.));
#13463=CARTESIAN_POINT('',(0.049142545080185,0.017206049978733,0.003175));
#13464=CARTESIAN_POINT('',(0.0491000054220323,0.0172320466649486,0.003175));
#13465=CARTESIAN_POINT('',(0.0491000018047111,0.0172320488452014,0.00635));
#13466=CARTESIAN_POINT('',(0.0491000018046661,0.0172320488452281,-7.2280144832367E-20));
#13467=CARTESIAN_POINT('',(0.049142545080185,0.017206049978733,0.));
#13468=CARTESIAN_POINT('',(0.049142545080185,0.017206049978733,0.00635));
#13469=CARTESIAN_POINT('',(0.049056209897995,0.017255894958973,0.003175));
#13470=CARTESIAN_POINT('',(0.049056209897995,0.017255894958973,0.));
#13471=CARTESIAN_POINT('',(0.0490124232329608,0.0172797383207502,0.));
#13472=CARTESIAN_POINT('',(0.049056209897995,0.017255894958973,0.00635));
#13473=CARTESIAN_POINT('',(0.0490124232329662,0.0172797383207472,0.00635));
#13474=CARTESIAN_POINT('',(0.0490124249514328,0.0172797374931682,0.003175));
#13475=CARTESIAN_POINT('',(0.048967494821548,0.017301374971867,0.003175));
#13476=CARTESIAN_POINT('',(0.048922569847107,0.017323009967804,-0.001000000190735));
#13477=CARTESIAN_POINT('',(0.048922569847107,0.017323009967804,0.));
#13478=CARTESIAN_POINT('',(0.048922569847107,0.017323009967804,0.00635));
#13479=CARTESIAN_POINT('',(0.044089334473893,0.019650602336272,0.));
#13480=CARTESIAN_POINT('',(0.036608712599992,0.023253124671846,0.00635));
#13481=CARTESIAN_POINT('',(0.048876624917984,0.01734237998724,0.003175));
#13482=CARTESIAN_POINT('',(0.035015949373923,0.023185931382533,0.00635));
#13483=CARTESIAN_POINT('',(0.0488306799888429,0.0173617500066824,0.00635));
#13484=CARTESIAN_POINT('',(0.048830682996084,0.0173617487388544,0.003175));
#13485=CARTESIAN_POINT('',(0.0488306799888493,0.01736175000668,0.));
#13486=CARTESIAN_POINT('',(0.043379345200987,0.019659989721228,0.));
#13487=CARTESIAN_POINT('',(0.048783825016022,0.017378799974918,0.003175));
#13488=CARTESIAN_POINT('',(0.048783825016022,0.017378799974918,0.00635));
#13489=CARTESIAN_POINT('',(0.0487369700431974,0.0173958499431555,0.00635));
#13490=CARTESIAN_POINT('',(0.0487369680288979,0.0173958508496596,0.003175));
#13491=CARTESIAN_POINT('',(0.0487369700431885,0.0173958499431587,0.));
#13492=CARTESIAN_POINT('',(0.048783825016022,0.017378799974918,0.));
#13493=CARTESIAN_POINT('',(0.048689324951172,0.017410549998283,0.003175));
#13494=CARTESIAN_POINT('',(0.048689324951172,0.017410549998283,0.00635));
#13495=CARTESIAN_POINT('',(0.0486416772135819,0.0174252507271159,0.00635));
#13496=CARTESIAN_POINT('',(0.0486416761175088,0.0174252509227652,0.003175));
#13497=CARTESIAN_POINT('',(0.0486416753427247,0.0174252511618066,0.));
#13498=CARTESIAN_POINT('',(0.048689324951172,0.017410549998283,0.));
#13499=CARTESIAN_POINT('',(0.048593360042572,0.017437555015087,0.003175));
#13500=CARTESIAN_POINT('',(0.048593360042572,0.017437555015087,0.00635));
#13501=CARTESIAN_POINT('',(0.048545040225961,0.0174498599767701,0.00635));
#13502=CARTESIAN_POINT('',(0.0485450418164545,0.0174498596552249,0.003175));
#13503=CARTESIAN_POINT('',(0.0485450402259783,0.017449859976768,0.));
#13504=CARTESIAN_POINT('',(0.048593360042572,0.017437555015087,0.));
#13505=CARTESIAN_POINT('',(0.048496170139313,0.017459739983082,0.003175));
#13506=CARTESIAN_POINT('',(0.028949829613674,0.021411400005706,0.00635));
#13507=CARTESIAN_POINT('',(0.0484473000527033,0.0174696199893803,0.00635));
#13508=CARTESIAN_POINT('',(0.0484473014050598,0.0174696197159789,0.003175));
#13509=CARTESIAN_POINT('',(0.0484473000526607,0.0174696199893902,-1.480297366167E-19));
#13510=CARTESIAN_POINT('',(0.040642241351848,0.019047559266658,0.));
#13511=CARTESIAN_POINT('',(0.048397995090485,0.01747705000639,0.003175));
#13512=CARTESIAN_POINT('',(0.048397995090485,0.01747705000639,0.));
#13513=CARTESIAN_POINT('',(0.0483486901282912,0.0174844800233872,-2.960594732334E-19));
#13514=CARTESIAN_POINT('',(0.048397995090485,0.01747705000639,0.00635));
#13515=CARTESIAN_POINT('',(0.0483486901282271,0.0174844800233933,0.00635));
#13516=CARTESIAN_POINT('',(0.0483486947584929,0.0174844793952467,0.003175));
#13517=CARTESIAN_POINT('',(0.048299074983597,0.017489445030689,0.003175));
#13518=CARTESIAN_POINT('',(0.048299074983597,0.017489445030689,0.));
#13519=CARTESIAN_POINT('',(0.0482494598388675,0.0174944100379938,-1.480297366167E-19));
#13520=CARTESIAN_POINT('',(0.048299074983597,0.017489445030689,0.00635));
#13521=CARTESIAN_POINT('',(0.0482494598388591,0.0174944100379945,0.00635));
#13522=CARTESIAN_POINT('',(0.0482494637380412,0.0174944098125685,0.003175));
#13523=CARTESIAN_POINT('',(0.048199659919739,0.01749689501524,0.003175));
#13524=CARTESIAN_POINT('',(0.0481498606190154,0.017499379992485,0.003175));
#13525=CARTESIAN_POINT('',(0.0481498600006083,0.017499379992485,0.00635));
#13526=CARTESIAN_POINT('',(0.0481498600006033,0.017499379992485,0.));
#13527=CARTESIAN_POINT('',(0.048199659919739,0.01749689501524,0.));
#13528=CARTESIAN_POINT('',(0.048199659919739,0.01749689501524,0.00635));
#13529=CARTESIAN_POINT('',(0.045599999299645,0.017499379992485,0.003175));
#13530=CARTESIAN_POINT('',(0.0430501392170718,0.017499379992485,0.003175));
#13531=CARTESIAN_POINT('',(0.0430501385986769,0.017499379992485,0.00635));
#13532=CARTESIAN_POINT('',(0.0430501385986759,0.017499379992485,-1.480297366167E-19));
#13533=CARTESIAN_POINT('',(0.037108241170586,0.017499379992485,0.));
#13534=CARTESIAN_POINT('',(0.022799999649823,0.017499379992485,0.00635));
#13535=CARTESIAN_POINT('',(0.04300033929795,0.01749689501524,0.003175));
#13536=CARTESIAN_POINT('',(0.04300033929795,0.01749689501524,0.00635));
#13537=CARTESIAN_POINT('',(0.0429505399972123,0.017494410037994,0.00635));
#13538=CARTESIAN_POINT('',(0.0429505438965086,0.0174944102634237,0.003175));
#13539=CARTESIAN_POINT('',(0.0429505399972172,0.0174944100379943,-1.480297366167E-19));
#13540=CARTESIAN_POINT('',(0.04300033929795,0.01749689501524,0.));
#13541=CARTESIAN_POINT('',(0.042900926499069,0.017489445030689,0.003175));
#13542=CARTESIAN_POINT('',(0.042900926499069,0.017489445030689,0.00635));
#13543=CARTESIAN_POINT('',(0.0428513130008964,0.0174844800233825,0.00635));
#13544=CARTESIAN_POINT('',(0.0428513176307614,0.0174844806514679,0.003175));
#13545=CARTESIAN_POINT('',(0.042851313000905,0.0174844800233831,0.));
#13546=CARTESIAN_POINT('',(0.042900926499069,0.017489445030689,0.));
#13547=CARTESIAN_POINT('',(0.042802008500695,0.01747705000639,0.003175));
#13548=CARTESIAN_POINT('',(0.042802008500695,0.01747705000639,0.00635));
#13549=CARTESIAN_POINT('',(0.0427527040005224,0.0174696199894041,0.00635));
#13550=CARTESIAN_POINT('',(0.0427527053531675,0.0174696202628515,0.003175));
#13551=CARTESIAN_POINT('',(0.0427527040005039,0.0174696199894007,0.));
#13552=CARTESIAN_POINT('',(0.042802008500695,0.01747705000639,0.));
#13553=CARTESIAN_POINT('',(0.042703830993176,0.017459739983082,0.003175));
#13554=CARTESIAN_POINT('',(0.0426549595760346,0.0174498602982294,0.003175));
#13555=CARTESIAN_POINT('',(0.0426549579857324,0.0174498599767379,0.00635));
#13556=CARTESIAN_POINT('',(0.0426549579858188,0.0174498599767557,0.));
#13557=CARTESIAN_POINT('',(0.034241200389757,0.015748962430963,0.));
#13558=CARTESIAN_POINT('',(0.018440869103096,0.012554819457225,0.00635));
#13559=CARTESIAN_POINT('',(0.042606638497114,0.017437555015087,0.003175));
#13560=CARTESIAN_POINT('',(0.042606638497114,0.017437555015087,0.00635));
#13561=CARTESIAN_POINT('',(0.0425583190084173,0.0174252500534295,0.00635));
#13562=CARTESIAN_POINT('',(0.0425583152671299,0.017425249184162,0.003175));
#13563=CARTESIAN_POINT('',(0.0425583190083732,0.0174252500534142,0.));
#13564=CARTESIAN_POINT('',(0.042606638497114,0.017437555015087,0.));
#13565=CARTESIAN_POINT('',(0.042510672992468,0.017410549998283,0.003175));
#13566=CARTESIAN_POINT('',(0.042510672992468,0.017410549998283,0.));
#13567=CARTESIAN_POINT('',(0.0424630235438831,0.0173958486940312,0.));
#13568=CARTESIAN_POINT('',(0.042510672992468,0.017410549998283,0.00635));
#13569=CARTESIAN_POINT('',(0.0424630244019915,0.0173958490062956,0.00635));
#13570=CARTESIAN_POINT('',(0.0424630218276041,0.0173958480694885,0.003175));
#13571=CARTESIAN_POINT('',(0.042416172480583,0.017378799974918,0.003175));
#13572=CARTESIAN_POINT('',(0.017497580277083,0.008311127884257,0.00635));
#13573=CARTESIAN_POINT('',(0.042369317984581,0.017361750006676,0.00635));
#13574=CARTESIAN_POINT('',(0.042369317984581,0.017361750006676,-0.001000000190735));
#13575=CARTESIAN_POINT('',(0.042369317984581,0.017361750006676,0.));
#13576=CARTESIAN_POINT('',(0.033530890791114,0.014145518570604,0.));
#13577=CARTESIAN_POINT('',(0.042323371982574,0.01734237998724,0.003175));
#13578=CARTESIAN_POINT('',(0.033400231659813,0.013580542309689,0.));
#13579=CARTESIAN_POINT('',(0.042277425980568,0.017323009967804,0.));
#13580=CARTESIAN_POINT('',(0.017465808328757,0.006862872085014,0.00635));
#13581=CARTESIAN_POINT('',(0.042277425980568,0.017323009967804,0.00635));
#13582=CARTESIAN_POINT('',(0.042277425980568,0.017323009967804,0.007350000190735));
#13583=CARTESIAN_POINT('',(0.042232502496243,0.017301374971867,0.003175));
#13584=CARTESIAN_POINT('',(0.042187579011917,0.017279739975929,0.007350000190735));
#13585=CARTESIAN_POINT('',(0.042187579011917,0.017279739975929,0.00635));
#13586=CARTESIAN_POINT('',(0.042187579011917,0.017279739975929,0.));
#13587=CARTESIAN_POINT('',(0.03332444414404,0.013011284629285,0.));
#13588=CARTESIAN_POINT('',(0.017575949933008,0.005426863843778,0.00635));
#13589=CARTESIAN_POINT('',(0.042143789505959,0.017255894958973,0.003175));
#13590=CARTESIAN_POINT('',(0.0421,0.017232049942017,-0.001000000190735));
#13591=CARTESIAN_POINT('',(0.0421,0.017232049942017,0.));
#13592=CARTESIAN_POINT('',(0.0421,0.017232049942017,0.00635));
#13593=CARTESIAN_POINT('',(0.03330328969812,0.012441913544799,0.));
#13594=CARTESIAN_POINT('',(0.017825926966806,0.004013913075538,0.00635));
#13595=CARTESIAN_POINT('',(0.04205745497942,0.017206049978733,0.003175));
#13596=CARTESIAN_POINT('',(0.018213546404347,0.002634644464473,0.00635));
#13597=CARTESIAN_POINT('',(0.042014909958839,0.01718005001545,0.00635));
#13598=CARTESIAN_POINT('',(0.042014909958839,0.01718005001545,-0.001000000190735));
#13599=CARTESIAN_POINT('',(0.042014909958839,0.01718005001545,0.));
#13600=CARTESIAN_POINT('',(0.033336482340357,0.011876519864053,0.));
#13601=CARTESIAN_POINT('',(0.041973709976673,0.017151965022087,0.003175));
#13602=CARTESIAN_POINT('',(0.018732057444503,0.001308714059908,0.00635));
#13603=CARTESIAN_POINT('',(0.041932509994507,0.017123880028725,0.00635));
#13604=CARTESIAN_POINT('',(0.041932509994507,0.017123880028725,0.007350000190735));
#13605=CARTESIAN_POINT('',(0.041932509994507,0.017123880028725,0.));
#13606=CARTESIAN_POINT('',(0.03342259997858,0.011322888044128,0.));
#13607=CARTESIAN_POINT('',(0.041892765021324,0.017093770027161,0.003175));
#13608=CARTESIAN_POINT('',(0.019380457854613,3.889365615496E-05,0.00635));
#13609=CARTESIAN_POINT('',(0.041853020048141,0.017063660025597,0.00635));
#13610=CARTESIAN_POINT('',(0.041853020048141,0.017063660025597,-0.001000000190735));
#13611=CARTESIAN_POINT('',(0.041853020048141,0.017063660025597,0.));
#13612=CARTESIAN_POINT('',(0.033561320268355,0.010782033109149,-4.440892098501E-19));
#13613=CARTESIAN_POINT('',(0.041814825034142,0.017031610012054,0.003175));
#13614=CARTESIAN_POINT('',(0.020145622300707,-0.001151345518629,0.00635));
#13615=CARTESIAN_POINT('',(0.041776630020142,0.016999559998512,0.00635));
#13616=CARTESIAN_POINT('',(0.041776630020142,0.016999559998512,0.007350000190735));
#13617=CARTESIAN_POINT('',(0.041776630020142,0.016999559998512,0.));
#13618=CARTESIAN_POINT('',(0.033749102743906,0.010263540529743,0.));
#13619=CARTESIAN_POINT('',(0.041740080034733,0.01696564501524,0.003175));
#13620=CARTESIAN_POINT('',(0.021023426146641,-0.002257480855258,0.00635));
#13621=CARTESIAN_POINT('',(0.041703530049324,0.016931730031967,0.00635));
#13622=CARTESIAN_POINT('',(0.041703530049324,0.016931730031967,0.007350000190735));
#13623=CARTESIAN_POINT('',(0.041703530049324,0.016931730031967,0.));
#13624=CARTESIAN_POINT('',(0.033984582390229,0.009769265319272,0.));
#13625=CARTESIAN_POINT('',(0.041668715035915,0.016896040022373,0.003175));
#13626=CARTESIAN_POINT('',(0.041633900022507,0.016860350012779,0.007350000190735));
#13627=CARTESIAN_POINT('',(0.041633900022507,0.016860350012779,0.00635));
#13628=CARTESIAN_POINT('',(0.041633900022507,0.016860350012779,0.));
#13629=CARTESIAN_POINT('',(0.034263927278312,0.00930514976454,0.));
#13630=CARTESIAN_POINT('',(0.022001478797227,-0.003265487471708,0.00635));
#13631=CARTESIAN_POINT('',(0.041600905036926,0.016822965025902,0.003175));
#13632=CARTESIAN_POINT('',(0.023073437220491,-0.004169592752338,0.00635));
#13633=CARTESIAN_POINT('',(0.041567910051346,0.016785580039024,0.00635));
#13634=CARTESIAN_POINT('',(0.041567910051346,0.016785580039024,-0.001000000190735));
#13635=CARTESIAN_POINT('',(0.041567910051346,0.016785580039024,0.));
#13636=CARTESIAN_POINT('',(0.034585045103999,0.008873641002499,0.));
#13637=CARTESIAN_POINT('',(0.041536825037003,0.016746595025063,0.003175));
#13638=CARTESIAN_POINT('',(0.024228435063784,-0.004960579284423,0.00635));
#13639=CARTESIAN_POINT('',(0.041505740022659,0.016707610011101,0.00635));
#13640=CARTESIAN_POINT('',(0.041505740022659,0.016707610011101,-0.001000000190735));
#13641=CARTESIAN_POINT('',(0.041505740022659,0.016707610011101,0.));
#13642=CARTESIAN_POINT('',(0.034944395960371,0.008478754555164,0.));
#13643=CARTESIAN_POINT('',(0.041476630008221,0.016667124986649,0.003175));
#13644=CARTESIAN_POINT('',(0.025446574151087,-0.005626824908654,0.00635));
#13645=CARTESIAN_POINT('',(0.041447519993782,0.016626639962196,0.00635));
#13646=CARTESIAN_POINT('',(0.041447519993782,0.016626639962196,-0.001000000190735));
#13647=CARTESIAN_POINT('',(0.041447519993782,0.016626639962196,0.));
#13648=CARTESIAN_POINT('',(0.035335268656293,0.008125969329483,0.));
#13649=CARTESIAN_POINT('',(0.041420469975471,0.016584755003452,0.003175));
#13650=CARTESIAN_POINT('',(0.026726383921407,-0.006167953741149,0.00635));
#13651=CARTESIAN_POINT('',(0.041393419957161,0.016542870044708,0.00635));
#13652=CARTESIAN_POINT('',(0.041393419957161,0.016542870044708,0.007350000190735));
#13653=CARTESIAN_POINT('',(0.041393419957161,0.016542870044708,0.));
#13654=CARTESIAN_POINT('',(0.035757062490407,0.007815386120247,0.));
#13655=CARTESIAN_POINT('',(0.041368489956856,0.016499689012766,0.003175));
#13656=CARTESIAN_POINT('',(0.028046307258064,-0.006575545227772,0.00635));
#13657=CARTESIAN_POINT('',(0.041343559956551,0.016456507980824,0.00635));
#13658=CARTESIAN_POINT('',(0.041343559956551,0.016456507980824,0.007350000190735));
#13659=CARTESIAN_POINT('',(0.041343559956551,0.016456507980824,0.));
#13660=CARTESIAN_POINT('',(0.036202298831656,0.007551375283651,0.));
#13661=CARTESIAN_POINT('',(0.041320809996128,0.01641213747859,0.003175));
#13662=CARTESIAN_POINT('',(0.029395013081849,-0.006847401825824,0.00635));
#13663=CARTESIAN_POINT('',(0.041298060035706,0.016367766976357,0.00635));
#13664=CARTESIAN_POINT('',(0.041298060035706,0.016367766976357,-0.001000000190735));
#13665=CARTESIAN_POINT('',(0.041298060035706,0.016367766976357,0.));
#13666=CARTESIAN_POINT('',(0.036666886967978,0.007335334781794,0.));
#13667=CARTESIAN_POINT('',(0.041277555024624,0.01632231849432,0.003175));
#13668=CARTESIAN_POINT('',(0.030763432398686,-0.006981785628893,0.00635));
#13669=CARTESIAN_POINT('',(0.041257050013542,0.016276870012283,0.00635));
#13670=CARTESIAN_POINT('',(0.041257050013542,0.016276870012283,-0.001000000190735));
#13671=CARTESIAN_POINT('',(0.041257050013542,0.016276870012283,0.));
#13672=CARTESIAN_POINT('',(0.037147552305196,0.007168343709467,0.));
#13673=CARTESIAN_POINT('',(0.041238830006123,0.016230455011129,0.003175));
#13674=CARTESIAN_POINT('',(0.03212858942038,-0.006977649001243,0.00635));
#13675=CARTESIAN_POINT('',(0.041220609998703,0.016184040009975,0.00635));
#13676=CARTESIAN_POINT('',(0.041220609998703,0.016184040009975,0.007350000190735));
#13677=CARTESIAN_POINT('',(0.041220609998703,0.016184040009975,0.));
#13678=CARTESIAN_POINT('',(0.037635911890375,0.007052113606052,0.));
#13679=CARTESIAN_POINT('',(0.041204730010033,0.016136775016785,0.003175));
#13680=CARTESIAN_POINT('',(0.038130469281199,0.0069865850871,0.));
#13681=CARTESIAN_POINT('',(0.041188850021362,0.016089510023594,0.));
#13682=CARTESIAN_POINT('',(0.033486581276508,-0.006835423194951,0.00635));
#13683=CARTESIAN_POINT('',(0.041188850021362,0.016089510023594,0.00635));
#13684=CARTESIAN_POINT('',(0.041188850021362,0.016089510023594,0.007350000190735));
#13685=CARTESIAN_POINT('',(0.041175349986553,0.016041512519121,0.003175));
#13686=CARTESIAN_POINT('',(0.038624426062655,0.006972055723036,0.));
#13687=CARTESIAN_POINT('',(0.041161849951744,0.015993515014648,0.));
#13688=CARTESIAN_POINT('',(0.034819153102689,-0.006557065386538,0.00635));
#13689=CARTESIAN_POINT('',(0.041161849951744,0.015993515014648,0.00635));
#13690=CARTESIAN_POINT('',(0.041161849951744,0.015993515014648,0.007350000190735));
#13691=CARTESIAN_POINT('',(0.041150749957561,0.015944903507829,0.003175));
#13692=CARTESIAN_POINT('',(0.041139649963379,0.015896292001009,-0.001000000190735));
#13693=CARTESIAN_POINT('',(0.041139649963379,0.015896292001009,0.));
#13694=CARTESIAN_POINT('',(0.041139649963379,0.015896292001009,0.00635));
#13695=CARTESIAN_POINT('',(0.039109953956344,0.007007406145308,0.));
#13696=CARTESIAN_POINT('',(0.03610585612121,-0.006148791956922,0.00635));
#13697=CARTESIAN_POINT('',(0.04113099501133,0.01584718850255,0.003175));
#13698=CARTESIAN_POINT('',(0.037349024308839,-0.005609659727727,0.00635));
#13699=CARTESIAN_POINT('',(0.04112234005928,0.015798085004091,0.00635));
#13700=CARTESIAN_POINT('',(0.04112234005928,0.015798085004091,-0.001000000190735));
#13701=CARTESIAN_POINT('',(0.04112234005928,0.015798085004091,0.));
#13702=CARTESIAN_POINT('',(0.039587929727301,0.007092673935052,-4.440892098501E-19));
#13703=CARTESIAN_POINT('',(0.041116140043736,0.015748610503972,0.003175));
#13704=CARTESIAN_POINT('',(0.038522007390043,-0.004951888608704,0.00635));
#13705=CARTESIAN_POINT('',(0.041109940028191,0.015699136003852,0.00635));
#13706=CARTESIAN_POINT('',(0.041109940028191,0.015699136003852,-0.001000000190735));
#13707=CARTESIAN_POINT('',(0.041109940028191,0.015699136003852,0.));
#13708=CARTESIAN_POINT('',(0.040047977399247,0.007224952377642,0.));
#13709=CARTESIAN_POINT('',(0.041106215035915,0.015649413902313,0.003175));
#13710=CARTESIAN_POINT('',(0.040488435815709,0.007403146837496,0.));
#13711=CARTESIAN_POINT('',(0.04110249004364,0.015599691800773,0.));
#13712=CARTESIAN_POINT('',(0.039620762311828,-0.004178769815012,0.00635));
#13713=CARTESIAN_POINT('',(0.04110249004364,0.015599691800773,0.00635));
#13714=CARTESIAN_POINT('',(0.04110249004364,0.015599691800773,0.007350000190735));
#13715=CARTESIAN_POINT('',(0.04110124502182,0.015549845900387,0.003175));
#13716=CARTESIAN_POINT('',(0.040903276596443,0.007623949139423,0.));
#13717=CARTESIAN_POINT('',(0.0411,0.0155,0.));
#13718=CARTESIAN_POINT('',(0.040630384163785,-0.003301617621964,0.00635));
#13719=CARTESIAN_POINT('',(0.0411,0.0155,0.00635));
#13720=CARTESIAN_POINT('',(0.0411,0.0155,0.007350000190735));
#13721=CARTESIAN_POINT('',(0.04110124502182,0.015450154099613,0.003175));
#13722=CARTESIAN_POINT('',(0.041290185172668,0.007885714837274,0.));
#13723=CARTESIAN_POINT('',(0.04110249004364,0.015400308199227,0.));
#13724=CARTESIAN_POINT('',(0.041545235732729,-0.002325531749265,0.00635));
#13725=CARTESIAN_POINT('',(0.04110249004364,0.015400308199227,0.00635));
#13726=CARTESIAN_POINT('',(0.04110249004364,0.015400308199227,0.007350000190735));
#13727=CARTESIAN_POINT('',(0.041106215035915,0.015350586097687,0.003175));
#13728=CARTESIAN_POINT('',(0.042351118091894,-0.001266682229963,0.00635));
#13729=CARTESIAN_POINT('',(0.041109940028191,0.015300863996148,0.00635));
#13730=CARTESIAN_POINT('',(0.041109940028191,0.015300863996148,-0.001000000190735));
#13731=CARTESIAN_POINT('',(0.041109940028191,0.015300863996148,0.));
#13732=CARTESIAN_POINT('',(0.041643156541249,0.008183360483183,0.));
#13733=CARTESIAN_POINT('',(0.041116140043736,0.015251389496028,0.003175));
#13734=CARTESIAN_POINT('',(0.04304387650266,-0.000131442527086,0.00635));
#13735=CARTESIAN_POINT('',(0.04112234005928,0.015201914995909,0.00635));
#13736=CARTESIAN_POINT('',(0.04112234005928,0.015201914995909,-0.001000000190735));
#13737=CARTESIAN_POINT('',(0.04112234005928,0.015201914995909,0.));
#13738=CARTESIAN_POINT('',(0.041960364063519,0.008514702940101,0.));
#13739=CARTESIAN_POINT('',(0.04113099501133,0.01515281149745,0.003175));
#13740=CARTESIAN_POINT('',(0.043614285308583,0.001063970728588,0.00635));
#13741=CARTESIAN_POINT('',(0.041139649963379,0.015103707998991,0.00635));
#13742=CARTESIAN_POINT('',(0.041139649963379,0.015103707998991,-0.001000000190735));
#13743=CARTESIAN_POINT('',(0.041139649963379,0.015103707998991,0.));
#13744=CARTESIAN_POINT('',(0.042237630832241,0.008874360731069,-4.440892098501E-19));
#13745=CARTESIAN_POINT('',(0.041150749957561,0.015055096492171,0.003175));
#13746=CARTESIAN_POINT('',(0.044059832520906,0.00231500991726,0.00635));
#13747=CARTESIAN_POINT('',(0.041161849951744,0.015006484985352,0.00635));
#13748=CARTESIAN_POINT('',(0.041161849951744,0.015006484985352,-0.001000000190735));
#13749=CARTESIAN_POINT('',(0.041161849951744,0.015006484985352,0.));
#13750=CARTESIAN_POINT('',(0.042473845748848,0.009260707862475,0.));
#13751=CARTESIAN_POINT('',(0.041175349986553,0.014958487480879,0.003175));
#13752=CARTESIAN_POINT('',(0.04437181514718,0.00359389820289,0.00635));
#13753=CARTESIAN_POINT('',(0.041188850021362,0.014910489976406,0.00635));
#13754=CARTESIAN_POINT('',(0.041188850021362,0.014910489976406,-0.001000000190735));
#13755=CARTESIAN_POINT('',(0.041188850021362,0.014910489976406,0.));
#13756=CARTESIAN_POINT('',(0.04266443320289,0.009664258292065,0.));
#13757=CARTESIAN_POINT('',(0.041204730010033,0.014863224983215,0.003175));
#13758=CARTESIAN_POINT('',(0.044551183521225,0.004902883971447,0.00635));
#13759=CARTESIAN_POINT('',(0.041220609998703,0.014815959990025,0.00635));
#13760=CARTESIAN_POINT('',(0.041220609998703,0.014815959990025,-0.001000000190735));
#13761=CARTESIAN_POINT('',(0.041220609998703,0.014815959990025,0.));
#13762=CARTESIAN_POINT('',(0.042809905428351,0.010085601598731,0.));
#13763=CARTESIAN_POINT('',(0.041238830006123,0.014769544988871,0.003175));
#13764=CARTESIAN_POINT('',(0.044594491050156,0.006221084626355,0.00635));
#13765=CARTESIAN_POINT('',(0.041257050013542,0.014723129987717,0.00635));
#13766=CARTESIAN_POINT('',(0.041257050013542,0.014723129987717,-0.001000000190735));
#13767=CARTESIAN_POINT('',(0.041257050013542,0.014723129987717,0.));
#13768=CARTESIAN_POINT('',(0.042907984885232,0.010517415785196,0.));
#13769=CARTESIAN_POINT('',(0.041277555024624,0.01467768150568,0.003175));
#13770=CARTESIAN_POINT('',(0.044502230829249,0.007530325193781,0.00635));
#13771=CARTESIAN_POINT('',(0.041298060035706,0.014632233023643,0.00635));
#13772=CARTESIAN_POINT('',(0.041298060035706,0.014632233023643,-0.001000000190735));
#13773=CARTESIAN_POINT('',(0.041298060035706,0.014632233023643,0.));
#13774=CARTESIAN_POINT('',(0.042957958189882,0.010953139599012,0.));
#13775=CARTESIAN_POINT('',(0.041320809996128,0.01458786252141,0.003175));
#13776=CARTESIAN_POINT('',(0.044274743410635,0.008826643304681,0.00635));
#13777=CARTESIAN_POINT('',(0.041343559956551,0.014543492019176,0.00635));
#13778=CARTESIAN_POINT('',(0.041343559956551,0.014543492019176,-0.001000000190735));
#13779=CARTESIAN_POINT('',(0.041343559956551,0.014543492019176,0.));
#13780=CARTESIAN_POINT('',(0.042959815210712,0.011391220277477,0.));
#13781=CARTESIAN_POINT('',(0.041368489956856,0.014500310987234,0.003175));
#13782=CARTESIAN_POINT('',(0.043916038139279,0.010087725423924,0.00635));
#13783=CARTESIAN_POINT('',(0.041393419957161,0.014457129955292,0.00635));
#13784=CARTESIAN_POINT('',(0.041393419957161,0.014457129955292,-0.001000000190735));
#13785=CARTESIAN_POINT('',(0.041393419957161,0.014457129955292,0.));
#13786=CARTESIAN_POINT('',(0.042913917621802,0.011823489465062,0.));
#13787=CARTESIAN_POINT('',(0.041420469975471,0.014415244996548,0.003175));
#13788=CARTESIAN_POINT('',(0.043429181039726,0.011304904031558,0.00635));
#13789=CARTESIAN_POINT('',(0.041447519993782,0.014373360037804,0.00635));
#13790=CARTESIAN_POINT('',(0.041447519993782,0.014373360037804,-0.001000000190735));
#13791=CARTESIAN_POINT('',(0.041447519993782,0.014373360037804,0.));
#13792=CARTESIAN_POINT('',(0.042821001244403,0.012246625598753,0.));
#13793=CARTESIAN_POINT('',(0.041476630008221,0.014332875013351,0.003175));
#13794=CARTESIAN_POINT('',(0.042817963054469,0.012467403551961,0.00635));
#13795=CARTESIAN_POINT('',(0.041505740022659,0.014292389988899,0.00635));
#13796=CARTESIAN_POINT('',(0.041505740022659,0.014292389988899,-0.001000000190735));
#13797=CARTESIAN_POINT('',(0.041505740022659,0.014292389988899,0.));
#13798=CARTESIAN_POINT('',(0.042681967919661,0.012656540055817,0.));
#13799=CARTESIAN_POINT('',(0.041536825037003,0.014253404974937,0.003175));
#13800=CARTESIAN_POINT('',(0.042093413825136,0.013555363743984,0.00635));
#13801=CARTESIAN_POINT('',(0.041567910051346,0.014214419960976,0.00635));
#13802=CARTESIAN_POINT('',(0.041567910051346,0.014214419960976,-0.001000000190735));
#13803=CARTESIAN_POINT('',(0.041567910051346,0.014214419960976,0.));
#13804=CARTESIAN_POINT('',(0.042499844004054,0.013045642692399,0.));
#13805=CARTESIAN_POINT('',(0.041600905036926,0.014177034974098,0.003175));
#13806=CARTESIAN_POINT('',(0.04125639460944,0.014567382706765,0.00635));
#13807=CARTESIAN_POINT('',(0.041633900022507,0.014139649987221,0.00635));
#13808=CARTESIAN_POINT('',(0.041633900022507,0.014139649987221,-0.001000000190735));
#13809=CARTESIAN_POINT('',(0.041633900022507,0.014139649987221,0.));
#13810=CARTESIAN_POINT('',(0.042274972512695,0.013413282443439,0.));
#13811=CARTESIAN_POINT('',(0.041668715035915,0.014103959977627,0.003175));
#13812=CARTESIAN_POINT('',(0.0403208348974,0.015485716018058,0.00635));
#13813=CARTESIAN_POINT('',(0.041703530049324,0.014068269968033,0.00635));
#13814=CARTESIAN_POINT('',(0.041703530049324,0.014068269968033,-0.001000000190735));
#13815=CARTESIAN_POINT('',(0.041703530049324,0.014068269968033,0.));
#13816=CARTESIAN_POINT('',(0.042011540362969,0.013752518515635,0.));
#13817=CARTESIAN_POINT('',(0.041740080034733,0.01403435498476,0.003175));
#13818=CARTESIAN_POINT('',(0.039297248239148,0.016301075437814,0.00635));
#13819=CARTESIAN_POINT('',(0.041776630020142,0.014000440001488,0.00635));
#13820=CARTESIAN_POINT('',(0.041776630020142,0.014000440001488,-0.001000000190735));
#13821=CARTESIAN_POINT('',(0.041776630020142,0.014000440001488,0.));
#13822=CARTESIAN_POINT('',(0.041712938254727,0.014059540029422,0.));
#13823=CARTESIAN_POINT('',(0.041814825034142,0.013968389987946,0.003175));
#13824=CARTESIAN_POINT('',(0.038192282195961,0.017008120436034,0.00635));
#13825=CARTESIAN_POINT('',(0.041853020048141,0.013936339974403,0.00635));
#13826=CARTESIAN_POINT('',(0.041853020048141,0.013936339974403,-0.001000000190735));
#13827=CARTESIAN_POINT('',(0.041853020048141,0.013936339974403,0.));
#13828=CARTESIAN_POINT('',(0.041381387283509,0.014332094155654,0.));
#13829=CARTESIAN_POINT('',(0.041892765021324,0.013906229972839,0.003175));
#13830=CARTESIAN_POINT('',(0.037021237981032,0.017596802013942,0.00635));
#13831=CARTESIAN_POINT('',(0.041932509994507,0.013876119971275,0.00635));
#13832=CARTESIAN_POINT('',(0.041932509994507,0.013876119971275,-0.001000000190735));
#13833=CARTESIAN_POINT('',(0.041932509994507,0.013876119971275,0.));
#13834=CARTESIAN_POINT('',(0.041021950335462,0.014565941867291,-4.440892098501E-19));
#13835=CARTESIAN_POINT('',(0.041973709976673,0.013848034977913,0.003175));
#13836=CARTESIAN_POINT('',(0.035789280559089,0.018063805228545,0.00635));
#13837=CARTESIAN_POINT('',(0.042014909958839,0.01381994998455,0.00635));
#13838=CARTESIAN_POINT('',(0.042014909958839,0.01381994998455,-0.001000000190735));
#13839=CARTESIAN_POINT('',(0.042014909958839,0.01381994998455,0.));
#13840=CARTESIAN_POINT('',(0.040636432400847,0.014759623523976,0.));
#13841=CARTESIAN_POINT('',(0.04205745497942,0.013793950021267,0.003175));
#13842=CARTESIAN_POINT('',(0.034520802788612,0.018399722390609,0.00635));
#13843=CARTESIAN_POINT('',(0.0421,0.013767950057983,0.00635));
#13844=CARTESIAN_POINT('',(0.0421,0.013767950057983,-0.001000000190735));
#13845=CARTESIAN_POINT('',(0.0421,0.013767950057983,0.));
#13846=CARTESIAN_POINT('',(0.04023313920137,0.014908819460744,0.));
#13847=CARTESIAN_POINT('',(0.042143789505959,0.013744105041027,0.003175));
#13848=CARTESIAN_POINT('',(0.033218884694012,0.018604048123644,0.00635));
#13849=CARTESIAN_POINT('',(0.042187579011917,0.013720260024071,0.00635));
#13850=CARTESIAN_POINT('',(0.042187579011917,0.013720260024071,-0.001000000190735));
#13851=CARTESIAN_POINT('',(0.042187579011917,0.013720260024071,0.));
#13852=CARTESIAN_POINT('',(0.039813271820131,0.015013158722249,0.));
#13853=CARTESIAN_POINT('',(0.042232502496243,0.013698625028133,0.003175));
#13854=CARTESIAN_POINT('',(0.031903419000739,0.018673076204783,0.00635));
#13855=CARTESIAN_POINT('',(0.042277425980568,0.013676990032196,0.00635));
#13856=CARTESIAN_POINT('',(0.042277425980568,0.013676990032196,-0.001000000190735));
#13857=CARTESIAN_POINT('',(0.042277425980568,0.013676990032196,0.));
#13858=CARTESIAN_POINT('',(0.039383810325481,0.015070545404895,0.));
#13859=CARTESIAN_POINT('',(0.042323371982574,0.01365762001276,0.003175));
#13860=CARTESIAN_POINT('',(0.030585087665035,0.018606272462267,0.00635));
#13861=CARTESIAN_POINT('',(0.042369317984581,0.013638249993324,0.00635));
#13862=CARTESIAN_POINT('',(0.042369317984581,0.013638249993324,-0.001000000190735));
#13863=CARTESIAN_POINT('',(0.042369317984581,0.013638249993324,0.));
#13864=CARTESIAN_POINT('',(0.038948630833409,0.015080351018629,0.));
#13865=CARTESIAN_POINT('',(0.042416172480583,0.013621200025082,0.003175));
#13866=CARTESIAN_POINT('',(0.029274719290606,0.018403267460847,0.00635));
#13867=CARTESIAN_POINT('',(0.042463026976585,0.013604150056839,0.00635));
#13868=CARTESIAN_POINT('',(0.042463026976585,0.013604150056839,-0.001000000190735));
#13869=CARTESIAN_POINT('',(0.042463026976585,0.013604150056839,0.));
#13870=CARTESIAN_POINT('',(0.038511672638579,0.015042015613546,0.));
#13871=CARTESIAN_POINT('',(0.042510672992468,0.013589450001717,0.003175));
#13872=CARTESIAN_POINT('',(0.027995987672377,0.01806761402734,0.00635));
#13873=CARTESIAN_POINT('',(0.04255831900835,0.013574749946594,0.00635));
#13874=CARTESIAN_POINT('',(0.04255831900835,0.013574749946594,-0.001000000190735));
#13875=CARTESIAN_POINT('',(0.04255831900835,0.013574749946594,0.));
#13876=CARTESIAN_POINT('',(0.038081533640193,0.014955956548323,0.));
#13877=CARTESIAN_POINT('',(0.042606638497114,0.013562444984913,0.003175));
#13878=CARTESIAN_POINT('',(0.026751449335213,0.017600101427051,0.00635));
#13879=CARTESIAN_POINT('',(0.042654957985878,0.013550140023232,0.00635));
#13880=CARTESIAN_POINT('',(0.042654957985878,0.013550140023232,-0.001000000190735));
#13881=CARTESIAN_POINT('',(0.042654957985878,0.013550140023232,0.));
#13882=CARTESIAN_POINT('',(0.037659295312758,0.014822327278073,0.));
#13883=CARTESIAN_POINT('',(0.042703830993176,0.013540260016918,0.003175));
#13884=CARTESIAN_POINT('',(0.025559012919465,0.017006200014796,0.00635));
#13885=CARTESIAN_POINT('',(0.042752704000473,0.013530380010605,0.00635));
#13886=CARTESIAN_POINT('',(0.042752704000473,0.013530380010605,-0.001000000190735));
#13887=CARTESIAN_POINT('',(0.042752704000473,0.013530380010605,0.));
#13888=CARTESIAN_POINT('',(0.037251602276625,0.014642464630874,0.));
#13889=CARTESIAN_POINT('',(0.042802008500695,0.01352294999361,0.003175));
#13890=CARTESIAN_POINT('',(0.024430751854149,0.016291434583831,0.00635));
#13891=CARTESIAN_POINT('',(0.042851313000917,0.013515519976616,0.00635));
#13892=CARTESIAN_POINT('',(0.042851313000917,0.013515519976616,-0.001000000190735));
#13893=CARTESIAN_POINT('',(0.042851313000917,0.013515519976616,0.));
#13894=CARTESIAN_POINT('',(0.03686304708564,0.014417930858329,0.));
#13895=CARTESIAN_POINT('',(0.042900926499069,0.013510554969311,0.003175));
#13896=CARTESIAN_POINT('',(0.023380263131177,0.015464060362688,0.00635));
#13897=CARTESIAN_POINT('',(0.04295053999722,0.013505589962006,0.00635));
#13898=CARTESIAN_POINT('',(0.04295053999722,0.013505589962006,-0.001000000190735));
#13899=CARTESIAN_POINT('',(0.04295053999722,0.013505589962006,0.));
#13900=CARTESIAN_POINT('',(0.036498845749621,0.014151235003446,0.));
#13901=CARTESIAN_POINT('',(0.04300033929795,0.01350310498476,0.003175));
#13902=CARTESIAN_POINT('',(0.022416016728006,0.014530259431646,0.00635));
#13903=CARTESIAN_POINT('',(0.04305013859868,0.013500620007515,0.00635));
#13904=CARTESIAN_POINT('',(0.04305013859868,0.013500620007515,-0.001000000190735));
#13905=CARTESIAN_POINT('',(0.04305013859868,0.013500620007515,0.));
#13906=CARTESIAN_POINT('',(0.036162339154349,0.013844320112508,-4.440892098501E-19));
#13907=CARTESIAN_POINT('',(0.045599999299645,0.013500620007515,0.003175));
#13908=CARTESIAN_POINT('',(0.04814986000061,0.013500620007515,0.007350000190735));
#13909=CARTESIAN_POINT('',(0.04814986000061,0.013500620007515,0.00635));
#13910=CARTESIAN_POINT('',(0.04814986000061,0.013500620007515,0.));
#13911=CARTESIAN_POINT('',(0.037108241170586,0.013500620007515,0.));
#13912=CARTESIAN_POINT('',(0.022799999649823,0.013500620007515,0.00635));
#13913=CARTESIAN_POINT('',(0.048199659919739,0.01350310498476,0.003175));
#13914=CARTESIAN_POINT('',(0.023297253769879,0.012260494279373,0.00635));
#13915=CARTESIAN_POINT('',(0.048249459838867,0.013505589962006,0.00635));
#13916=CARTESIAN_POINT('',(0.048249459838867,0.013505589962006,-0.001000000190735));
#13917=CARTESIAN_POINT('',(0.048249459838867,0.013505589962006,0.));
#13918=CARTESIAN_POINT('',(0.038096330866983,0.012998956720313,0.));
#13919=CARTESIAN_POINT('',(0.048299074983597,0.013510554969311,0.003175));
#13920=CARTESIAN_POINT('',(0.022671922195205,0.01094603557714,0.00635));
#13921=CARTESIAN_POINT('',(0.048348690128326,0.013515519976616,0.00635));
#13922=CARTESIAN_POINT('',(0.048348690128326,0.013515519976616,0.007350000190735));
#13923=CARTESIAN_POINT('',(0.048348690128326,0.013515519976616,0.));
#13924=CARTESIAN_POINT('',(0.037886052590425,0.012468519668749,-4.440892098501E-19));
#13925=CARTESIAN_POINT('',(0.048397995090485,0.01352294999361,0.003175));
#13926=CARTESIAN_POINT('',(0.022181819047351,0.009572300302294,0.00635));
#13927=CARTESIAN_POINT('',(0.048447300052643,0.013530380010605,0.00635));
#13928=CARTESIAN_POINT('',(0.048447300052643,0.013530380010605,0.007350000190735));
#13929=CARTESIAN_POINT('',(0.048447300052643,0.013530380010605,0.));
#13930=CARTESIAN_POINT('',(0.037730564675989,0.011915420329298,-4.440892098501E-19));
#13931=CARTESIAN_POINT('',(0.048496170139313,0.013540260016918,0.003175));
#13932=CARTESIAN_POINT('',(0.048545040225983,0.013550140023232,0.007350000190735));
#13933=CARTESIAN_POINT('',(0.048545040225983,0.013550140023232,0.00635));
#13934=CARTESIAN_POINT('',(0.048545040225983,0.013550140023232,0.));
#13935=CARTESIAN_POINT('',(0.037631673682852,0.011343797909005,0.));
#13936=CARTESIAN_POINT('',(0.021831293802789,0.00814945421933,0.00635));
#13937=CARTESIAN_POINT('',(0.048593360042572,0.013562444984913,0.003175));
#13938=CARTESIAN_POINT('',(0.021625658324747,0.006694940931815,0.00635));
#13939=CARTESIAN_POINT('',(0.048641679859161,0.013574749946594,0.00635));
#13940=CARTESIAN_POINT('',(0.048641679859161,0.013574749946594,0.007350000190735));
#13941=CARTESIAN_POINT('',(0.048641679859161,0.013574749946594,0.));
#13942=CARTESIAN_POINT('',(0.03759150834783,0.010760750502536,0.));
#13943=CARTESIAN_POINT('',(0.048689324951172,0.013589450001717,0.003175));
#13944=CARTESIAN_POINT('',(0.037611074665432,0.010171450728592,-4.440892098501E-19));
#13945=CARTESIAN_POINT('',(0.0487369700431945,0.0136041500568433,-1.480297366167E-19));
#13946=CARTESIAN_POINT('',(0.021567341896943,0.005221439172029,0.00635));
#13947=CARTESIAN_POINT('',(0.0487369700431986,0.0136041500568448,0.00635));
#13948=CARTESIAN_POINT('',(0.0487369731775587,0.013604151023896,0.003175));
#13949=CARTESIAN_POINT('',(0.048783825016022,0.013621200025082,0.003175));
#13950=CARTESIAN_POINT('',(0.048783825016022,0.013621200025082,0.00635));
#13951=CARTESIAN_POINT('',(0.0488306799888256,0.0136382499933111,0.00635));
#13952=CARTESIAN_POINT('',(0.048830682996084,0.0136382512611456,0.003175));
#13953=CARTESIAN_POINT('',(0.0488306799888456,0.0136382499933184,0.));
#13954=CARTESIAN_POINT('',(0.048783825016022,0.013621200025082,0.));
#13955=CARTESIAN_POINT('',(0.048876624917984,0.01365762001276,0.003175));
#13956=CARTESIAN_POINT('',(0.037830855569858,0.009000810849228,0.));
#13957=CARTESIAN_POINT('',(0.048922569847107,0.013676990032196,0.));
#13958=CARTESIAN_POINT('',(0.021896456149349,0.002282993837288,0.00635));
#13959=CARTESIAN_POINT('',(0.048922569847107,0.013676990032196,0.00635));
#13960=CARTESIAN_POINT('',(0.048922569847107,0.013676990032196,0.007350000190735));
#13961=CARTESIAN_POINT('',(0.048967494821548,0.013698625028133,0.003175));
#13962=CARTESIAN_POINT('',(0.0490124249514328,0.0137202625068318,0.003175));
#13963=CARTESIAN_POINT('',(0.0490124215143939,0.0137202608516228,0.00635));
#13964=CARTESIAN_POINT('',(0.0490124223736887,0.0137202612654415,-1.0842021724855E-19));
#13965=CARTESIAN_POINT('',(0.038030093600566,0.008431384836621,0.));
#13966=CARTESIAN_POINT('',(0.022281539825318,0.000847186933736,0.00635));
#13967=CARTESIAN_POINT('',(0.049056209897995,0.013744105041027,0.003175));
#13968=CARTESIAN_POINT('',(0.0491000054220323,0.0137679533350514,0.003175));
#13969=CARTESIAN_POINT('',(0.0491000018047128,0.0137679511547994,0.));
#13970=CARTESIAN_POINT('',(0.0491000018047973,0.0137679511548491,0.00635));
#13971=CARTESIAN_POINT('',(0.049056209897995,0.013744105041027,0.));
#13972=CARTESIAN_POINT('',(0.049056209897995,0.013744105041027,0.00635));
#13973=CARTESIAN_POINT('',(0.049142545080185,0.013793950021267,0.003175));
#13974=CARTESIAN_POINT('',(0.049142545080185,0.013793950021267,0.));
#13975=CARTESIAN_POINT('',(0.0491850901602893,0.0138199499844994,0.));
#13976=CARTESIAN_POINT('',(0.049142545080185,0.013793950021267,0.00635));
#13977=CARTESIAN_POINT('',(0.0491850901601974,0.0138199499844416,0.00635));
#13978=CARTESIAN_POINT('',(0.0491850901007683,0.0138199499845524,0.003175));
#13979=CARTESIAN_POINT('',(0.049226290082932,0.013848034977913,0.003175));
#13980=CARTESIAN_POINT('',(0.0492674906599882,0.0138761203767969,0.003175));
#13981=CARTESIAN_POINT('',(0.0492674900056073,0.013876119971362,0.00635));
#13982=CARTESIAN_POINT('',(0.0492674900055432,0.0138761199713134,-1.480297366167E-19));
#13983=CARTESIAN_POINT('',(0.049226290082932,0.013848034977913,0.));
#13984=CARTESIAN_POINT('',(0.049226290082932,0.013848034977913,0.00635));
#13985=CARTESIAN_POINT('',(0.049307235097885,0.013906229972839,0.003175));
#13986=CARTESIAN_POINT('',(0.049307235097885,0.013906229972839,0.00635));
#13987=CARTESIAN_POINT('',(0.0493469801901926,0.0139363399743396,0.00635));
#13988=CARTESIAN_POINT('',(0.0493469800710616,0.0139363399743984,0.003175));
#13989=CARTESIAN_POINT('',(0.0493469801902327,0.0139363399743699,-1.480297366167E-19));
#13990=CARTESIAN_POINT('',(0.049307235097885,0.013906229972839,0.));
#13991=CARTESIAN_POINT('',(0.049385175085068,0.013968389987946,0.003175));
#13992=CARTESIAN_POINT('',(0.049385175085068,0.013968389987946,0.00635));
#13993=CARTESIAN_POINT('',(0.0494233699799213,0.0140004400015502,0.00635));
#13994=CARTESIAN_POINT('',(0.0494233694761846,0.0140004394788174,0.003175));
#13995=CARTESIAN_POINT('',(0.0494233699798859,0.0140004400015149,0.));
#13996=CARTESIAN_POINT('',(0.049385175085068,0.013968389987946,0.));
#13997=CARTESIAN_POINT('',(0.049459920024872,0.01403435498476,0.003175));
#13998=CARTESIAN_POINT('',(0.049459920024872,0.01403435498476,0.00635));
#13999=CARTESIAN_POINT('',(0.0494964700697449,0.0140682699679066,0.00635));
#14000=CARTESIAN_POINT('',(0.049496471267201,0.0140682711343374,0.003175));
#14001=CARTESIAN_POINT('',(0.049496470069826,0.0140682699679795,0.));
#14002=CARTESIAN_POINT('',(0.049459920024872,0.01403435498476,0.));
#14003=CARTESIAN_POINT('',(0.049531285142899,0.014103959977627,0.003175));
#14004=CARTESIAN_POINT('',(0.0495661007821044,0.0141396506287457,0.003175));
#14005=CARTESIAN_POINT('',(0.0495661002160482,0.0141396499873782,0.00635));
#14006=CARTESIAN_POINT('',(0.049566100215971,0.0141396499872886,0.));
#14007=CARTESIAN_POINT('',(0.049531285142899,0.014103959977627,0.));
#14008=CARTESIAN_POINT('',(0.049531285142899,0.014103959977627,0.00635));
#14009=CARTESIAN_POINT('',(0.049599095201492,0.014177034974098,0.003175));
#14010=CARTESIAN_POINT('',(0.02997691466486,-0.008055887664412,0.00635));
#14011=CARTESIAN_POINT('',(0.049632090187073,0.014214419960976,0.00635));
#14012=CARTESIAN_POINT('',(0.049632090187073,0.014214419960976,-0.001000000190735));
#14013=CARTESIAN_POINT('',(0.049632090187073,0.014214419960976,0.));
#14014=CARTESIAN_POINT('',(0.041488522548368,0.004987346090424,0.));
#14015=CARTESIAN_POINT('',(0.049663175201416,0.014253404974937,0.003175));
#14016=CARTESIAN_POINT('',(0.031383198335408,-0.008672277010377,0.00635));
#14017=CARTESIAN_POINT('',(0.0496942602157791,0.0142923899889196,0.00635));
#14018=CARTESIAN_POINT('',(0.0496942596089847,0.0142923892279175,0.003175));
#14019=CARTESIAN_POINT('',(0.0496942602157685,0.0142923899889092,0.));
#14020=CARTESIAN_POINT('',(0.042099159231995,0.004767056829211,0.));
#14021=CARTESIAN_POINT('',(0.049723370170593,0.014332875013351,0.003175));
#14022=CARTESIAN_POINT('',(0.049723370170593,0.014332875013351,0.00635));
#14023=CARTESIAN_POINT('',(0.0497524801254532,0.0143733600378326,0.00635));
#14024=CARTESIAN_POINT('',(0.0497524795996619,0.0143733592236948,0.003175));
#14025=CARTESIAN_POINT('',(0.0497524801254353,0.0143733600378122,0.));
#14026=CARTESIAN_POINT('',(0.049723370170593,0.014332875013351,0.));
#14027=CARTESIAN_POINT('',(0.049779530143738,0.014415244996548,0.003175));
#14028=CARTESIAN_POINT('',(0.03434967490798,-0.009476748071878,0.00635));
#14029=CARTESIAN_POINT('',(0.049806580162048,0.014457129955292,0.00635));
#14030=CARTESIAN_POINT('',(0.049806580162048,0.014457129955292,0.007350000190735));
#14031=CARTESIAN_POINT('',(0.049806580162048,0.014457129955292,0.));
#14032=CARTESIAN_POINT('',(0.04338035347698,0.004506591789518,0.));
#14033=CARTESIAN_POINT('',(0.049831510162354,0.014500310987234,0.003175));
#14034=CARTESIAN_POINT('',(0.035884359865588,-0.009657424074831,0.00635));
#14035=CARTESIAN_POINT('',(0.0498564401626768,0.0145434920192132,0.00635));
#14036=CARTESIAN_POINT('',(0.0498564396300453,0.0145434910966405,0.003175));
#14037=CARTESIAN_POINT('',(0.0498564401626658,0.014543492019191,0.));
#14038=CARTESIAN_POINT('',(0.04404035143918,0.004469496436592,0.));
#14039=CARTESIAN_POINT('',(0.049879190063477,0.01458786252141,0.003175));
#14040=CARTESIAN_POINT('',(0.049879190063477,0.01458786252141,0.00635));
#14041=CARTESIAN_POINT('',(0.0499019399642916,0.0146322330236399,0.00635));
#14042=CARTESIAN_POINT('',(0.0499019390309565,0.0146322310870519,0.003175));
#14043=CARTESIAN_POINT('',(0.049901939964296,0.0146322330236478,0.));
#14044=CARTESIAN_POINT('',(0.049879190063477,0.01458786252141,0.));
#14045=CARTESIAN_POINT('',(0.049922444915771,0.01467768150568,0.003175));
#14046=CARTESIAN_POINT('',(0.049922444915771,0.01467768150568,0.00635));
#14047=CARTESIAN_POINT('',(0.0499429498672554,0.0147231299877342,0.00635));
#14048=CARTESIAN_POINT('',(0.0499429490094284,0.0147231279542847,0.003175));
#14049=CARTESIAN_POINT('',(0.0499429498672483,0.0147231299877166,0.));
#14050=CARTESIAN_POINT('',(0.049922444915771,0.01467768150568,0.));
#14051=CARTESIAN_POINT('',(0.049961169815063,0.014769544988871,0.003175));
#14052=CARTESIAN_POINT('',(0.049961169815063,0.014769544988871,0.00635));
#14053=CARTESIAN_POINT('',(0.049979389762891,0.0148159599900574,0.00635));
#14054=CARTESIAN_POINT('',(0.0499793902361065,0.0148159610437212,0.003175));
#14055=CARTESIAN_POINT('',(0.0499793897628838,0.0148159599900394,0.));
#14056=CARTESIAN_POINT('',(0.049961169815063,0.014769544988871,0.));
#14057=CARTESIAN_POINT('',(0.049995269870758,0.014863224983215,0.003175));
#14058=CARTESIAN_POINT('',(0.049995269870758,0.014863224983215,0.));
#14059=CARTESIAN_POINT('',(0.0500111499786367,0.0149104899764012,0.));
#14060=CARTESIAN_POINT('',(0.049995269870758,0.014863224983215,0.00635));
#14061=CARTESIAN_POINT('',(0.0500111499786319,0.0149104899763843,0.00635));
#14062=CARTESIAN_POINT('',(0.0500111502254466,0.0149104910658177,0.003175));
#14063=CARTESIAN_POINT('',(0.050024649953842,0.014958487480879,0.003175));
#14064=CARTESIAN_POINT('',(0.050024649953842,0.014958487480879,0.));
#14065=CARTESIAN_POINT('',(0.0500381499290402,0.0150064849853272,0.));
#14066=CARTESIAN_POINT('',(0.050024649953842,0.014958487480879,0.00635));
#14067=CARTESIAN_POINT('',(0.0500381499290341,0.015006484985306,0.00635));
#14068=CARTESIAN_POINT('',(0.0500381496724952,0.015006483861303,0.003175));
#14069=CARTESIAN_POINT('',(0.050049244976044,0.015055096492171,0.003175));
#14070=CARTESIAN_POINT('',(0.044883048696279,-0.007579921255129,0.00635));
#14071=CARTESIAN_POINT('',(0.050060340023041,0.015103707998991,0.00635));
#14072=CARTESIAN_POINT('',(0.050060340023041,0.015103707998991,-0.001000000190735));
#14073=CARTESIAN_POINT('',(0.050060340023041,0.015103707998991,0.));
#14074=CARTESIAN_POINT('',(0.04788562435119,0.005575473847208,0.));
#14075=CARTESIAN_POINT('',(0.050069000101089,0.01515281149745,0.003175));
#14076=CARTESIAN_POINT('',(0.046209130286659,-0.006733031842333,0.00635));
#14077=CARTESIAN_POINT('',(0.0500776601791316,0.0152019149958909,0.00635));
#14078=CARTESIAN_POINT('',(0.050077659561342,0.015201911492946,0.003175));
#14079=CARTESIAN_POINT('',(0.0500776601791355,0.0152019149959008,0.));
#14080=CARTESIAN_POINT('',(0.048449537227738,0.005970296945207,0.));
#14081=CARTESIAN_POINT('',(0.050083860015869,0.015251389496028,0.003175));
#14082=CARTESIAN_POINT('',(0.050083860015869,0.015251389496028,0.));
#14083=CARTESIAN_POINT('',(0.0500900598526017,0.0153008639961713,0.));
#14084=CARTESIAN_POINT('',(0.050083860015869,0.015251389496028,0.00635));
#14085=CARTESIAN_POINT('',(0.0500900598526057,0.0153008639962273,0.00635));
#14086=CARTESIAN_POINT('',(0.0500900597350125,0.0153008616309416,0.003175));
#14087=CARTESIAN_POINT('',(0.05009378490448,0.015350586097687,0.003175));
#14088=CARTESIAN_POINT('',(0.05009378490448,0.015350586097687,0.00635));
#14089=CARTESIAN_POINT('',(0.0500975099563599,0.0154003081992301,0.00635));
#14090=CARTESIAN_POINT('',(0.0500975099861718,0.0154003093927808,0.003175));
#14091=CARTESIAN_POINT('',(0.0500975099563594,0.0154003081992219,-1.480297366167E-19));
#14092=CARTESIAN_POINT('',(0.05009378490448,0.015350586097687,0.));
#14093=CARTESIAN_POINT('',(0.05009875497818,0.015450154099613,0.003175));
#14094=CARTESIAN_POINT('',(0.049626333471311,-0.003463791818674,0.00635));
#14095=CARTESIAN_POINT('',(0.0501,0.0155,0.00635));
#14096=CARTESIAN_POINT('',(0.0501,0.0155,-0.001000000190735));
#14097=CARTESIAN_POINT('',(0.0501,0.0155,0.));
#14098=CARTESIAN_POINT('',(0.049899225903969,0.007461774942713,-4.440892098501E-19));
#14099=CARTESIAN_POINT('',(0.05009875497818,0.015549845900387,0.003175));
#14100=CARTESIAN_POINT('',(0.050541185040255,-0.002163357552555,0.00635));
#14101=CARTESIAN_POINT('',(0.0500975099563598,0.0155996918007773,0.00635));
#14102=CARTESIAN_POINT('',(0.0500975099861718,0.0155996906072192,0.003175));
#14103=CARTESIAN_POINT('',(0.0500975099563598,0.0155996918007756,-1.480297366167E-19));
#14104=CARTESIAN_POINT('',(0.050286134480194,0.008047889033984,-4.440892098501E-19));
#14105=CARTESIAN_POINT('',(0.05009378490448,0.015649413902313,0.003175));
#14106=CARTESIAN_POINT('',(0.05009378490448,0.015649413902313,0.00635));
#14107=CARTESIAN_POINT('',(0.0500900598525966,0.0156991360039022,0.00635));
#14108=CARTESIAN_POINT('',(0.0500900597350125,0.0156991383690584,0.003175));
#14109=CARTESIAN_POINT('',(0.0500900598525985,0.0156991360038746,0.));
#14110=CARTESIAN_POINT('',(0.05009378490448,0.015649413902313,0.));
#14111=CARTESIAN_POINT('',(0.050083860015869,0.015748610503972,0.003175));
#14112=CARTESIAN_POINT('',(0.050083860015869,0.015748610503972,0.00635));
#14113=CARTESIAN_POINT('',(0.0500776601791429,0.0157980850040761,0.00635));
#14114=CARTESIAN_POINT('',(0.050077659561342,0.015798088507054,0.003175));
#14115=CARTESIAN_POINT('',(0.0500776601791413,0.0157980850040765,0.));
#14116=CARTESIAN_POINT('',(0.050083860015869,0.015748610503972,0.));
#14117=CARTESIAN_POINT('',(0.050069000101089,0.01584718850255,0.003175));
#14118=CARTESIAN_POINT('',(0.052477878157118,0.002188611842327,0.00635));
#14119=CARTESIAN_POINT('',(0.050060340023041,0.015896292001009,0.00635));
#14120=CARTESIAN_POINT('',(0.050060340023041,0.015896292001009,-0.001000000190735));
#14121=CARTESIAN_POINT('',(0.050060340023041,0.015896292001009,0.));
#14122=CARTESIAN_POINT('',(0.051100712998327,0.009997274405404,0.));
#14123=CARTESIAN_POINT('',(0.050049244976044,0.015944903507829,0.003175));
#14124=CARTESIAN_POINT('',(0.052833831201072,0.003744600768794,0.00635));
#14125=CARTESIAN_POINT('',(0.0500381499290574,0.0159935150146087,0.00635));
#14126=CARTESIAN_POINT('',(0.0500381496724952,0.015993516138697,0.003175));
#14127=CARTESIAN_POINT('',(0.0500381499290502,0.0159935150146359,0.));
#14128=CARTESIAN_POINT('',(0.051248165383231,0.010691989521464,0.));
#14129=CARTESIAN_POINT('',(0.050024649953842,0.016041512519121,0.003175));
#14130=CARTESIAN_POINT('',(0.050024649953842,0.016041512519121,0.00635));
#14131=CARTESIAN_POINT('',(0.0500111499786405,0.0160895100235828,0.00635));
#14132=CARTESIAN_POINT('',(0.0500111502254466,0.0160895089341823,0.003175));
#14133=CARTESIAN_POINT('',(0.0500111499786406,0.0160895100235839,0.));
#14134=CARTESIAN_POINT('',(0.050024649953842,0.016041512519121,0.));
#14135=CARTESIAN_POINT('',(0.049995269870758,0.016136775016785,0.003175));
#14136=CARTESIAN_POINT('',(0.049995269870758,0.016136775016785,0.00635));
#14137=CARTESIAN_POINT('',(0.0499793897628701,0.0161840400099965,0.00635));
#14138=CARTESIAN_POINT('',(0.0499793902361065,0.0161840389562788,0.003175));
#14139=CARTESIAN_POINT('',(0.0499793897628751,0.0161840400099829,0.));
#14140=CARTESIAN_POINT('',(0.049995269870758,0.016136775016785,0.));
#14141=CARTESIAN_POINT('',(0.049961169815063,0.016230455011129,0.003175));
#14142=CARTESIAN_POINT('',(0.049961169815063,0.016230455011129,0.));
#14143=CARTESIAN_POINT('',(0.0499429498672457,0.0162768700122905,0.));
#14144=CARTESIAN_POINT('',(0.049961169815063,0.016230455011129,0.00635));
#14145=CARTESIAN_POINT('',(0.0499429498672499,0.0162768700122805,0.00635));
#14146=CARTESIAN_POINT('',(0.0499429490094284,0.0162768720457153,0.003175));
#14147=CARTESIAN_POINT('',(0.049922444915771,0.01632231849432,0.003175));
#14148=CARTESIAN_POINT('',(0.049922444915771,0.01632231849432,0.00635));
#14149=CARTESIAN_POINT('',(0.0499019399642925,0.0163677669763605,0.00635));
#14150=CARTESIAN_POINT('',(0.0499019390309565,0.0163677689129481,0.003175));
#14151=CARTESIAN_POINT('',(0.0499019399642937,0.0163677669763585,0.));
#14152=CARTESIAN_POINT('',(0.049922444915771,0.01632231849432,0.));
#14153=CARTESIAN_POINT('',(0.049879190063477,0.01641213747859,0.003175));
#14154=CARTESIAN_POINT('',(0.049879190063477,0.01641213747859,0.));
#14155=CARTESIAN_POINT('',(0.0498564401626613,0.0164565079808195,0.));
#14156=CARTESIAN_POINT('',(0.049879190063477,0.01641213747859,0.00635));
#14157=CARTESIAN_POINT('',(0.0498564401626547,0.0164565079808322,0.00635));
#14158=CARTESIAN_POINT('',(0.0498564396300453,0.0164565089033595,0.003175));
#14159=CARTESIAN_POINT('',(0.049831510162354,0.016499689012766,0.003175));
#14160=CARTESIAN_POINT('',(0.051754090746804,0.013169604270983,0.00635));
#14161=CARTESIAN_POINT('',(0.049806580162048,0.016542870044708,0.00635));
#14162=CARTESIAN_POINT('',(0.049806580162048,0.016542870044708,-0.001000000190735));
#14163=CARTESIAN_POINT('',(0.049806580162048,0.016542870044708,0.));
#14164=CARTESIAN_POINT('',(0.050751970229326,0.014905368312121,0.));
#14165=CARTESIAN_POINT('',(0.049779530143738,0.016584755003452,0.003175));
#14166=CARTESIAN_POINT('',(0.051052472026299,0.014613698362287,0.00635));
#14167=CARTESIAN_POINT('',(0.0497524801254222,0.0166266399622031,0.00635));
#14168=CARTESIAN_POINT('',(0.0497524795996619,0.0166266407763052,0.003175));
#14169=CARTESIAN_POINT('',(0.0497524801254263,0.0166266399621971,0.));
#14170=CARTESIAN_POINT('',(0.050444292230976,0.015555419929482,0.));
#14171=CARTESIAN_POINT('',(0.049723370170593,0.016667124986649,0.003175));
#14172=CARTESIAN_POINT('',(0.0496942596089847,0.0167076107720825,0.003175));
#14173=CARTESIAN_POINT('',(0.049694260215757,0.0167076100111038,0.00635));
#14174=CARTESIAN_POINT('',(0.0496942602157609,0.016707610011098,0.));
#14175=CARTESIAN_POINT('',(0.049723370170593,0.016667124986649,0.));
#14176=CARTESIAN_POINT('',(0.049723370170593,0.016667124986649,0.00635));
#14177=CARTESIAN_POINT('',(0.049663175201416,0.016746595025063,0.003175));
#14178=CARTESIAN_POINT('',(0.049654607275677,0.016757340418352,0.));
#14179=CARTESIAN_POINT('',(0.04924817709676,0.017267061469938,0.00635));
#14180=CARTESIAN_POINT('',(0.0586,0.,-0.001));
#14181=CARTESIAN_POINT('',(0.0586,0.,0.00635));
#14182=CARTESIAN_POINT('',(0.0701,0.,0.00635));
#14183=CARTESIAN_POINT('',(0.0586,0.,0.));
#14184=CARTESIAN_POINT('',(0.0701,0.,0.));
#14185=CARTESIAN_POINT('',(0.049599095201492,-0.01417703497409,0.003175));
#14186=CARTESIAN_POINT('',(0.049632090187073,-0.01421441996097,0.007350000190735));
#14187=CARTESIAN_POINT('',(0.049632090187073,-0.01421441996097,0.00635));
#14188=CARTESIAN_POINT('',(0.049632090187073,-0.01421441996097,0.));
#14189=CARTESIAN_POINT('',(0.040469944645113,-0.003833245827098,0.00635));
#14190=CARTESIAN_POINT('',(0.0495661002159753,-0.0141396499872936,0.00635));
#14191=CARTESIAN_POINT('',(0.0495661007821137,-0.0141396506287482,0.003175));
#14192=CARTESIAN_POINT('',(0.049566100215971,-0.0141396499872883,0.));
#14193=CARTESIAN_POINT('',(0.041488522548368,-0.004987346090424,0.));
#14194=CARTESIAN_POINT('',(0.049531285142899,-0.01410395997762,0.003175));
#14195=CARTESIAN_POINT('',(0.049531285142899,-0.01410395997762,0.00635));
#14196=CARTESIAN_POINT('',(0.0494964700698214,-0.0140682699679745,0.00635));
#14197=CARTESIAN_POINT('',(0.049496471267273,-0.0140682711344042,0.003175));
#14198=CARTESIAN_POINT('',(0.049496470069826,-0.0140682699679785,0.));
#14199=CARTESIAN_POINT('',(0.049531285142899,-0.01410395997762,0.));
#14200=CARTESIAN_POINT('',(0.049459920024872,-0.01403435498476,0.003175));
#14201=CARTESIAN_POINT('',(0.049459920024872,-0.01403435498476,0.00635));
#14202=CARTESIAN_POINT('',(0.0494233699798924,-0.0140004400015186,0.00635));
#14203=CARTESIAN_POINT('',(0.049423369476117,-0.0140004394787546,0.003175));
#14204=CARTESIAN_POINT('',(0.0494233699798859,-0.0140004400015122,0.));
#14205=CARTESIAN_POINT('',(0.049459920024872,-0.01403435498476,0.));
#14206=CARTESIAN_POINT('',(0.049385175085068,-0.01396838998794,0.003175));
#14207=CARTESIAN_POINT('',(0.049385175085068,-0.01396838998794,0.00635));
#14208=CARTESIAN_POINT('',(0.049346980190219,-0.0139363399743583,0.00635));
#14209=CARTESIAN_POINT('',(0.0493469800710248,-0.0139363399743615,0.003175));
#14210=CARTESIAN_POINT('',(0.0493469801902327,-0.0139363399743689,-1.480297366167E-19));
#14211=CARTESIAN_POINT('',(0.049385175085068,-0.01396838998794,0.));
#14212=CARTESIAN_POINT('',(0.049307235097885,-0.01390622997283,0.003175));
#14213=CARTESIAN_POINT('',(0.049307235097885,-0.01390622997283,0.00635));
#14214=CARTESIAN_POINT('',(0.04926749000557,-0.0138761199713319,0.00635));
#14215=CARTESIAN_POINT('',(0.0492674906600672,-0.0138761203768478,0.003175));
#14216=CARTESIAN_POINT('',(0.0492674900055432,-0.0138761199713117,-1.480297366167E-19));
#14217=CARTESIAN_POINT('',(0.049307235097885,-0.01390622997283,0.));
#14218=CARTESIAN_POINT('',(0.049226290082932,-0.01384803497791,0.003175));
#14219=CARTESIAN_POINT('',(0.049226290082932,-0.01384803497791,0.00635));
#14220=CARTESIAN_POINT('',(0.0491850901602617,-0.0138199499844825,0.00635));
#14221=CARTESIAN_POINT('',(0.0491850901007116,-0.0138199499845107,0.003175));
#14222=CARTESIAN_POINT('',(0.0491850901602893,-0.0138199499844994,0.));
#14223=CARTESIAN_POINT('',(0.049226290082932,-0.01384803497791,0.));
#14224=CARTESIAN_POINT('',(0.049142545080185,-0.01379395002126,0.003175));
#14225=CARTESIAN_POINT('',(0.0491000054220323,-0.0137679533350444,0.003175));
#14226=CARTESIAN_POINT('',(0.0491000018047427,-0.0137679511548164,0.00635));
#14227=CARTESIAN_POINT('',(0.0491000018047123,-0.0137679511547979,-7.2280144832367E-20));
#14228=CARTESIAN_POINT('',(0.049142545080185,-0.01379395002126,0.));
#14229=CARTESIAN_POINT('',(0.049142545080185,-0.01379395002126,0.00635));
#14230=CARTESIAN_POINT('',(0.049056209897995,-0.01374410504102,0.003175));
#14231=CARTESIAN_POINT('',(0.049056209897995,-0.01374410504102,0.));
#14232=CARTESIAN_POINT('',(0.049012423233044,-0.0137202616792904,0.));
#14233=CARTESIAN_POINT('',(0.049056209897995,-0.01374410504102,0.00635));
#14234=CARTESIAN_POINT('',(0.0490124232330497,-0.0137202616792936,0.00635));
#14235=CARTESIAN_POINT('',(0.0490124249514963,-0.0137202625068594,0.003175));
#14236=CARTESIAN_POINT('',(0.048967494821548,-0.01369862502813,0.003175));
#14237=CARTESIAN_POINT('',(0.048922569847107,-0.01367699003219,-0.001000000190735));
#14238=CARTESIAN_POINT('',(0.048922569847107,-0.01367699003219,0.));
#14239=CARTESIAN_POINT('',(0.048922569847107,-0.01367699003219,0.00635));
#14240=CARTESIAN_POINT('',(0.038030093600566,-0.008431384836621,0.));
#14241=CARTESIAN_POINT('',(0.030549471726665,-0.004828862501047,0.00635));
#14242=CARTESIAN_POINT('',(0.048876624917984,-0.01365762001276,0.003175));
#14243=CARTESIAN_POINT('',(0.029467459742793,-0.005474869187923,0.00635));
#14244=CARTESIAN_POINT('',(0.0488306799888344,-0.0136382499933129,0.00635));
#14245=CARTESIAN_POINT('',(0.0488306829960494,-0.013638251261131,0.003175));
#14246=CARTESIAN_POINT('',(0.0488306799888457,-0.0136382499933171,0.));
#14247=CARTESIAN_POINT('',(0.037830855569858,-0.009000810849228,0.));
#14248=CARTESIAN_POINT('',(0.048783825016022,-0.01362120002508,0.003175));
#14249=CARTESIAN_POINT('',(0.048783825016022,-0.01362120002508,0.00635));
#14250=CARTESIAN_POINT('',(0.0487369700432051,-0.013604150056844,0.00635));
#14251=CARTESIAN_POINT('',(0.0487369680288075,-0.0136041491503055,0.003175));
#14252=CARTESIAN_POINT('',(0.0487369700431704,-0.0136041500568315,0.));
#14253=CARTESIAN_POINT('',(0.048783825016022,-0.01362120002508,0.));
#14254=CARTESIAN_POINT('',(0.048689324951172,-0.01358945000171,0.003175));
#14255=CARTESIAN_POINT('',(0.048689324951172,-0.01358945000171,0.00635));
#14256=CARTESIAN_POINT('',(0.0486416763318264,-0.0135747490483383,0.00635));
#14257=CARTESIAN_POINT('',(0.0486416761175831,-0.0135747490772507,0.003175));
#14258=CARTESIAN_POINT('',(0.0486416753427827,-0.0135747488382043,0.));
#14259=CARTESIAN_POINT('',(0.048689324951172,-0.01358945000171,0.));
#14260=CARTESIAN_POINT('',(0.048593360042572,-0.01356244498491,0.003175));
#14261=CARTESIAN_POINT('',(0.048593360042572,-0.01356244498491,0.00635));
#14262=CARTESIAN_POINT('',(0.0485450402259542,-0.0135501400232284,0.00635));
#14263=CARTESIAN_POINT('',(0.0485450418163593,-0.0135501403447478,0.003175));
#14264=CARTESIAN_POINT('',(0.0485450402259817,-0.0135501400232291,0.));
#14265=CARTESIAN_POINT('',(0.048593360042572,-0.01356244498491,0.));
#14266=CARTESIAN_POINT('',(0.048496170139313,-0.01354026001691,0.003175));
#14267=CARTESIAN_POINT('',(0.025939261944677,-0.008979957169957,0.00635));
#14268=CARTESIAN_POINT('',(0.0484473000525834,-0.0135303800105943,0.00635));
#14269=CARTESIAN_POINT('',(0.0484473014052153,-0.0135303802840445,0.003175));
#14270=CARTESIAN_POINT('',(0.0484473000526231,-0.0135303800105975,-1.480297366167E-19));
#14271=CARTESIAN_POINT('',(0.037631673682852,-0.011343797909,0.));
#14272=CARTESIAN_POINT('',(0.048397995090485,-0.01352294999361,0.003175));
#14273=CARTESIAN_POINT('',(0.048397995090485,-0.01352294999361,0.));
#14274=CARTESIAN_POINT('',(0.0483486901282694,-0.0135155199766026,-2.960594732334E-19));
#14275=CARTESIAN_POINT('',(0.048397995090485,-0.01352294999361,0.00635));
#14276=CARTESIAN_POINT('',(0.0483486901283255,-0.0135155199766139,0.00635));
#14277=CARTESIAN_POINT('',(0.0483486947584732,-0.0135155206047503,0.003175));
#14278=CARTESIAN_POINT('',(0.048299074983597,-0.01351055496931,0.003175));
#14279=CARTESIAN_POINT('',(0.048299074983597,-0.01351055496931,0.));
#14280=CARTESIAN_POINT('',(0.0482494598389374,-0.0135055899620051,-1.480297366167E-19));
#14281=CARTESIAN_POINT('',(0.048299074983597,-0.01351055496931,0.00635));
#14282=CARTESIAN_POINT('',(0.0482494598387537,-0.0135055899619924,0.00635));
#14283=CARTESIAN_POINT('',(0.048249463738061,-0.0135055901874324,0.003175));
#14284=CARTESIAN_POINT('',(0.048199659919739,-0.01350310498476,0.003175));
#14285=CARTESIAN_POINT('',(0.0481498606189152,-0.01350062000751,0.003175));
#14286=CARTESIAN_POINT('',(0.0481498600006578,-0.01350062000751,0.00635));
#14287=CARTESIAN_POINT('',(0.0481498600005866,-0.01350062000751,0.));
#14288=CARTESIAN_POINT('',(0.048199659919739,-0.01350310498476,0.));
#14289=CARTESIAN_POINT('',(0.048199659919739,-0.01350310498476,0.00635));
#14290=CARTESIAN_POINT('',(0.045599999299645,-0.01350062000751,0.003175));
#14291=CARTESIAN_POINT('',(0.0430501392171719,-0.01350062000751,0.003175));
#14292=CARTESIAN_POINT('',(0.0430501385986676,-0.01350062000751,0.00635));
#14293=CARTESIAN_POINT('',(0.0430501385986392,-0.01350062000751,-1.480297366167E-19));
#14294=CARTESIAN_POINT('',(0.037108241170586,-0.01350062000751,0.));
#14295=CARTESIAN_POINT('',(0.022799999649823,-0.01350062000751,0.00635));
#14296=CARTESIAN_POINT('',(0.04300033929795,-0.01350310498476,0.003175));
#14297=CARTESIAN_POINT('',(0.04300033929795,-0.01350310498476,0.00635));
#14298=CARTESIAN_POINT('',(0.0429505399972559,-0.013505589961998,0.00635));
#14299=CARTESIAN_POINT('',(0.0429505438964887,-0.0135055897365772,0.003175));
#14300=CARTESIAN_POINT('',(0.042950539997248,-0.013505589961997,-1.480297366167E-19));
#14301=CARTESIAN_POINT('',(0.04300033929795,-0.01350310498476,0.));
#14302=CARTESIAN_POINT('',(0.042900926499069,-0.01351055496931,0.003175));
#14303=CARTESIAN_POINT('',(0.042900926499069,-0.01351055496931,0.00635));
#14304=CARTESIAN_POINT('',(0.0428513130008563,-0.0135155199766179,0.00635));
#14305=CARTESIAN_POINT('',(0.0428513176307811,-0.0135155193485291,0.003175));
#14306=CARTESIAN_POINT('',(0.0428513130008649,-0.0135155199766152,0.));
#14307=CARTESIAN_POINT('',(0.042900926499069,-0.01351055496931,0.));
#14308=CARTESIAN_POINT('',(0.042802008500695,-0.01352294999361,0.003175));
#14309=CARTESIAN_POINT('',(0.042802008500695,-0.01352294999361,0.00635));
#14310=CARTESIAN_POINT('',(0.042752704000562,-0.0135303800105846,0.00635));
#14311=CARTESIAN_POINT('',(0.0427527053530121,-0.0135303797371719,0.003175));
#14312=CARTESIAN_POINT('',(0.0427527040005565,-0.0135303800105841,0.));
#14313=CARTESIAN_POINT('',(0.042802008500695,-0.01352294999361,0.));
#14314=CARTESIAN_POINT('',(0.042703830993176,-0.01354026001691,0.003175));
#14315=CARTESIAN_POINT('',(0.0426549595761299,-0.0135501397017433,0.003175));
#14316=CARTESIAN_POINT('',(0.0426549579857895,-0.0135501400232483,0.00635));
#14317=CARTESIAN_POINT('',(0.042654957985859,-0.0135501400232325,0.));
#14318=CARTESIAN_POINT('',(0.037251602276625,-0.01464246463087,0.));
#14319=CARTESIAN_POINT('',(0.021451270989964,-0.01783660760461,0.00635));
#14320=CARTESIAN_POINT('',(0.042606638497114,-0.01356244498491,0.003175));
#14321=CARTESIAN_POINT('',(0.042606638497114,-0.01356244498491,0.00635));
#14322=CARTESIAN_POINT('',(0.0425583190084037,-0.0135747499465724,0.00635));
#14323=CARTESIAN_POINT('',(0.0425583152670556,-0.0135747508158539,0.003175));
#14324=CARTESIAN_POINT('',(0.0425583190083682,-0.013574749946585,0.));
#14325=CARTESIAN_POINT('',(0.042606638497114,-0.01356244498491,0.));
#14326=CARTESIAN_POINT('',(0.042510672992468,-0.01358945000171,0.003175));
#14327=CARTESIAN_POINT('',(0.042510672992468,-0.01358945000171,0.));
#14328=CARTESIAN_POINT('',(0.0424630244020806,-0.0136041509936717,0.));
#14329=CARTESIAN_POINT('',(0.042510672992468,-0.01358945000171,0.00635));
#14330=CARTESIAN_POINT('',(0.042463024402041,-0.0136041509936829,0.00635));
#14331=CARTESIAN_POINT('',(0.0424630218276945,-0.0136041519304766,0.003175));
#14332=CARTESIAN_POINT('',(0.042416172480583,-0.01362120002508,0.003175));
#14333=CARTESIAN_POINT('',(0.022478362124548,-0.02087640629989,0.00635));
#14334=CARTESIAN_POINT('',(0.042369317984581,-0.01363824999332,0.00635));
#14335=CARTESIAN_POINT('',(0.042369317984581,-0.01363824999332,-0.001000000190735));
#14336=CARTESIAN_POINT('',(0.042369317984581,-0.01363824999332,0.));
#14337=CARTESIAN_POINT('',(0.038511672638579,-0.01504201561354,0.));
#14338=CARTESIAN_POINT('',(0.042323371982574,-0.01365762001276,0.003175));
#14339=CARTESIAN_POINT('',(0.038948630833409,-0.01508035101862,0.));
#14340=CARTESIAN_POINT('',(0.042277425980568,-0.01367699003219,0.));
#14341=CARTESIAN_POINT('',(0.023014207502353,-0.0217980212433,0.00635));
#14342=CARTESIAN_POINT('',(0.042277425980568,-0.01367699003219,0.00635));
#14343=CARTESIAN_POINT('',(0.042277425980568,-0.01367699003219,0.007350000190735));
#14344=CARTESIAN_POINT('',(0.042232502496243,-0.01369862502813,0.003175));
#14345=CARTESIAN_POINT('',(0.042187579011917,-0.01372026002407,0.007350000190735));
#14346=CARTESIAN_POINT('',(0.042187579011917,-0.01372026002407,0.00635));
#14347=CARTESIAN_POINT('',(0.042187579011917,-0.01372026002407,0.));
#14348=CARTESIAN_POINT('',(0.039383810325481,-0.01507054540489,0.));
#14349=CARTESIAN_POINT('',(0.023635316114449,-0.0226549661904,0.00635));
#14350=CARTESIAN_POINT('',(0.042143789505959,-0.01374410504102,0.003175));
#14351=CARTESIAN_POINT('',(0.0421,-0.01376795005798,-0.001000000190735));
#14352=CARTESIAN_POINT('',(0.0421,-0.01376795005798,0.));
#14353=CARTESIAN_POINT('',(0.0421,-0.01376795005798,0.00635));
#14354=CARTESIAN_POINT('',(0.039813271820131,-0.01501315872224,0.));
#14355=CARTESIAN_POINT('',(0.024335909088817,-0.02344115919151,0.00635));
#14356=CARTESIAN_POINT('',(0.04205745497942,-0.01379395002126,0.003175));
#14357=CARTESIAN_POINT('',(0.025110203265359,-0.02415069486032,0.00635));
#14358=CARTESIAN_POINT('',(0.042014909958839,-0.01381994998455,0.00635));
#14359=CARTESIAN_POINT('',(0.042014909958839,-0.01381994998455,-0.001000000190735));
#14360=CARTESIAN_POINT('',(0.042014909958839,-0.01381994998455,0.));
#14361=CARTESIAN_POINT('',(0.04023313920137,-0.01490881946074,0.));
#14362=CARTESIAN_POINT('',(0.041973709976673,-0.01384803497791,0.003175));
#14363=CARTESIAN_POINT('',(0.02594588986677,-0.02477379750819,0.00635));
#14364=CARTESIAN_POINT('',(0.041932509994507,-0.01387611997127,0.00635));
#14365=CARTESIAN_POINT('',(0.041932509994507,-0.01387611997127,0.007350000190735));
#14366=CARTESIAN_POINT('',(0.041932509994507,-0.01387611997127,0.));
#14367=CARTESIAN_POINT('',(0.040636432400847,-0.01475962352397,0.));
#14368=CARTESIAN_POINT('',(0.041892765021324,-0.01390622997283,0.003175));
#14369=CARTESIAN_POINT('',(0.026841087921721,-0.02530908132028,0.00635));
#14370=CARTESIAN_POINT('',(0.041853020048141,-0.0139363399744,0.00635));
#14371=CARTESIAN_POINT('',(0.041853020048141,-0.0139363399744,-0.001000000190735));
#14372=CARTESIAN_POINT('',(0.041853020048141,-0.0139363399744,0.));
#14373=CARTESIAN_POINT('',(0.041021950335462,-0.01456594186729,-4.440892098501E-19));
#14374=CARTESIAN_POINT('',(0.041814825034142,-0.01396838998794,0.003175));
#14375=CARTESIAN_POINT('',(0.02777790684031,-0.02574698020402,0.00635));
#14376=CARTESIAN_POINT('',(0.041776630020142,-0.01400044000148,0.00635));
#14377=CARTESIAN_POINT('',(0.041776630020142,-0.01400044000148,0.007350000190735));
#14378=CARTESIAN_POINT('',(0.041776630020142,-0.01400044000148,0.));
#14379=CARTESIAN_POINT('',(0.041381387283509,-0.01433209415565,0.));
#14380=CARTESIAN_POINT('',(0.041740080034733,-0.01403435498476,0.003175));
#14381=CARTESIAN_POINT('',(0.028751782011139,-0.02608628620395,0.00635));
#14382=CARTESIAN_POINT('',(0.041703530049324,-0.01406826996803,0.00635));
#14383=CARTESIAN_POINT('',(0.041703530049324,-0.01406826996803,0.007350000190735));
#14384=CARTESIAN_POINT('',(0.041703530049324,-0.01406826996803,0.));
#14385=CARTESIAN_POINT('',(0.041712938254727,-0.01405954002942,0.));
#14386=CARTESIAN_POINT('',(0.041668715035915,-0.01410395997762,0.003175));
#14387=CARTESIAN_POINT('',(0.041633900022507,-0.01413964998722,0.007350000190735));
#14388=CARTESIAN_POINT('',(0.041633900022507,-0.01413964998722,0.00635));
#14389=CARTESIAN_POINT('',(0.041633900022507,-0.01413964998722,0.));
#14390=CARTESIAN_POINT('',(0.042011540362969,-0.01375251851563,0.));
#14391=CARTESIAN_POINT('',(0.029749091881884,-0.02632315575188,0.00635));
#14392=CARTESIAN_POINT('',(0.041600905036926,-0.01417703497409,0.003175));
#14393=CARTESIAN_POINT('',(0.030763364629187,-0.02645651619827,0.00635));
#14394=CARTESIAN_POINT('',(0.041567910051346,-0.01421441996097,0.00635));
#14395=CARTESIAN_POINT('',(0.041567910051346,-0.01421441996097,-0.001000000190735));
#14396=CARTESIAN_POINT('',(0.041567910051346,-0.01421441996097,0.));
#14397=CARTESIAN_POINT('',(0.042274972512695,-0.01341328244343,0.));
#14398=CARTESIAN_POINT('',(0.041536825037003,-0.01425340497493,0.003175));
#14399=CARTESIAN_POINT('',(0.031783883107467,-0.02648497653198,0.00635));
#14400=CARTESIAN_POINT('',(0.041505740022659,-0.01429238998889,0.00635));
#14401=CARTESIAN_POINT('',(0.041505740022659,-0.01429238998889,-0.001000000190735));
#14402=CARTESIAN_POINT('',(0.041505740022659,-0.01429238998889,0.));
#14403=CARTESIAN_POINT('',(0.042499844004054,-0.01304564269239,0.));
#14404=CARTESIAN_POINT('',(0.041476630008221,-0.01433287501335,0.003175));
#14405=CARTESIAN_POINT('',(0.032793273414455,-0.02640933429395,0.00635));
#14406=CARTESIAN_POINT('',(0.041447519993782,-0.0143733600378,0.00635));
#14407=CARTESIAN_POINT('',(0.041447519993782,-0.0143733600378,-0.001000000190735));
#14408=CARTESIAN_POINT('',(0.041447519993782,-0.0143733600378,0.));
#14409=CARTESIAN_POINT('',(0.042681967919661,-0.01265654005581,0.));
#14410=CARTESIAN_POINT('',(0.041420469975471,-0.01441524499654,0.003175));
#14411=CARTESIAN_POINT('',(0.033790322675403,-0.02622996546014,0.00635));
#14412=CARTESIAN_POINT('',(0.041393419957161,-0.01445712995529,0.00635));
#14413=CARTESIAN_POINT('',(0.041393419957161,-0.01445712995529,0.007350000190735));
#14414=CARTESIAN_POINT('',(0.041393419957161,-0.01445712995529,0.));
#14415=CARTESIAN_POINT('',(0.042821001244403,-0.01224662559875,0.));
#14416=CARTESIAN_POINT('',(0.041368489956856,-0.01450031098723,0.003175));
#14417=CARTESIAN_POINT('',(0.034757926048209,-0.02595040997648,0.00635));
#14418=CARTESIAN_POINT('',(0.041343559956551,-0.01454349201917,0.00635));
#14419=CARTESIAN_POINT('',(0.041343559956551,-0.01454349201917,0.007350000190735));
#14420=CARTESIAN_POINT('',(0.041343559956551,-0.01454349201917,0.));
#14421=CARTESIAN_POINT('',(0.042913917621802,-0.01182348946506,0.));
#14422=CARTESIAN_POINT('',(0.041320809996128,-0.01458786252141,0.003175));
#14423=CARTESIAN_POINT('',(0.035687941324582,-0.02557395688509,0.00635));
#14424=CARTESIAN_POINT('',(0.041298060035706,-0.01463223302364,0.00635));
#14425=CARTESIAN_POINT('',(0.041298060035706,-0.01463223302364,-0.001000000190735));
#14426=CARTESIAN_POINT('',(0.041298060035706,-0.01463223302364,0.));
#14427=CARTESIAN_POINT('',(0.042959815210712,-0.01139122027747,0.));
#14428=CARTESIAN_POINT('',(0.041277555024624,-0.01467768150568,0.003175));
#14429=CARTESIAN_POINT('',(0.036573838283371,-0.02510326893737,0.00635));
#14430=CARTESIAN_POINT('',(0.041257050013542,-0.01472312998771,0.00635));
#14431=CARTESIAN_POINT('',(0.041257050013542,-0.01472312998771,-0.001000000190735));
#14432=CARTESIAN_POINT('',(0.041257050013542,-0.01472312998771,0.));
#14433=CARTESIAN_POINT('',(0.042957958189882,-0.01095313959901,0.));
#14434=CARTESIAN_POINT('',(0.041238830006123,-0.01476954498887,0.003175));
#14435=CARTESIAN_POINT('',(0.037400662415238,-0.02454717839249,0.00635));
#14436=CARTESIAN_POINT('',(0.041220609998703,-0.01481595999002,0.00635));
#14437=CARTESIAN_POINT('',(0.041220609998703,-0.01481595999002,0.007350000190735));
#14438=CARTESIAN_POINT('',(0.041220609998703,-0.01481595999002,0.));
#14439=CARTESIAN_POINT('',(0.042907984885232,-0.01051741578519,0.));
#14440=CARTESIAN_POINT('',(0.041204730010033,-0.01486322498321,0.003175));
#14441=CARTESIAN_POINT('',(0.042809905428351,-0.01008560159873,0.));
#14442=CARTESIAN_POINT('',(0.041188850021362,-0.0149104899764,0.));
#14443=CARTESIAN_POINT('',(0.03816601742366,-0.02390760988078,0.00635));
#14444=CARTESIAN_POINT('',(0.041188850021362,-0.0149104899764,0.00635));
#14445=CARTESIAN_POINT('',(0.041188850021362,-0.0149104899764,0.007350000190735));
#14446=CARTESIAN_POINT('',(0.041175349986553,-0.01495848748087,0.003175));
#14447=CARTESIAN_POINT('',(0.04266443320289,-0.009664258292065,0.));
#14448=CARTESIAN_POINT('',(0.041161849951744,-0.01500648498535,0.));
#14449=CARTESIAN_POINT('',(0.038859160242924,-0.02319337940163,0.00635));
#14450=CARTESIAN_POINT('',(0.041161849951744,-0.01500648498535,0.00635));
#14451=CARTESIAN_POINT('',(0.041161849951744,-0.01500648498535,0.007350000190735));
#14452=CARTESIAN_POINT('',(0.041150749957561,-0.01505509649217,0.003175));
#14453=CARTESIAN_POINT('',(0.041139649963379,-0.01510370799899,-0.001000000190735));
#14454=CARTESIAN_POINT('',(0.041139649963379,-0.01510370799899,0.));
#14455=CARTESIAN_POINT('',(0.041139649963379,-0.01510370799899,0.00635));
#14456=CARTESIAN_POINT('',(0.042473845748848,-0.009260707862475,0.));
#14457=CARTESIAN_POINT('',(0.039469747913715,-0.0224169059647,0.00635));
#14458=CARTESIAN_POINT('',(0.04113099501133,-0.01515281149745,0.003175));
#14459=CARTESIAN_POINT('',(0.039998725413779,-0.02157669439384,0.00635));
#14460=CARTESIAN_POINT('',(0.04112234005928,-0.0152019149959,0.00635));
#14461=CARTESIAN_POINT('',(0.04112234005928,-0.0152019149959,-0.001000000190735));
#14462=CARTESIAN_POINT('',(0.04112234005928,-0.0152019149959,0.));
#14463=CARTESIAN_POINT('',(0.042237630832241,-0.008874360731069,-4.440892098501E-19));
#14464=CARTESIAN_POINT('',(0.041116140043736,-0.01525138949602,0.003175));
#14465=CARTESIAN_POINT('',(0.040434394054315,-0.02069154392644,0.00635));
#14466=CARTESIAN_POINT('',(0.041109940028191,-0.01530086399614,0.00635));
#14467=CARTESIAN_POINT('',(0.041109940028191,-0.01530086399614,-0.001000000190735));
#14468=CARTESIAN_POINT('',(0.041109940028191,-0.01530086399614,0.));
#14469=CARTESIAN_POINT('',(0.041960364063519,-0.008514702940101,0.));
#14470=CARTESIAN_POINT('',(0.041106215035915,-0.01535058609768,0.003175));
#14471=CARTESIAN_POINT('',(0.041643156541249,-0.008183360483183,0.));
#14472=CARTESIAN_POINT('',(0.04110249004364,-0.01540030819922,0.));
#14473=CARTESIAN_POINT('',(0.040775483037367,-0.01976527713569,0.00635));
#14474=CARTESIAN_POINT('',(0.04110249004364,-0.01540030819922,0.00635));
#14475=CARTESIAN_POINT('',(0.04110249004364,-0.01540030819922,0.007350000190735));
#14476=CARTESIAN_POINT('',(0.04110124502182,-0.01545015409961,0.003175));
#14477=CARTESIAN_POINT('',(0.041290185172668,-0.007885714837274,0.));
#14478=CARTESIAN_POINT('',(0.0411,-0.0155,0.));
#14479=CARTESIAN_POINT('',(0.04101729274001,-0.01881128159866,0.00635));
#14480=CARTESIAN_POINT('',(0.0411,-0.0155,0.00635));
#14481=CARTESIAN_POINT('',(0.0411,-0.0155,0.007350000190735));
#14482=CARTESIAN_POINT('',(0.04110124502182,-0.01554984590038,0.003175));
#14483=CARTESIAN_POINT('',(0.040903276596443,-0.007623949139423,0.));
#14484=CARTESIAN_POINT('',(0.04110249004364,-0.01559969180077,0.));
#14485=CARTESIAN_POINT('',(0.041158327156504,-0.01783519572596,0.00635));
#14486=CARTESIAN_POINT('',(0.04110249004364,-0.01559969180077,0.00635));
#14487=CARTESIAN_POINT('',(0.04110249004364,-0.01559969180077,0.007350000190735));
#14488=CARTESIAN_POINT('',(0.041106215035915,-0.01564941390231,0.003175));
#14489=CARTESIAN_POINT('',(0.041196397366354,-0.01685318955064,0.00635));
#14490=CARTESIAN_POINT('',(0.041109940028191,-0.01569913600385,0.00635));
#14491=CARTESIAN_POINT('',(0.041109940028191,-0.01569913600385,-0.001000000190735));
#14492=CARTESIAN_POINT('',(0.041109940028191,-0.01569913600385,0.));
#14493=CARTESIAN_POINT('',(0.040488435815709,-0.007403146837496,0.));
#14494=CARTESIAN_POINT('',(0.041116140043736,-0.01574861050397,0.003175));
#14495=CARTESIAN_POINT('',(0.041131489838388,-0.01587109784482,0.00635));
#14496=CARTESIAN_POINT('',(0.04112234005928,-0.01579808500409,0.00635));
#14497=CARTESIAN_POINT('',(0.04112234005928,-0.01579808500409,-0.001000000190735));
#14498=CARTESIAN_POINT('',(0.04112234005928,-0.01579808500409,0.));
#14499=CARTESIAN_POINT('',(0.040047977399247,-0.007224952377642,0.));
#14500=CARTESIAN_POINT('',(0.04113099501133,-0.01584718850255,0.003175));
#14501=CARTESIAN_POINT('',(0.040964584203644,-0.01490306393753,0.00635));
#14502=CARTESIAN_POINT('',(0.041139649963379,-0.015896292001,0.00635));
#14503=CARTESIAN_POINT('',(0.041139649963379,-0.015896292001,-0.001000000190735));
#14504=CARTESIAN_POINT('',(0.041139649963379,-0.015896292001,0.));
#14505=CARTESIAN_POINT('',(0.039587929727301,-0.007092673935052,-4.440892098501E-19));
#14506=CARTESIAN_POINT('',(0.041150749957561,-0.01594490350782,0.003175));
#14507=CARTESIAN_POINT('',(0.040695940728402,-0.01395310409052,0.00635));
#14508=CARTESIAN_POINT('',(0.041161849951744,-0.01599351501464,0.00635));
#14509=CARTESIAN_POINT('',(0.041161849951744,-0.01599351501464,-0.001000000190735));
#14510=CARTESIAN_POINT('',(0.041161849951744,-0.01599351501464,0.));
#14511=CARTESIAN_POINT('',(0.039109953956344,-0.007007406145308,0.));
#14512=CARTESIAN_POINT('',(0.041175349986553,-0.01604151251912,0.003175));
#14513=CARTESIAN_POINT('',(0.040331808006945,-0.01304241581221,0.00635));
#14514=CARTESIAN_POINT('',(0.041188850021362,-0.01608951002359,0.00635));
#14515=CARTESIAN_POINT('',(0.041188850021362,-0.01608951002359,-0.001000000190735));
#14516=CARTESIAN_POINT('',(0.041188850021362,-0.01608951002359,0.));
#14517=CARTESIAN_POINT('',(0.038624426062655,-0.006972055723036,0.));
#14518=CARTESIAN_POINT('',(0.041204730010033,-0.01613677501678,0.003175));
#14519=CARTESIAN_POINT('',(0.039871747374073,-0.01216930271438,0.00635));
#14520=CARTESIAN_POINT('',(0.041220609998703,-0.01618404000997,0.00635));
#14521=CARTESIAN_POINT('',(0.041220609998703,-0.01618404000997,-0.001000000190735));
#14522=CARTESIAN_POINT('',(0.041220609998703,-0.01618404000997,0.));
#14523=CARTESIAN_POINT('',(0.038130469281199,-0.0069865850871,0.));
#14524=CARTESIAN_POINT('',(0.041238830006123,-0.01623045501112,0.003175));
#14525=CARTESIAN_POINT('',(0.039322418055299,-0.01134844476489,0.00635));
#14526=CARTESIAN_POINT('',(0.041257050013542,-0.01627687001228,0.00635));
#14527=CARTESIAN_POINT('',(0.041257050013542,-0.01627687001228,-0.001000000190735));
#14528=CARTESIAN_POINT('',(0.041257050013542,-0.01627687001228,0.));
#14529=CARTESIAN_POINT('',(0.037635911890375,-0.007052113606052,0.));
#14530=CARTESIAN_POINT('',(0.041277555024624,-0.01632231849432,0.003175));
#14531=CARTESIAN_POINT('',(0.038691824944563,-0.01059115811469,0.00635));
#14532=CARTESIAN_POINT('',(0.041298060035706,-0.01636776697635,0.00635));
#14533=CARTESIAN_POINT('',(0.041298060035706,-0.01636776697635,-0.001000000190735));
#14534=CARTESIAN_POINT('',(0.041298060035706,-0.01636776697635,0.));
#14535=CARTESIAN_POINT('',(0.037147552305196,-0.007168343709467,0.));
#14536=CARTESIAN_POINT('',(0.041320809996128,-0.01641213747859,0.003175));
#14537=CARTESIAN_POINT('',(0.037981815167901,-0.00989991175459,0.00635));
#14538=CARTESIAN_POINT('',(0.041343559956551,-0.01645650798082,0.00635));
#14539=CARTESIAN_POINT('',(0.041343559956551,-0.01645650798082,-0.001000000190735));
#14540=CARTESIAN_POINT('',(0.041343559956551,-0.01645650798082,0.));
#14541=CARTESIAN_POINT('',(0.036666886967978,-0.007335334781794,0.));
#14542=CARTESIAN_POINT('',(0.041368489956856,-0.01649968901276,0.003175));
#14543=CARTESIAN_POINT('',(0.037204419349133,-0.00928713932479,0.00635));
#14544=CARTESIAN_POINT('',(0.041393419957161,-0.0165428700447,0.00635));
#14545=CARTESIAN_POINT('',(0.041393419957161,-0.0165428700447,-0.001000000190735));
#14546=CARTESIAN_POINT('',(0.041393419957161,-0.0165428700447,0.));
#14547=CARTESIAN_POINT('',(0.036202298831656,-0.007551375283651,0.));
#14548=CARTESIAN_POINT('',(0.041420469975471,-0.01658475500345,0.003175));
#14549=CARTESIAN_POINT('',(0.03636524228573,-0.008757107687442,0.00635));
#14550=CARTESIAN_POINT('',(0.041447519993782,-0.01662663996219,0.00635));
#14551=CARTESIAN_POINT('',(0.041447519993782,-0.01662663996219,-0.001000000190735));
#14552=CARTESIAN_POINT('',(0.041447519993782,-0.01662663996219,0.));
#14553=CARTESIAN_POINT('',(0.035757062490407,-0.007815386120247,0.));
#14554=CARTESIAN_POINT('',(0.041476630008221,-0.01666712498664,0.003175));
#14555=CARTESIAN_POINT('',(0.035471263791102,-0.00831510583334,0.00635));
#14556=CARTESIAN_POINT('',(0.041505740022659,-0.0167076100111,0.00635));
#14557=CARTESIAN_POINT('',(0.041505740022659,-0.0167076100111,-0.001000000190735));
#14558=CARTESIAN_POINT('',(0.041505740022659,-0.0167076100111,0.));
#14559=CARTESIAN_POINT('',(0.035335268656293,-0.008125969329483,0.));
#14560=CARTESIAN_POINT('',(0.041536825037003,-0.01674659502506,0.003175));
#14561=CARTESIAN_POINT('',(0.034537965781454,-0.007969033503579,0.00635));
#14562=CARTESIAN_POINT('',(0.041567910051346,-0.01678558003902,0.00635));
#14563=CARTESIAN_POINT('',(0.041567910051346,-0.01678558003902,-0.001000000190735));
#14564=CARTESIAN_POINT('',(0.041567910051346,-0.01678558003902,0.));
#14565=CARTESIAN_POINT('',(0.034944395960371,-0.008478754555164,0.));
#14566=CARTESIAN_POINT('',(0.041600905036926,-0.0168229650259,0.003175));
#14567=CARTESIAN_POINT('',(0.033566467200744,-0.007719540739173,0.00635));
#14568=CARTESIAN_POINT('',(0.041633900022507,-0.01686035001277,0.00635));
#14569=CARTESIAN_POINT('',(0.041633900022507,-0.01686035001277,-0.001000000190735));
#14570=CARTESIAN_POINT('',(0.041633900022507,-0.01686035001277,0.));
#14571=CARTESIAN_POINT('',(0.034585045103999,-0.008873641002499,0.));
#14572=CARTESIAN_POINT('',(0.041668715035915,-0.01689604002237,0.003175));
#14573=CARTESIAN_POINT('',(0.032573221812743,-0.007571952262117,0.00635));
#14574=CARTESIAN_POINT('',(0.041703530049324,-0.01693173003196,0.00635));
#14575=CARTESIAN_POINT('',(0.041703530049324,-0.01693173003196,-0.001000000190735));
#14576=CARTESIAN_POINT('',(0.041703530049324,-0.01693173003196,0.));
#14577=CARTESIAN_POINT('',(0.034263927278312,-0.00930514976454,0.));
#14578=CARTESIAN_POINT('',(0.041740080034733,-0.01696564501524,0.003175));
#14579=CARTESIAN_POINT('',(0.03156889237465,-0.007527729910879,0.00635));
#14580=CARTESIAN_POINT('',(0.041776630020142,-0.01699955999851,0.00635));
#14581=CARTESIAN_POINT('',(0.041776630020142,-0.01699955999851,-0.001000000190735));
#14582=CARTESIAN_POINT('',(0.041776630020142,-0.01699955999851,0.));
#14583=CARTESIAN_POINT('',(0.033984582390229,-0.009769265319272,0.));
#14584=CARTESIAN_POINT('',(0.041814825034142,-0.01703161001205,0.003175));
#14585=CARTESIAN_POINT('',(0.030559997656358,-0.007587514249362,0.00635));
#14586=CARTESIAN_POINT('',(0.041853020048141,-0.01706366002559,0.00635));
#14587=CARTESIAN_POINT('',(0.041853020048141,-0.01706366002559,-0.001000000190735));
#14588=CARTESIAN_POINT('',(0.041853020048141,-0.01706366002559,0.));
#14589=CARTESIAN_POINT('',(0.033749102743906,-0.01026354052974,0.));
#14590=CARTESIAN_POINT('',(0.041892765021324,-0.01709377002716,0.003175));
#14591=CARTESIAN_POINT('',(0.029560607913924,-0.007751172962497,0.00635));
#14592=CARTESIAN_POINT('',(0.041932509994507,-0.01712388002872,0.00635));
#14593=CARTESIAN_POINT('',(0.041932509994507,-0.01712388002872,-0.001000000190735));
#14594=CARTESIAN_POINT('',(0.041932509994507,-0.01712388002872,0.));
#14595=CARTESIAN_POINT('',(0.033561320268355,-0.01078203310914,-4.440892098501E-19));
#14596=CARTESIAN_POINT('',(0.041973709976673,-0.01715196502208,0.003175));
#14597=CARTESIAN_POINT('',(0.028575448136822,-0.008018706339559,0.00635));
#14598=CARTESIAN_POINT('',(0.042014909958839,-0.01718005001545,0.00635));
#14599=CARTESIAN_POINT('',(0.042014909958839,-0.01718005001545,-0.001000000190735));
#14600=CARTESIAN_POINT('',(0.042014909958839,-0.01718005001545,0.));
#14601=CARTESIAN_POINT('',(0.03342259997858,-0.01132288804412,0.));
#14602=CARTESIAN_POINT('',(0.04205745497942,-0.01720604997873,0.003175));
#14603=CARTESIAN_POINT('',(0.027624145927599,-0.008385616934187,0.00635));
#14604=CARTESIAN_POINT('',(0.0421,-0.01723204994201,0.00635));
#14605=CARTESIAN_POINT('',(0.0421,-0.01723204994201,-0.001000000190735));
#14606=CARTESIAN_POINT('',(0.0421,-0.01723204994201,0.));
#14607=CARTESIAN_POINT('',(0.033336482340357,-0.01187651986405,0.));
#14608=CARTESIAN_POINT('',(0.042143789505959,-0.01725589495897,0.003175));
#14609=CARTESIAN_POINT('',(0.026708902572001,-0.008851024143404,0.00635));
#14610=CARTESIAN_POINT('',(0.042187579011917,-0.01727973997592,0.00635));
#14611=CARTESIAN_POINT('',(0.042187579011917,-0.01727973997592,-0.001000000190735));
#14612=CARTESIAN_POINT('',(0.042187579011917,-0.01727973997592,0.));
#14613=CARTESIAN_POINT('',(0.03330328969812,-0.01244191354479,0.));
#14614=CARTESIAN_POINT('',(0.042232502496243,-0.01730137497186,0.003175));
#14615=CARTESIAN_POINT('',(0.025844052819297,-0.009408753829397,0.00635));
#14616=CARTESIAN_POINT('',(0.042277425980568,-0.0173230099678,0.00635));
#14617=CARTESIAN_POINT('',(0.042277425980568,-0.0173230099678,-0.001000000190735));
#14618=CARTESIAN_POINT('',(0.042277425980568,-0.0173230099678,0.));
#14619=CARTESIAN_POINT('',(0.03332444414404,-0.01301128462928,0.));
#14620=CARTESIAN_POINT('',(0.042323371982574,-0.01734237998724,0.003175));
#14621=CARTESIAN_POINT('',(0.025036688491439,-0.01005462086605,0.00635));
#14622=CARTESIAN_POINT('',(0.042369317984581,-0.01736175000667,0.00635));
#14623=CARTESIAN_POINT('',(0.042369317984581,-0.01736175000667,-0.001000000190735));
#14624=CARTESIAN_POINT('',(0.042369317984581,-0.01736175000667,0.));
#14625=CARTESIAN_POINT('',(0.033400231659813,-0.01358054230968,0.));
#14626=CARTESIAN_POINT('',(0.042416172480583,-0.01737879997491,0.003175));
#14627=CARTESIAN_POINT('',(0.02429393744314,-0.0107842667233,0.00635));
#14628=CARTESIAN_POINT('',(0.042463026976585,-0.01739584994316,0.00635));
#14629=CARTESIAN_POINT('',(0.042463026976585,-0.01739584994316,-0.001000000190735));
#14630=CARTESIAN_POINT('',(0.042463026976585,-0.01739584994316,0.));
#14631=CARTESIAN_POINT('',(0.033530890791114,-0.0141455185706,0.));
#14632=CARTESIAN_POINT('',(0.042510672992468,-0.01741054999828,0.003175));
#14633=CARTESIAN_POINT('',(0.023629470497337,-0.01158520002275,0.00635));
#14634=CARTESIAN_POINT('',(0.04255831900835,-0.0174252500534,0.00635));
#14635=CARTESIAN_POINT('',(0.04255831900835,-0.0174252500534,-0.001000000190735));
#14636=CARTESIAN_POINT('',(0.04255831900835,-0.0174252500534,0.));
#14637=CARTESIAN_POINT('',(0.033715016465154,-0.01469685750177,0.));
#14638=CARTESIAN_POINT('',(0.042606638497114,-0.01743755501508,0.003175));
#14639=CARTESIAN_POINT('',(0.023044634954438,-0.0124559273083,0.00635));
#14640=CARTESIAN_POINT('',(0.042654957985878,-0.01744985997676,0.00635));
#14641=CARTESIAN_POINT('',(0.042654957985878,-0.01744985997676,-0.001000000190735));
#14642=CARTESIAN_POINT('',(0.042654957985878,-0.01744985997676,0.));
#14643=CARTESIAN_POINT('',(0.033952480931982,-0.01523370145728,0.));
#14644=CARTESIAN_POINT('',(0.042703830993176,-0.01745973998308,0.003175));
#14645=CARTESIAN_POINT('',(0.022548611032597,-0.01338522704704,0.00635));
#14646=CARTESIAN_POINT('',(0.042752704000473,-0.01746961998939,0.00635));
#14647=CARTESIAN_POINT('',(0.042752704000473,-0.01746961998939,-0.001000000190735));
#14648=CARTESIAN_POINT('',(0.042752704000473,-0.01746961998939,0.));
#14649=CARTESIAN_POINT('',(0.034241200389757,-0.01574896243096,0.));
#14650=CARTESIAN_POINT('',(0.042802008500695,-0.01747705000639,0.003175));
#14651=CARTESIAN_POINT('',(0.02214682243745,-0.01436438518305,0.00635));
#14652=CARTESIAN_POINT('',(0.042851313000917,-0.01748448002338,0.00635));
#14653=CARTESIAN_POINT('',(0.042851313000917,-0.01748448002338,-0.001000000190735));
#14654=CARTESIAN_POINT('',(0.042851313000917,-0.01748448002338,0.));
#14655=CARTESIAN_POINT('',(0.034579117668941,-0.01623788890855,0.));
#14656=CARTESIAN_POINT('',(0.042900926499069,-0.01748944503068,0.003175));
#14657=CARTESIAN_POINT('',(0.021844500751824,-0.0153822501835,0.00635));
#14658=CARTESIAN_POINT('',(0.04295053999722,-0.01749441003799,0.00635));
#14659=CARTESIAN_POINT('',(0.04295053999722,-0.01749441003799,-0.001000000190735));
#14660=CARTESIAN_POINT('',(0.04295053999722,-0.01749441003799,0.));
#14661=CARTESIAN_POINT('',(0.034963083370268,-0.01669507554274,0.));
#14662=CARTESIAN_POINT('',(0.04300033929795,-0.01749689501524,0.003175));
#14663=CARTESIAN_POINT('',(0.021644490271208,-0.01643124151995,0.00635));
#14664=CARTESIAN_POINT('',(0.04305013859868,-0.01749937999248,0.00635));
#14665=CARTESIAN_POINT('',(0.04305013859868,-0.01749937999248,-0.001000000190735));
#14666=CARTESIAN_POINT('',(0.04305013859868,-0.01749937999248,0.));
#14667=CARTESIAN_POINT('',(0.035390812697552,-0.01711718083908,-4.440892098501E-19));
#14668=CARTESIAN_POINT('',(0.045599999299645,-0.01749937999248,0.003175));
#14669=CARTESIAN_POINT('',(0.04814986000061,-0.01749937999248,0.007350000190735));
#14670=CARTESIAN_POINT('',(0.04814986000061,-0.01749937999248,0.00635));
#14671=CARTESIAN_POINT('',(0.04814986000061,-0.01749937999248,0.));
#14672=CARTESIAN_POINT('',(0.037108241170586,-0.01749937999248,0.));
#14673=CARTESIAN_POINT('',(0.022799999649823,-0.01749937999248,0.00635));
#14674=CARTESIAN_POINT('',(0.048199659919739,-0.01749689501524,0.003175));
#14675=CARTESIAN_POINT('',(0.024068770693719,-0.01870100762597,0.00635));
#14676=CARTESIAN_POINT('',(0.048249459838867,-0.01749441003799,0.00635));
#14677=CARTESIAN_POINT('',(0.048249459838867,-0.01749441003799,-0.001000000190735));
#14678=CARTESIAN_POINT('',(0.048249459838867,-0.01749441003799,0.));
#14679=CARTESIAN_POINT('',(0.038867847790823,-0.01796254518503,0.));
#14680=CARTESIAN_POINT('',(0.048299074983597,-0.01748944503068,0.003175));
#14681=CARTESIAN_POINT('',(0.024207634617875,-0.01990028506872,0.00635));
#14682=CARTESIAN_POINT('',(0.048348690128326,-0.01748448002338,0.00635));
#14683=CARTESIAN_POINT('',(0.048348690128326,-0.01748448002338,0.007350000190735));
#14684=CARTESIAN_POINT('',(0.048348690128326,-0.01748448002338,0.));
#14685=CARTESIAN_POINT('',(0.039421765013095,-0.01837780097712,-4.440892098501E-19));
#14686=CARTESIAN_POINT('',(0.048397995090485,-0.01747705000639,0.003175));
#14687=CARTESIAN_POINT('',(0.024465728016298,-0.02108352577057,0.00635));
#14688=CARTESIAN_POINT('',(0.048447300052643,-0.01746961998939,0.00635));
#14689=CARTESIAN_POINT('',(0.048447300052643,-0.01746961998939,0.007350000190735));
#14690=CARTESIAN_POINT('',(0.048447300052643,-0.01746961998939,0.));
#14691=CARTESIAN_POINT('',(0.040014473644937,-0.01874040574356,-4.440892098501E-19));
#14692=CARTESIAN_POINT('',(0.048496170139313,-0.01745973998308,0.003175));
#14693=CARTESIAN_POINT('',(0.048545040225983,-0.01744985997676,0.007350000190735));
#14694=CARTESIAN_POINT('',(0.048545040225983,-0.01744985997676,0.00635));
#14695=CARTESIAN_POINT('',(0.048545040225983,-0.01744985997676,0.));
#14696=CARTESIAN_POINT('',(0.040642241351848,-0.01904755926665,0.));
#14697=CARTESIAN_POINT('',(0.024841861471785,-0.02224190295633,0.00635));
#14698=CARTESIAN_POINT('',(0.048593360042572,-0.01743755501508,0.003175));
#14699=CARTESIAN_POINT('',(0.025332450619831,-0.02336109983217,0.00635));
#14700=CARTESIAN_POINT('',(0.048641679859161,-0.0174252500534,0.00635));
#14701=CARTESIAN_POINT('',(0.048641679859161,-0.0174252500534,0.007350000190735));
#14702=CARTESIAN_POINT('',(0.048641679859161,-0.0174252500534,0.));
#14703=CARTESIAN_POINT('',(0.041298300642914,-0.01929529026145,0.));
#14704=CARTESIAN_POINT('',(0.048689324951172,-0.01741054999828,0.003175));
#14705=CARTESIAN_POINT('',(0.041977661791747,-0.01948131561637,-4.440892098501E-19));
#14706=CARTESIAN_POINT('',(0.0487369700432608,-0.0173958499431314,-1.11022302462525E-19));
#14707=CARTESIAN_POINT('',(0.025933929023259,-0.02443132717294,0.00635));
#14708=CARTESIAN_POINT('',(0.0487369700431669,-0.0173958499431635,0.00635));
#14709=CARTESIAN_POINT('',(0.0487369731774684,-0.0173958489761288,0.003175));
#14710=CARTESIAN_POINT('',(0.048783825016022,-0.01737879997491,0.003175));
#14711=CARTESIAN_POINT('',(0.048783825016022,-0.01737879997491,0.00635));
#14712=CARTESIAN_POINT('',(0.0488306799887879,-0.0173617500066977,0.00635));
#14713=CARTESIAN_POINT('',(0.0488306829962227,-0.017361748738796,0.003175));
#14714=CARTESIAN_POINT('',(0.0488306799887684,-0.0173617500067068,0.));
#14715=CARTESIAN_POINT('',(0.048783825016022,-0.01737879997491,0.));
#14716=CARTESIAN_POINT('',(0.048876624917984,-0.01734237998724,0.003175));
#14717=CARTESIAN_POINT('',(0.043379345200987,-0.01965998972122,0.));
#14718=CARTESIAN_POINT('',(0.048922569847107,-0.0173230099678,0.));
#14719=CARTESIAN_POINT('',(0.027444945780479,-0.02637780673316,0.00635));
#14720=CARTESIAN_POINT('',(0.048922569847107,-0.0173230099678,0.00635));
#14721=CARTESIAN_POINT('',(0.048922569847107,-0.0173230099678,0.007350000190735));
#14722=CARTESIAN_POINT('',(0.048967494821548,-0.01730137497186,0.003175));
#14723=CARTESIAN_POINT('',(0.0490124249514964,-0.0172797374931306,0.003175));
#14724=CARTESIAN_POINT('',(0.0490124223737326,-0.0172797387345301,0.00635));
#14725=CARTESIAN_POINT('',(0.0490124215144353,-0.017279739148356,-7.2280144832367E-20));
#14726=CARTESIAN_POINT('',(0.044089334473893,-0.01965060233627,0.));
#14727=CARTESIAN_POINT('',(0.028340780698646,-0.02723480023915,0.00635));
#14728=CARTESIAN_POINT('',(0.049056209897995,-0.01725589495897,0.003175));
#14729=CARTESIAN_POINT('',(0.0491000054220323,-0.0172320466649457,0.003175));
#14730=CARTESIAN_POINT('',(0.0491000018047264,-0.0172320488451899,0.));
#14731=CARTESIAN_POINT('',(0.0491000018047809,-0.0172320488451593,0.00635));
#14732=CARTESIAN_POINT('',(0.049056209897995,-0.01725589495897,0.));
#14733=CARTESIAN_POINT('',(0.049056209897995,-0.01725589495897,0.00635));
#14734=CARTESIAN_POINT('',(0.049142545080185,-0.01720604997873,0.003175));
#14735=CARTESIAN_POINT('',(0.049142545080185,-0.01720604997873,0.));
#14736=CARTESIAN_POINT('',(0.0491850901603448,-0.0171800500154651,-2.16840434497101E-19));
#14737=CARTESIAN_POINT('',(0.049142545080185,-0.01720604997873,0.00635));
#14738=CARTESIAN_POINT('',(0.0491850901601595,-0.0171800500155807,0.00635));
#14739=CARTESIAN_POINT('',(0.0491850901007116,-0.0171800500154793,0.003175));
#14740=CARTESIAN_POINT('',(0.049226290082932,-0.01715196502208,0.003175));
#14741=CARTESIAN_POINT('',(0.0492674906600672,-0.0171238796231422,0.003175));
#14742=CARTESIAN_POINT('',(0.0492674900055848,-0.0171238800286481,0.00635));
#14743=CARTESIAN_POINT('',(0.0492674900054613,-0.0171238800287425,-1.480297366167E-19));
#14744=CARTESIAN_POINT('',(0.049226290082932,-0.01715196502208,0.));
#14745=CARTESIAN_POINT('',(0.049226290082932,-0.01715196502208,0.00635));
#14746=CARTESIAN_POINT('',(0.049307235097885,-0.01709377002716,0.003175));
#14747=CARTESIAN_POINT('',(0.049307235097885,-0.01709377002716,0.00635));
#14748=CARTESIAN_POINT('',(0.0493469801902663,-0.0170636600255971,0.00635));
#14749=CARTESIAN_POINT('',(0.0493469800710248,-0.0170636600256285,0.003175));
#14750=CARTESIAN_POINT('',(0.0493469801903003,-0.0170636600255721,-3.304648221736E-19));
#14751=CARTESIAN_POINT('',(0.049307235097885,-0.01709377002716,0.));
#14752=CARTESIAN_POINT('',(0.049385175085068,-0.01703161001205,0.003175));
#14753=CARTESIAN_POINT('',(0.049385175085068,-0.01703161001205,0.00635));
#14754=CARTESIAN_POINT('',(0.0494233699798846,-0.016999559998483,0.00635));
#14755=CARTESIAN_POINT('',(0.0494233694762296,-0.0169995605211408,0.003175));
#14756=CARTESIAN_POINT('',(0.0494233699798116,-0.0169995599985485,0.));
#14757=CARTESIAN_POINT('',(0.049385175085068,-0.01703161001205,0.));
#14758=CARTESIAN_POINT('',(0.049459920024872,-0.01696564501524,0.003175));
#14759=CARTESIAN_POINT('',(0.049459920024872,-0.01696564501524,0.00635));
#14760=CARTESIAN_POINT('',(0.0494964700697793,-0.0169317300320589,0.00635));
#14761=CARTESIAN_POINT('',(0.0494964712671701,-0.0169317288656912,0.003175));
#14762=CARTESIAN_POINT('',(0.0494964700699359,-0.0169317300319114,0.));
#14763=CARTESIAN_POINT('',(0.049459920024872,-0.01696564501524,0.));
#14764=CARTESIAN_POINT('',(0.049531285142899,-0.01689604002237,0.003175));
#14765=CARTESIAN_POINT('',(0.0495661007821137,-0.0168603493712418,0.003175));
#14766=CARTESIAN_POINT('',(0.0495661002160281,-0.0168603500126425,0.00635));
#14767=CARTESIAN_POINT('',(0.0495661002159015,-0.0168603500127854,0.));
#14768=CARTESIAN_POINT('',(0.049531285142899,-0.01689604002237,0.));
#14769=CARTESIAN_POINT('',(0.049531285142899,-0.01689604002237,0.00635));
#14770=CARTESIAN_POINT('',(0.049599095201492,-0.0168229650259,0.003175));
#14771=CARTESIAN_POINT('',(0.037666842073556,-0.03034281111035,0.00635));
#14772=CARTESIAN_POINT('',(0.049632090187073,-0.01678558003902,0.00635));
#14773=CARTESIAN_POINT('',(0.049632090187073,-0.01678558003902,-0.001000000190735));
#14774=CARTESIAN_POINT('',(0.049632090187073,-0.01678558003902,0.));
#14775=CARTESIAN_POINT('',(0.049178449957064,-0.01729957735551,0.));
#14776=CARTESIAN_POINT('',(0.049663175201416,-0.01674659502506,0.003175));
#14777=CARTESIAN_POINT('',(0.03893864637909,-0.03019667425794,0.00635));
#14778=CARTESIAN_POINT('',(0.0496942602157734,-0.016707610011085,0.00635));
#14779=CARTESIAN_POINT('',(0.0496942596089408,-0.0167076107721345,0.003175));
#14780=CARTESIAN_POINT('',(0.0496942602157511,-0.0167076100111086,0.));
#14781=CARTESIAN_POINT('',(0.049654607275677,-0.01675734041835,0.));
#14782=CARTESIAN_POINT('',(0.049723370170593,-0.01666712498664,0.003175));
#14783=CARTESIAN_POINT('',(0.049723370170593,-0.01666712498664,0.00635));
#14784=CARTESIAN_POINT('',(0.0497524801254085,-0.0166266399622244,0.00635));
#14785=CARTESIAN_POINT('',(0.0497524795997063,-0.0166266407762344,0.003175));
#14786=CARTESIAN_POINT('',(0.0497524801254345,-0.0166266399621809,0.));
#14787=CARTESIAN_POINT('',(0.049723370170593,-0.01666712498664,0.));
#14788=CARTESIAN_POINT('',(0.049779530143738,-0.01658475500345,0.003175));
#14789=CARTESIAN_POINT('',(0.041413613661976,-0.02953875979087,0.00635));
#14790=CARTESIAN_POINT('',(0.049806580162048,-0.0165428700447,0.00635));
#14791=CARTESIAN_POINT('',(0.049806580162048,-0.0165428700447,0.007350000190735));
#14792=CARTESIAN_POINT('',(0.049806580162048,-0.0165428700447,0.));
#14793=CARTESIAN_POINT('',(0.050444292230976,-0.01555541992948,0.));
#14794=CARTESIAN_POINT('',(0.049831510162354,-0.01649968901276,0.003175));
#14795=CARTESIAN_POINT('',(0.042595978655734,-0.02903228882354,0.00635));
#14796=CARTESIAN_POINT('',(0.0498564401626608,-0.0164565079808132,0.00635));
#14797=CARTESIAN_POINT('',(0.0498564396300728,-0.0164565089033058,0.003175));
#14798=CARTESIAN_POINT('',(0.0498564401626621,-0.016456507980816,0.));
#14799=CARTESIAN_POINT('',(0.050751970229326,-0.01490536831212,0.));
#14800=CARTESIAN_POINT('',(0.049879190063477,-0.01641213747859,0.003175));
#14801=CARTESIAN_POINT('',(0.049879190063477,-0.01641213747859,0.00635));
#14802=CARTESIAN_POINT('',(0.0499019399643036,-0.0163677669763309,0.00635));
#14803=CARTESIAN_POINT('',(0.0499019390309565,-0.0163677689129481,0.003175));
#14804=CARTESIAN_POINT('',(0.0499019399642837,-0.0163677669763751,0.));
#14805=CARTESIAN_POINT('',(0.049879190063477,-0.01641213747859,0.));
#14806=CARTESIAN_POINT('',(0.049922444915771,-0.01632231849432,0.003175));
#14807=CARTESIAN_POINT('',(0.049922444915771,-0.01632231849432,0.00635));
#14808=CARTESIAN_POINT('',(0.0499429498672397,-0.0162768700123001,0.00635));
#14809=CARTESIAN_POINT('',(0.0499429490094012,-0.0162768720457756,0.003175));
#14810=CARTESIAN_POINT('',(0.0499429498672376,-0.016276870012304,0.));
#14811=CARTESIAN_POINT('',(0.049922444915771,-0.01632231849432,0.));
#14812=CARTESIAN_POINT('',(0.049961169815063,-0.01623045501112,0.003175));
#14813=CARTESIAN_POINT('',(0.049961169815063,-0.01623045501112,0.00635));
#14814=CARTESIAN_POINT('',(0.0499793897628948,-0.0161840400099256,0.00635));
#14815=CARTESIAN_POINT('',(0.0499793902361158,-0.0161840389562461,0.003175));
#14816=CARTESIAN_POINT('',(0.049979389762886,-0.0161840400099475,0.));
#14817=CARTESIAN_POINT('',(0.049961169815063,-0.01623045501112,0.));
#14818=CARTESIAN_POINT('',(0.049995269870758,-0.01613677501678,0.003175));
#14819=CARTESIAN_POINT('',(0.049995269870758,-0.01613677501678,0.));
#14820=CARTESIAN_POINT('',(0.0500111499786383,-0.0160895100235882,0.));
#14821=CARTESIAN_POINT('',(0.049995269870758,-0.01613677501678,0.00635));
#14822=CARTESIAN_POINT('',(0.0500111499786348,-0.0160895100236028,0.00635));
#14823=CARTESIAN_POINT('',(0.0500111502254535,-0.0160895089341567,0.003175));
#14824=CARTESIAN_POINT('',(0.050024649953842,-0.01604151251912,0.003175));
#14825=CARTESIAN_POINT('',(0.050024649953842,-0.01604151251912,0.));
#14826=CARTESIAN_POINT('',(0.0500381499290513,-0.0159935150146266,0.));
#14827=CARTESIAN_POINT('',(0.050024649953842,-0.01604151251912,0.00635));
#14828=CARTESIAN_POINT('',(0.0500381499290424,-0.0159935150146604,0.00635));
#14829=CARTESIAN_POINT('',(0.0500381496724855,-0.0159935161387305,0.003175));
#14830=CARTESIAN_POINT('',(0.050049244976044,-0.01594490350782,0.003175));
#14831=CARTESIAN_POINT('',(0.04824558972832,-0.0238473846238,0.00635));
#14832=CARTESIAN_POINT('',(0.050060340023041,-0.015896292001,0.00635));
#14833=CARTESIAN_POINT('',(0.050060340023041,-0.015896292001,-0.001000000190735));
#14834=CARTESIAN_POINT('',(0.050060340023041,-0.015896292001,0.));
#14835=CARTESIAN_POINT('',(0.051248165383231,-0.01069198952146,0.));
#14836=CARTESIAN_POINT('',(0.050069000101089,-0.01584718850255,0.003175));
#14837=CARTESIAN_POINT('',(0.048860306057249,-0.02270060319294,0.00635));
#14838=CARTESIAN_POINT('',(0.0500776601791366,-0.0157980850040915,0.00635));
#14839=CARTESIAN_POINT('',(0.0500776595613411,-0.0157980885070589,0.003175));
#14840=CARTESIAN_POINT('',(0.0500776601791413,-0.0157980850040761,0.));
#14841=CARTESIAN_POINT('',(0.051100712998327,-0.009997274405404,0.));
#14842=CARTESIAN_POINT('',(0.050083860015869,-0.01574861050397,0.003175));
#14843=CARTESIAN_POINT('',(0.050083860015869,-0.01574861050397,0.));
#14844=CARTESIAN_POINT('',(0.050090059852599,-0.0156991360038681,0.));
#14845=CARTESIAN_POINT('',(0.050083860015869,-0.01574861050397,0.00635));
#14846=CARTESIAN_POINT('',(0.0500900598526009,-0.0156991360038332,0.00635));
#14847=CARTESIAN_POINT('',(0.0500900597350123,-0.0156991383690579,0.003175));
#14848=CARTESIAN_POINT('',(0.05009378490448,-0.01564941390231,0.003175));
#14849=CARTESIAN_POINT('',(0.05009378490448,-0.01564941390231,0.00635));
#14850=CARTESIAN_POINT('',(0.0500975099563605,-0.0155996918007576,0.00635));
#14851=CARTESIAN_POINT('',(0.0500975099861717,-0.0155996906072182,0.003175));
#14852=CARTESIAN_POINT('',(0.0500975099563599,-0.0155996918007735,-4.38885039422151E-19));
#14853=CARTESIAN_POINT('',(0.05009378490448,-0.01564941390231,0.));
#14854=CARTESIAN_POINT('',(0.05009875497818,-0.01554984590038,0.003175));
#14855=CARTESIAN_POINT('',(0.050013242047536,-0.01897345579537,0.00635));
#14856=CARTESIAN_POINT('',(0.0501,-0.0155,0.00635));
#14857=CARTESIAN_POINT('',(0.0501,-0.0155,-0.001000000190735));
#14858=CARTESIAN_POINT('',(0.0501,-0.0155,0.));
#14859=CARTESIAN_POINT('',(0.050286134480194,-0.008047889033984,-4.440892098501E-19));
#14860=CARTESIAN_POINT('',(0.05009875497818,-0.01545015409961,0.003175));
#14861=CARTESIAN_POINT('',(0.05015427646403,-0.01767302152925,0.00635));
#14862=CARTESIAN_POINT('',(0.0500975099563594,-0.015400308199216,0.00635));
#14863=CARTESIAN_POINT('',(0.0500975099861717,-0.0154003093927718,0.003175));
#14864=CARTESIAN_POINT('',(0.0500975099563594,-0.0154003081992196,-1.480297366167E-19));
#14865=CARTESIAN_POINT('',(0.049899225903969,-0.007461774942713,-4.440892098501E-19));
#14866=CARTESIAN_POINT('',(0.05009378490448,-0.01535058609768,0.003175));
#14867=CARTESIAN_POINT('',(0.05009378490448,-0.01535058609768,0.00635));
#14868=CARTESIAN_POINT('',(0.0500900598526001,-0.0153008639961433,0.00635));
#14869=CARTESIAN_POINT('',(0.0500900597350123,-0.0153008616309321,0.003175));
#14870=CARTESIAN_POINT('',(0.0500900598526023,-0.0153008639961764,0.));
#14871=CARTESIAN_POINT('',(0.05009378490448,-0.01535058609768,0.));
#14872=CARTESIAN_POINT('',(0.050083860015869,-0.01525138949602,0.003175));
#14873=CARTESIAN_POINT('',(0.050083860015869,-0.01525138949602,0.00635));
#14874=CARTESIAN_POINT('',(0.0500776601791388,-0.0152019149959085,0.00635));
#14875=CARTESIAN_POINT('',(0.0500776595613454,-0.0152019114929657,0.003175));
#14876=CARTESIAN_POINT('',(0.0500776601791355,-0.0152019149958979,0.));
#14877=CARTESIAN_POINT('',(0.050083860015869,-0.01525138949602,0.));
#14878=CARTESIAN_POINT('',(0.050069000101089,-0.01515281149745,0.003175));
#14879=CARTESIAN_POINT('',(0.049826702386528,-0.01377895950828,0.00635));
#14880=CARTESIAN_POINT('',(0.050060340023041,-0.01510370799899,0.00635));
#14881=CARTESIAN_POINT('',(0.050060340023041,-0.01510370799899,-0.001000000190735));
#14882=CARTESIAN_POINT('',(0.050060340023041,-0.01510370799899,0.));
#14883=CARTESIAN_POINT('',(0.048449537227738,-0.005970296945207,0.));
#14884=CARTESIAN_POINT('',(0.050049244976044,-0.01505509649217,0.003175));
#14885=CARTESIAN_POINT('',(0.049471290169031,-0.01252286259987,0.00635));
#14886=CARTESIAN_POINT('',(0.0500381499290447,-0.0150064849853394,0.00635));
#14887=CARTESIAN_POINT('',(0.0500381496724855,-0.0150064838612595,0.003175));
#14888=CARTESIAN_POINT('',(0.05003814992904,-0.0150064849853262,0.));
#14889=CARTESIAN_POINT('',(0.04788562435119,-0.005575473847208,0.));
#14890=CARTESIAN_POINT('',(0.050024649953842,-0.01495848748087,0.003175));
#14891=CARTESIAN_POINT('',(0.050024649953842,-0.01495848748087,0.00635));
#14892=CARTESIAN_POINT('',(0.0500111499786366,-0.014910489976395,0.00635));
#14893=CARTESIAN_POINT('',(0.0500111502254535,-0.0149104910658333,0.003175));
#14894=CARTESIAN_POINT('',(0.0500111499786367,-0.0149104899763992,0.));
#14895=CARTESIAN_POINT('',(0.050024649953842,-0.01495848748087,0.));
#14896=CARTESIAN_POINT('',(0.049995269870758,-0.01486322498321,0.003175));
#14897=CARTESIAN_POINT('',(0.049995269870758,-0.01486322498321,0.00635));
#14898=CARTESIAN_POINT('',(0.0499793897628896,-0.0148159599900512,0.00635));
#14899=CARTESIAN_POINT('',(0.0499793902361158,-0.0148159610437439,0.003175));
#14900=CARTESIAN_POINT('',(0.0499793897628838,-0.0148159599900378,0.));
#14901=CARTESIAN_POINT('',(0.049995269870758,-0.01486322498321,0.));
#14902=CARTESIAN_POINT('',(0.049961169815063,-0.01476954498887,0.003175));
#14903=CARTESIAN_POINT('',(0.049961169815063,-0.01476954498887,0.));
#14904=CARTESIAN_POINT('',(0.0499429498672483,-0.0147231299877143,0.));
#14905=CARTESIAN_POINT('',(0.049961169815063,-0.01476954498887,0.00635));
#14906=CARTESIAN_POINT('',(0.0499429498672545,-0.0147231299877287,0.00635));
#14907=CARTESIAN_POINT('',(0.0499429490094314,-0.0147231279542914,0.003175));
#14908=CARTESIAN_POINT('',(0.049922444915771,-0.01467768150568,0.003175));
#14909=CARTESIAN_POINT('',(0.049922444915771,-0.01467768150568,0.00635));
#14910=CARTESIAN_POINT('',(0.0499019399642919,-0.0146322330236383,0.00635));
#14911=CARTESIAN_POINT('',(0.0499019390309565,-0.0146322310870519,0.003175));
#14912=CARTESIAN_POINT('',(0.049901939964296,-0.0146322330236468,0.));
#14913=CARTESIAN_POINT('',(0.049922444915771,-0.01467768150568,0.));
#14914=CARTESIAN_POINT('',(0.049879190063477,-0.01458786252141,0.003175));
#14915=CARTESIAN_POINT('',(0.049879190063477,-0.01458786252141,0.));
#14916=CARTESIAN_POINT('',(0.0498564401626658,-0.014543492019189,0.));
#14917=CARTESIAN_POINT('',(0.049879190063477,-0.01458786252141,0.00635));
#14918=CARTESIAN_POINT('',(0.0498564401626646,-0.0145434920191862,0.00635));
#14919=CARTESIAN_POINT('',(0.0498564396300269,-0.0145434910966048,0.003175));
#14920=CARTESIAN_POINT('',(0.049831510162354,-0.01450031098723,0.003175));
#14921=CARTESIAN_POINT('',(0.045042471956658,-0.006205260477731,0.00635));
#14922=CARTESIAN_POINT('',(0.049806580162048,-0.01445712995529,0.00635));
#14923=CARTESIAN_POINT('',(0.049806580162048,-0.01445712995529,-0.001000000190735));
#14924=CARTESIAN_POINT('',(0.049806580162048,-0.01445712995529,0.));
#14925=CARTESIAN_POINT('',(0.04404035143918,-0.004469496436592,0.));
#14926=CARTESIAN_POINT('',(0.049779530143738,-0.01441524499654,0.003175));
#14927=CARTESIAN_POINT('',(0.043988533272303,-0.005448313356713,0.00635));
#14928=CARTESIAN_POINT('',(0.049752480125433,-0.0143733600378076,0.00635));
#14929=CARTESIAN_POINT('',(0.0497524795997063,-0.0143733592237555,0.003175));
#14930=CARTESIAN_POINT('',(0.0497524801254353,-0.0143733600378108,0.));
#14931=CARTESIAN_POINT('',(0.04338035347698,-0.004506591789518,0.));
#14932=CARTESIAN_POINT('',(0.049723370170593,-0.01433287501335,0.003175));
#14933=CARTESIAN_POINT('',(0.0496942596089408,-0.0142923892278554,0.003175));
#14934=CARTESIAN_POINT('',(0.0496942602157669,-0.0142923899889039,0.00635));
#14935=CARTESIAN_POINT('',(0.0496942602157685,-0.0142923899889062,0.));
#14936=CARTESIAN_POINT('',(0.049723370170593,-0.01433287501335,0.));
#14937=CARTESIAN_POINT('',(0.049723370170593,-0.01433287501335,0.00635));
#14938=CARTESIAN_POINT('',(0.049663175201416,-0.01425340497493,0.003175));
#14939=CARTESIAN_POINT('',(0.042099159231995,-0.004767056829211,0.));
#14940=CARTESIAN_POINT('',(0.041692729053078,-0.004257335777626,0.00635));
#14941=CARTESIAN_POINT('',(0.079783824968017,0.0173787998429962,0.003175));
#14942=CARTESIAN_POINT('',(0.07975,0.0173911084724706,0.003175));
#14943=CARTESIAN_POINT('',(0.07975,0.0173911084965981,0.));
#14944=CARTESIAN_POINT('',(0.07975,0.0173911084965982,0.00635));
#14945=CARTESIAN_POINT('',(0.079783824968017,0.0173787998429962,0.00635));
#14946=CARTESIAN_POINT('',(0.0797369687628964,0.0173958504331731,0.00635));
#14947=CARTESIAN_POINT('',(0.0797369653306357,0.0173958516821448,0.003175));
#14948=CARTESIAN_POINT('',(0.0797369684723518,0.0173958505228159,4.33680868994202E-19));
#14949=CARTESIAN_POINT('',(0.079783824968017,0.0173787998429962,0.));
#14950=CARTESIAN_POINT('',(0.079689324951172,0.017410549998283,0.003175));
#14951=CARTESIAN_POINT('',(0.079689324951172,0.017410549998283,0.00635));
#14952=CARTESIAN_POINT('',(0.0796416763317786,0.0174252509516704,0.00635));
#14953=CARTESIAN_POINT('',(0.0796416761175088,0.0174252509227652,0.003175));
#14954=CARTESIAN_POINT('',(0.0796416753427679,0.0174252511617932,0.));
#14955=CARTESIAN_POINT('',(0.079689324951172,0.017410549998283,0.));
#14956=CARTESIAN_POINT('',(0.079593360042572,0.017437555015087,0.003175));
#14957=CARTESIAN_POINT('',(0.079593360042572,0.017437555015087,0.00635));
#14958=CARTESIAN_POINT('',(0.0795450402259502,0.0174498599767699,0.00635));
#14959=CARTESIAN_POINT('',(0.0795450418164546,0.0174498596552249,0.003175));
#14960=CARTESIAN_POINT('',(0.0795450402259643,0.0174498599767684,0.));
#14961=CARTESIAN_POINT('',(0.079593360042572,0.017437555015087,0.));
#14962=CARTESIAN_POINT('',(0.079496170139313,0.017459739983082,0.003175));
#14963=CARTESIAN_POINT('',(0.045058472438011,0.024421967674702,0.00635));
#14964=CARTESIAN_POINT('',(0.0794473000527254,0.0174696199893734,0.00635));
#14965=CARTESIAN_POINT('',(0.0794473014050598,0.0174696197159789,0.003175));
#14966=CARTESIAN_POINT('',(0.0794473000526977,0.0174696199893804,-1.480297366167E-19));
#14967=CARTESIAN_POINT('',(0.056750884176185,0.022058126935654,0.));
#14968=CARTESIAN_POINT('',(0.079397995090485,0.01747705000639,0.003175));
#14969=CARTESIAN_POINT('',(0.079397995090485,0.01747705000639,0.));
#14970=CARTESIAN_POINT('',(0.0793486901282175,0.017484480023394,-2.960594732334E-19));
#14971=CARTESIAN_POINT('',(0.079397995090485,0.01747705000639,0.00635));
#14972=CARTESIAN_POINT('',(0.0793486901281686,0.0174844800233986,0.00635));
#14973=CARTESIAN_POINT('',(0.0793486947584929,0.0174844793952467,0.003175));
#14974=CARTESIAN_POINT('',(0.079299074983597,0.017489445030689,0.003175));
#14975=CARTESIAN_POINT('',(0.079299074983597,0.017489445030689,0.));
#14976=CARTESIAN_POINT('',(0.0792494598388596,0.0174944100379941,-1.480297366167E-19));
#14977=CARTESIAN_POINT('',(0.079299074983597,0.017489445030689,0.00635));
#14978=CARTESIAN_POINT('',(0.0792494598388538,0.0174944100379946,0.00635));
#14979=CARTESIAN_POINT('',(0.0792494637380411,0.0174944098125685,0.003175));
#14980=CARTESIAN_POINT('',(0.079199659919739,0.01749689501524,0.003175));
#14981=CARTESIAN_POINT('',(0.0791498606190154,0.017499379992485,0.003175));
#14982=CARTESIAN_POINT('',(0.0791498600006054,0.0174993799924849,0.00635));
#14983=CARTESIAN_POINT('',(0.0791498600006002,0.017499379992485,0.));
#14984=CARTESIAN_POINT('',(0.079199659919739,0.01749689501524,0.));
#14985=CARTESIAN_POINT('',(0.079199659919739,0.01749689501524,0.00635));
#14986=CARTESIAN_POINT('',(0.045599999299645,0.017499379992485,0.003175));
#14987=CARTESIAN_POINT('',(0.0740501392170718,0.017499379992485,0.003175));
#14988=CARTESIAN_POINT('',(0.0740501385986893,0.017499379992485,0.00635));
#14989=CARTESIAN_POINT('',(0.0740501385986877,0.017499379992485,-1.480297366167E-19));
#14990=CARTESIAN_POINT('',(0.052608241170586,0.017499379992485,0.));
#14991=CARTESIAN_POINT('',(0.038299999649823,0.017499379992485,0.00635));
#14992=CARTESIAN_POINT('',(0.07400033929795,0.01749689501524,0.003175));
#14993=CARTESIAN_POINT('',(0.07400033929795,0.01749689501524,0.00635));
#14994=CARTESIAN_POINT('',(0.0739505399972048,0.017494410037993,0.00635));
#14995=CARTESIAN_POINT('',(0.0739505438965086,0.0174944102634237,0.003175));
#14996=CARTESIAN_POINT('',(0.0739505399972052,0.0174944100379931,-1.480297366167E-19));
#14997=CARTESIAN_POINT('',(0.07400033929795,0.01749689501524,0.));
#14998=CARTESIAN_POINT('',(0.073900926499069,0.017489445030689,0.003175));
#14999=CARTESIAN_POINT('',(0.073900926499069,0.017489445030689,0.00635));
#15000=CARTESIAN_POINT('',(0.0738513130008692,0.0174844800233798,0.00635));
#15001=CARTESIAN_POINT('',(0.0738513176307614,0.0174844806514679,0.003175));
#15002=CARTESIAN_POINT('',(0.073851313000891,0.0174844800233818,0.));
#15003=CARTESIAN_POINT('',(0.073900926499069,0.017489445030689,0.));
#15004=CARTESIAN_POINT('',(0.073802008500695,0.01747705000639,0.003175));
#15005=CARTESIAN_POINT('',(0.073802008500695,0.01747705000639,0.00635));
#15006=CARTESIAN_POINT('',(0.0737527040005596,0.0174696199894111,0.00635));
#15007=CARTESIAN_POINT('',(0.0737527053531676,0.0174696202628515,0.003175));
#15008=CARTESIAN_POINT('',(0.0737527040005257,0.0174696199894047,0.));
#15009=CARTESIAN_POINT('',(0.073802008500695,0.01747705000639,0.));
#15010=CARTESIAN_POINT('',(0.073703830993176,0.017459739983082,0.003175));
#15011=CARTESIAN_POINT('',(0.0736549595760347,0.0174498602982294,0.003175));
#15012=CARTESIAN_POINT('',(0.073654957985701,0.0174498599767309,0.00635));
#15013=CARTESIAN_POINT('',(0.0736549579857435,0.0174498599767401,0.));
#15014=CARTESIAN_POINT('',(0.050349773327919,0.012738560544095,0.));
#15015=CARTESIAN_POINT('',(0.034549442041259,0.009544417570357,0.00635));
#15016=CARTESIAN_POINT('',(0.073606638497114,0.017437555015087,0.003175));
#15017=CARTESIAN_POINT('',(0.073606638497114,0.017437555015087,0.00635));
#15018=CARTESIAN_POINT('',(0.0735583190084705,0.0174252500534474,0.00635));
#15019=CARTESIAN_POINT('',(0.0735583152671298,0.017425249184162,0.003175));
#15020=CARTESIAN_POINT('',(0.0735583190084142,0.0174252500534281,0.));
#15021=CARTESIAN_POINT('',(0.073606638497114,0.017437555015087,0.));
#15022=CARTESIAN_POINT('',(0.073510672992468,0.017410549998283,0.003175));
#15023=CARTESIAN_POINT('',(0.073510672992468,0.017410549998283,0.));
#15024=CARTESIAN_POINT('',(0.0734630235437999,0.0173958486940055,0.));
#15025=CARTESIAN_POINT('',(0.073510672992468,0.017410549998283,0.00635));
#15026=CARTESIAN_POINT('',(0.073463023543712,0.0173958486939784,0.00635));
#15027=CARTESIAN_POINT('',(0.0734630218276041,0.0173958480694885,0.003175));
#15028=CARTESIAN_POINT('',(0.073416172480583,0.017378799974918,0.003175));
#15029=CARTESIAN_POINT('',(0.034810046092932,0.003330346036792,0.00635));
#15030=CARTESIAN_POINT('',(0.073369317984581,0.017361750006676,0.00635));
#15031=CARTESIAN_POINT('',(0.073369317984581,0.017361750006676,-0.001000000190735));
#15032=CARTESIAN_POINT('',(0.073369317984581,0.017361750006676,0.));
#15033=CARTESIAN_POINT('',(0.050843356606963,0.009164736723139,0.));
#15034=CARTESIAN_POINT('',(0.073323371982574,0.01734237998724,0.003175));
#15035=CARTESIAN_POINT('',(0.051239338331495,0.008032143136092,0.));
#15036=CARTESIAN_POINT('',(0.073277425980568,0.017323009967804,0.));
#15037=CARTESIAN_POINT('',(0.035304915000439,0.001314472911417,0.00635));
#15038=CARTESIAN_POINT('',(0.073277425980568,0.017323009967804,0.00635));
#15039=CARTESIAN_POINT('',(0.073277425980568,0.017323009967804,0.007350000190735));
#15040=CARTESIAN_POINT('',(0.073232502496243,0.017301374971867,0.003175));
#15041=CARTESIAN_POINT('',(0.073187579011917,0.017279739975929,0.007350000190735));
#15042=CARTESIAN_POINT('',(0.073187579011917,0.017279739975929,0.00635));
#15043=CARTESIAN_POINT('',(0.073187579011917,0.017279739975929,0.));
#15044=CARTESIAN_POINT('',(0.05174261410986,0.006951918447844,0.));
#15045=CARTESIAN_POINT('',(0.035994119898828,-0.000632502337663,0.00635));
#15046=CARTESIAN_POINT('',(0.073143789505959,0.017255894958973,0.003175));
#15047=CARTESIAN_POINT('',(0.0731,0.017232049942017,-0.001000000190735));
#15048=CARTESIAN_POINT('',(0.0731,0.017232049942017,0.));
#15049=CARTESIAN_POINT('',(0.0731,0.017232049942017,0.00635));
#15050=CARTESIAN_POINT('',(0.052348217431072,0.005931931422788,0.));
#15051=CARTESIAN_POINT('',(0.036870854699758,-0.002496069046473,0.00635));
#15052=CARTESIAN_POINT('',(0.07305745497942,0.017206049978733,0.003175));
#15053=CARTESIAN_POINT('',(0.037928207079551,-0.004262012396539,0.00635));
#15054=CARTESIAN_POINT('',(0.073014909958839,0.01718005001545,0.00635));
#15055=CARTESIAN_POINT('',(0.073014909958839,0.01718005001545,-0.001000000190735));
#15056=CARTESIAN_POINT('',(0.073014909958839,0.01718005001545,0.));
#15057=CARTESIAN_POINT('',(0.053051143015561,0.00497986300304,0.));
#15058=CARTESIAN_POINT('',(0.072973709976673,0.017151965022087,0.003175));
#15059=CARTESIAN_POINT('',(0.039149545876398,-0.005905118362359,0.00635));
#15060=CARTESIAN_POINT('',(0.072932509994507,0.017123880028725,0.00635));
#15061=CARTESIAN_POINT('',(0.072932509994507,0.017123880028725,0.007350000190735));
#15062=CARTESIAN_POINT('',(0.072932509994507,0.017123880028725,0.));
#15063=CARTESIAN_POINT('',(0.053840088410475,0.004109055621861,0.));
#15064=CARTESIAN_POINT('',(0.072892765021324,0.017093770027161,0.003175));
#15065=CARTESIAN_POINT('',(0.040532482878173,-0.007421736410953,0.00635));
#15066=CARTESIAN_POINT('',(0.072853020048141,0.017063660025597,0.00635));
#15067=CARTESIAN_POINT('',(0.072853020048141,0.017063660025597,-0.001000000190735));
#15068=CARTESIAN_POINT('',(0.072853020048141,0.017063660025597,0.));
#15069=CARTESIAN_POINT('',(0.054713345291915,0.003321403042041,-4.440892098501E-19));
#15070=CARTESIAN_POINT('',(0.072814825034142,0.017031610012054,0.003175));
#15071=CARTESIAN_POINT('',(0.04204998761531,-0.008783630058232,0.00635));
#15072=CARTESIAN_POINT('',(0.072776630020142,0.016999559998512,0.00635));
#15073=CARTESIAN_POINT('',(0.072776630020142,0.016999559998512,0.007350000190735));
#15074=CARTESIAN_POINT('',(0.072776630020142,0.016999559998512,0.));
#15075=CARTESIAN_POINT('',(0.05565346805851,0.00263125599014,0.));
#15076=CARTESIAN_POINT('',(0.072740080034733,0.01696564501524,0.003175));
#15077=CARTESIAN_POINT('',(0.043694620797947,-0.009985836719756,0.00635));
#15078=CARTESIAN_POINT('',(0.072703530049324,0.016931730031967,0.00635));
#15079=CARTESIAN_POINT('',(0.072703530049324,0.016931730031967,0.007350000190735));
#15080=CARTESIAN_POINT('',(0.072703530049324,0.016931730031967,0.));
#15081=CARTESIAN_POINT('',(0.056655777041535,0.002040909454774,0.));
#15082=CARTESIAN_POINT('',(0.072668715035915,0.016896040022373,0.003175));
#15083=CARTESIAN_POINT('',(0.072633900022507,0.016860350012779,0.007350000190735));
#15084=CARTESIAN_POINT('',(0.072633900022507,0.016860350012779,0.00635));
#15085=CARTESIAN_POINT('',(0.072633900022507,0.016860350012779,0.));
#15086=CARTESIAN_POINT('',(0.057706258998137,0.001557536679883,0.));
#15087=CARTESIAN_POINT('',(0.045443810517052,-0.01101310055636,0.00635));
#15088=CARTESIAN_POINT('',(0.072600905036926,0.016822965025902,0.003175));
#15089=CARTESIAN_POINT('',(0.047286513774553,-0.01185952016103,0.00635));
#15090=CARTESIAN_POINT('',(0.072567910051346,0.016785580039024,0.00635));
#15091=CARTESIAN_POINT('',(0.072567910051346,0.016785580039024,-0.001000000190735));
#15092=CARTESIAN_POINT('',(0.072567910051346,0.016785580039024,0.));
#15093=CARTESIAN_POINT('',(0.058798121658061,0.001183713593803,0.));
#15094=CARTESIAN_POINT('',(0.072536825037003,0.016746595025063,0.003175));
#15095=CARTESIAN_POINT('',(0.049204037816221,-0.0125160273281,0.00635));
#15096=CARTESIAN_POINT('',(0.072505740022659,0.016707610011101,0.00635));
#15097=CARTESIAN_POINT('',(0.072505740022659,0.016707610011101,-0.001000000190735));
#15098=CARTESIAN_POINT('',(0.072505740022659,0.016707610011101,0.));
#15099=CARTESIAN_POINT('',(0.059919998712808,0.000923306511482,0.));
#15100=CARTESIAN_POINT('',(0.072476630008221,0.016667124986649,0.003175));
#15101=CARTESIAN_POINT('',(0.051164064765787,-0.01297352417202,0.00635));
#15102=CARTESIAN_POINT('',(0.072447519993782,0.016626639962196,0.00635));
#15103=CARTESIAN_POINT('',(0.072447519993782,0.016626639962196,-0.001000000190735));
#15104=CARTESIAN_POINT('',(0.072447519993782,0.016626639962196,0.));
#15105=CARTESIAN_POINT('',(0.061052759270993,0.000779270066116,0.));
#15106=CARTESIAN_POINT('',(0.072420469975471,0.016584755003452,0.003175));
#15107=CARTESIAN_POINT('',(0.053164372202407,-0.01323189249514,0.00635));
#15108=CARTESIAN_POINT('',(0.072393419957161,0.016542870044708,0.00635));
#15109=CARTESIAN_POINT('',(0.072393419957161,0.016542870044708,0.007350000190735));
#15110=CARTESIAN_POINT('',(0.072393419957161,0.016542870044708,0.));
#15111=CARTESIAN_POINT('',(0.062195050771408,0.000751447366251,0.));
#15112=CARTESIAN_POINT('',(0.072368489956856,0.016499689012766,0.003175));
#15113=CARTESIAN_POINT('',(0.05517144250935,-0.01328716401791,0.00635));
#15114=CARTESIAN_POINT('',(0.072343559956551,0.016456507980824,0.00635));
#15115=CARTESIAN_POINT('',(0.072343559956551,0.016456507980824,0.007350000190735));
#15116=CARTESIAN_POINT('',(0.072343559956551,0.016456507980824,0.));
#15117=CARTESIAN_POINT('',(0.063327434082942,0.000839756493505,0.));
#15118=CARTESIAN_POINT('',(0.072320809996128,0.01641213747859,0.003175));
#15119=CARTESIAN_POINT('',(0.057168458022577,-0.01314033006855,0.00635));
#15120=CARTESIAN_POINT('',(0.072298060035706,0.016367766976357,0.00635));
#15121=CARTESIAN_POINT('',(0.072298060035706,0.016367766976357,-0.001000000190735));
#15122=CARTESIAN_POINT('',(0.072298060035706,0.016367766976357,0.));
#15123=CARTESIAN_POINT('',(0.064440331908707,0.00104240653906,0.));
#15124=CARTESIAN_POINT('',(0.072277555024624,0.01632231849432,0.003175));
#15125=CARTESIAN_POINT('',(0.059141949090207,-0.01279219151357,0.00635));
#15126=CARTESIAN_POINT('',(0.072257050013542,0.016276870012283,0.00635));
#15127=CARTESIAN_POINT('',(0.072257050013542,0.016276870012283,-0.001000000190735));
#15128=CARTESIAN_POINT('',(0.072257050013542,0.016276870012283,0.));
#15129=CARTESIAN_POINT('',(0.065526068996717,0.001357937824781,0.));
#15130=CARTESIAN_POINT('',(0.072238830006123,0.016230455011129,0.003175));
#15131=CARTESIAN_POINT('',(0.061059060029132,-0.0122497219961,0.00635));
#15132=CARTESIAN_POINT('',(0.072220609998703,0.016184040009975,0.00635));
#15133=CARTESIAN_POINT('',(0.072220609998703,0.016184040009975,0.007350000190735));
#15134=CARTESIAN_POINT('',(0.072220609998703,0.016184040009975,0.));
#15135=CARTESIAN_POINT('',(0.066566382499127,0.001780040611194,0.));
#15136=CARTESIAN_POINT('',(0.072204730010033,0.016136775016785,0.003175));
#15137=CARTESIAN_POINT('',(0.067558282595369,0.002307148939948,0.));
#15138=CARTESIAN_POINT('',(0.072188850021362,0.016089510023594,0.));
#15139=CARTESIAN_POINT('',(0.062914394590677,-0.0115148593421,0.00635));
#15140=CARTESIAN_POINT('',(0.072188850021362,0.016089510023594,0.00635));
#15141=CARTESIAN_POINT('',(0.072188850021362,0.016089510023594,0.007350000190735));
#15142=CARTESIAN_POINT('',(0.072175349986553,0.016041512519121,0.003175));
#15143=CARTESIAN_POINT('',(0.068488112047554,0.002932048582801,0.));
#15144=CARTESIAN_POINT('',(0.072161849951744,0.015993515014648,0.));
#15145=CARTESIAN_POINT('',(0.064682839087588,-0.01059707252677,0.00635));
#15146=CARTESIAN_POINT('',(0.072161849951744,0.015993515014648,0.00635));
#15147=CARTESIAN_POINT('',(0.072161849951744,0.015993515014648,0.007350000190735));
#15148=CARTESIAN_POINT('',(0.072150749957561,0.015944903507829,0.003175));
#15149=CARTESIAN_POINT('',(0.072139649963379,0.015896292001009,-0.001000000190735));
#15150=CARTESIAN_POINT('',(0.072139649963379,0.015896292001009,0.));
#15151=CARTESIAN_POINT('',(0.072139649963379,0.015896292001009,0.00635));
#15152=CARTESIAN_POINT('',(0.069341839948561,0.003643514352804,0.));
#15153=CARTESIAN_POINT('',(0.066337742113428,-0.009512683749427,0.00635));
#15154=CARTESIAN_POINT('',(0.07213099501133,0.01584718850255,0.003175));
#15155=CARTESIAN_POINT('',(0.067881989642718,-0.008259360832667,0.00635));
#15156=CARTESIAN_POINT('',(0.07212234005928,0.015798085004091,0.00635));
#15157=CARTESIAN_POINT('',(0.07212234005928,0.015798085004091,-0.001000000190735));
#15158=CARTESIAN_POINT('',(0.07212234005928,0.015798085004091,0.));
#15159=CARTESIAN_POINT('',(0.07012089506118,0.004442972830112,-4.440892098501E-19));
#15160=CARTESIAN_POINT('',(0.072116140043735,0.015748610503972,0.003175));
#15161=CARTESIAN_POINT('',(0.0692823520723,-0.006864275272976,0.00635));
#15162=CARTESIAN_POINT('',(0.072109940028191,0.015699136003852,0.00635));
#15163=CARTESIAN_POINT('',(0.072109940028191,0.015699136003852,-0.001000000190735));
#15164=CARTESIAN_POINT('',(0.072109940028191,0.015699136003852,0.));
#15165=CARTESIAN_POINT('',(0.070808322081505,0.00531256571337,0.));
#15166=CARTESIAN_POINT('',(0.072106215035915,0.015649413902313,0.003175));
#15167=CARTESIAN_POINT('',(0.071401928495031,0.006248426111956,0.));
#15168=CARTESIAN_POINT('',(0.07210249004364,0.015599691800773,0.));
#15169=CARTESIAN_POINT('',(0.070534254991149,-0.005333490540552,0.00635));
#15170=CARTESIAN_POINT('',(0.07210249004364,0.015599691800773,0.00635));
#15171=CARTESIAN_POINT('',(0.07210249004364,0.015599691800773,0.007350000190735));
#15172=CARTESIAN_POINT('',(0.07210124502182,0.015549845900387,0.003175));
#15173=CARTESIAN_POINT('',(0.071893612619747,0.007237040563198,0.));
#15174=CARTESIAN_POINT('',(0.0721,0.0155,0.));
#15175=CARTESIAN_POINT('',(0.071620720187088,-0.003688526198189,0.00635));
#15176=CARTESIAN_POINT('',(0.0721,0.0155,0.00635));
#15177=CARTESIAN_POINT('',(0.0721,0.0155,0.007350000190735));
#15178=CARTESIAN_POINT('',(0.07210124502182,0.015450154099613,0.003175));
#15179=CARTESIAN_POINT('',(0.072280521195971,0.008272623413498,0.));
#15180=CARTESIAN_POINT('',(0.07210249004364,0.015400308199227,0.));
#15181=CARTESIAN_POINT('',(0.072535571756032,-0.00193862317304,0.00635));
#15182=CARTESIAN_POINT('',(0.07210249004364,0.015400308199227,0.00635));
#15183=CARTESIAN_POINT('',(0.07210249004364,0.015400308199227,0.007350000190735));
#15184=CARTESIAN_POINT('',(0.072106215035915,0.015350586097687,0.003175));
#15185=CARTESIAN_POINT('',(0.073264610771215,-0.000111961504423,0.00635));
#15186=CARTESIAN_POINT('',(0.072109940028191,0.015300863996148,0.00635));
#15187=CARTESIAN_POINT('',(0.072109940028191,0.015300863996148,-0.001000000190735));
#15188=CARTESIAN_POINT('',(0.072109940028191,0.015300863996148,0.));
#15189=CARTESIAN_POINT('',(0.07255664922057,0.009338081208723,0.));
#15190=CARTESIAN_POINT('',(0.072116140043735,0.015251389496028,0.003175));
#15191=CARTESIAN_POINT('',(0.073804221184917,0.001780944137186,0.00635));
#15192=CARTESIAN_POINT('',(0.07212234005928,0.015201914995909,0.00635));
#15193=CARTESIAN_POINT('',(0.07212234005928,0.015201914995909,-0.001000000190735));
#15194=CARTESIAN_POINT('',(0.07212234005928,0.015201914995909,0.));
#15195=CARTESIAN_POINT('',(0.072720708745777,0.010427089604372,0.));
#15196=CARTESIAN_POINT('',(0.07213099501133,0.01515281149745,0.003175));
#15197=CARTESIAN_POINT('',(0.074147250642462,0.003713671833527,0.00635));
#15198=CARTESIAN_POINT('',(0.072139649963379,0.015103707998991,0.00635));
#15199=CARTESIAN_POINT('',(0.072139649963379,0.015103707998991,-0.001000000190735));
#15200=CARTESIAN_POINT('',(0.072139649963379,0.015103707998991,0.));
#15201=CARTESIAN_POINT('',(0.07277059616612,0.011524061836009,-4.440892098501E-19));
#15202=CARTESIAN_POINT('',(0.072150749957561,0.015055096492171,0.003175));
#15203=CARTESIAN_POINT('',(0.074291718513123,0.005678901709764,0.00635));
#15204=CARTESIAN_POINT('',(0.072161849951744,0.015006484985352,0.00635));
#15205=CARTESIAN_POINT('',(0.072161849951744,0.015006484985352,-0.001000000190735));
#15206=CARTESIAN_POINT('',(0.072161849951744,0.015006484985352,0.));
#15207=CARTESIAN_POINT('',(0.072705731741066,0.012624599654979,0.));
#15208=CARTESIAN_POINT('',(0.072175349986553,0.014958487480879,0.003175));
#15209=CARTESIAN_POINT('',(0.074235501132079,0.007633905343125,0.00635));
#15210=CARTESIAN_POINT('',(0.072188850021362,0.014910489976406,0.00635));
#15211=CARTESIAN_POINT('',(0.072188850021362,0.014910489976406,-0.001000000190735));
#15212=CARTESIAN_POINT('',(0.072188850021362,0.014910489976406,0.));
#15213=CARTESIAN_POINT('',(0.072528119187789,0.0137042654323,0.));
#15214=CARTESIAN_POINT('',(0.072204730010033,0.014863224983215,0.003175));
#15215=CARTESIAN_POINT('',(0.073978996835394,0.009582320118598,0.00635));
#15216=CARTESIAN_POINT('',(0.072220609998703,0.014815959990025,0.00635));
#15217=CARTESIAN_POINT('',(0.072220609998703,0.014815959990025,-0.001000000190735));
#15218=CARTESIAN_POINT('',(0.072220609998703,0.014815959990025,0.));
#15219=CARTESIAN_POINT('',(0.072237718742521,0.014765037745882,0.));
#15220=CARTESIAN_POINT('',(0.072238830006123,0.014769544988871,0.003175));
#15221=CARTESIAN_POINT('',(0.073524961658908,0.011493157621213,0.00635));
#15222=CARTESIAN_POINT('',(0.072257050013542,0.014723129987717,0.00635));
#15223=CARTESIAN_POINT('',(0.072257050013542,0.014723129987717,-0.001000000190735));
#15224=CARTESIAN_POINT('',(0.072257050013542,0.014723129987717,0.));
#15225=CARTESIAN_POINT('',(0.071838455493984,0.015789488780054,0.));
#15226=CARTESIAN_POINT('',(0.072277555024624,0.01467768150568,0.003175));
#15227=CARTESIAN_POINT('',(0.07288074752077,0.013340731078466,0.00635));
#15228=CARTESIAN_POINT('',(0.072298060035706,0.014632233023643,0.00635));
#15229=CARTESIAN_POINT('',(0.072298060035706,0.014632233023643,-0.001000000190735));
#15230=CARTESIAN_POINT('',(0.072298060035706,0.014632233023643,0.));
#15231=CARTESIAN_POINT('',(0.071336474881403,0.016763545483698,0.));
#15232=CARTESIAN_POINT('',(0.072320809996128,0.01458786252141,0.003175));
#15233=CARTESIAN_POINT('',(0.072048188351364,0.015119571547415,0.00635));
#15234=CARTESIAN_POINT('',(0.072343559956551,0.014543492019176,0.00635));
#15235=CARTESIAN_POINT('',(0.072343559956551,0.014543492019176,-0.001000000190735));
#15236=CARTESIAN_POINT('',(0.072343559956551,0.014543492019176,0.));
#15237=CARTESIAN_POINT('',(0.07073326015144,0.017684148520211,0.));
#15238=CARTESIAN_POINT('',(0.072368489956856,0.014500310987234,0.003175));
#15239=CARTESIAN_POINT('',(0.071041173390566,0.016799344214069,0.00635));
#15240=CARTESIAN_POINT('',(0.072393419957161,0.014457129955292,0.00635));
#15241=CARTESIAN_POINT('',(0.072393419957161,0.014457129955292,-0.001000000190735));
#15242=CARTESIAN_POINT('',(0.072393419957161,0.014457129955292,0.));
#15243=CARTESIAN_POINT('',(0.070039052873088,0.018535108255208,0.));
#15244=CARTESIAN_POINT('',(0.072420469975471,0.014415244996548,0.003175));
#15245=CARTESIAN_POINT('',(0.069867169320727,0.018368842785554,0.00635));
#15246=CARTESIAN_POINT('',(0.072447519993782,0.014373360037804,0.00635));
#15247=CARTESIAN_POINT('',(0.072447519993782,0.014373360037804,-0.001000000190735));
#15248=CARTESIAN_POINT('',(0.072447519993782,0.014373360037804,0.));
#15249=CARTESIAN_POINT('',(0.069258989525404,0.019310564352749,0.));
#15250=CARTESIAN_POINT('',(0.072476630008221,0.014332875013351,0.003175));
#15251=CARTESIAN_POINT('',(0.068535453669169,0.019814102815328,0.00635));
#15252=CARTESIAN_POINT('',(0.072505740022659,0.014292389988899,0.00635));
#15253=CARTESIAN_POINT('',(0.072505740022659,0.014292389988899,-0.001000000190735));
#15254=CARTESIAN_POINT('',(0.072505740022659,0.014292389988899,0.));
#15255=CARTESIAN_POINT('',(0.06839945853436,0.020003239319184,0.));
#15256=CARTESIAN_POINT('',(0.072536825037003,0.014253404974937,0.003175));
#15257=CARTESIAN_POINT('',(0.067069016577573,0.021110811787666,0.00635));
#15258=CARTESIAN_POINT('',(0.072567910051346,0.014214419960976,0.00635));
#15259=CARTESIAN_POINT('',(0.072567910051346,0.014214419960976,-0.001000000190735));
#15260=CARTESIAN_POINT('',(0.072567910051346,0.014214419960976,0.));
#15261=CARTESIAN_POINT('',(0.067475446756491,0.020601090736081,0.));
#15262=CARTESIAN_POINT('',(0.072600905036926,0.014177034974098,0.003175));
#15263=CARTESIAN_POINT('',(0.065469471163502,0.022257310115462,0.00635));
#15264=CARTESIAN_POINT('',(0.072633900022507,0.014139649987221,0.00635));
#15265=CARTESIAN_POINT('',(0.072633900022507,0.014139649987221,-0.001000000190735));
#15266=CARTESIAN_POINT('',(0.072633900022507,0.014139649987221,0.));
#15267=CARTESIAN_POINT('',(0.066488049066757,0.021103209852135,0.));
#15268=CARTESIAN_POINT('',(0.072668715035915,0.014103959977627,0.003175));
#15269=CARTESIAN_POINT('',(0.063763166617225,0.023233329102715,0.00635));
#15270=CARTESIAN_POINT('',(0.072703530049324,0.014068269968033,0.00635));
#15271=CARTESIAN_POINT('',(0.072703530049324,0.014068269968033,-0.001000000190735));
#15272=CARTESIAN_POINT('',(0.072703530049324,0.014068269968033,0.));
#15273=CARTESIAN_POINT('',(0.065453872082794,0.021500131600292,0.));
#15274=CARTESIAN_POINT('',(0.072740080034733,0.01403435498476,0.003175));
#15275=CARTESIAN_POINT('',(0.061968442890454,0.024029431302313,0.00635));
#15276=CARTESIAN_POINT('',(0.072776630020142,0.014000440001488,0.00635));
#15277=CARTESIAN_POINT('',(0.072776630020142,0.014000440001488,-0.001000000190735));
#15278=CARTESIAN_POINT('',(0.072776630020142,0.014000440001488,0.));
#15279=CARTESIAN_POINT('',(0.064384132906033,0.02178789589392,0.));
#15280=CARTESIAN_POINT('',(0.072814825034142,0.013968389987946,0.003175));
#15281=CARTESIAN_POINT('',(0.060096647510564,0.024640404975637,0.00635));
#15282=CARTESIAN_POINT('',(0.072853020048141,0.013936339974403,0.00635));
#15283=CARTESIAN_POINT('',(0.072853020048141,0.013936339974403,-0.001000000190735));
#15284=CARTESIAN_POINT('',(0.072853020048141,0.013936339974403,0.));
#15285=CARTESIAN_POINT('',(0.063285752598112,0.021964378695257,0.));
#15286=CARTESIAN_POINT('',(0.072892765021324,0.013906229972839,0.003175));
#15287=CARTESIAN_POINT('',(0.058173263004593,0.02505743208105,0.00635));
#15288=CARTESIAN_POINT('',(0.072932509994507,0.013876119971275,0.00635));
#15289=CARTESIAN_POINT('',(0.072932509994507,0.013876119971275,-0.001000000190735));
#15290=CARTESIAN_POINT('',(0.072932509994507,0.013876119971275,0.));
#15291=CARTESIAN_POINT('',(0.062173975359023,0.022026571934399,-4.440892098501E-19));
#15292=CARTESIAN_POINT('',(0.072973709976673,0.013848034977913,0.003175));
#15293=CARTESIAN_POINT('',(0.056206768990985,0.025277637650813,0.00635));
#15294=CARTESIAN_POINT('',(0.073014909958839,0.01381994998455,0.00635));
#15295=CARTESIAN_POINT('',(0.073014909958839,0.01381994998455,-0.001000000190735));
#15296=CARTESIAN_POINT('',(0.073014909958839,0.01381994998455,0.));
#15297=CARTESIAN_POINT('',(0.061053920832742,0.021973455946244,0.));
#15298=CARTESIAN_POINT('',(0.07305745497942,0.013793950021267,0.003175));
#15299=CARTESIAN_POINT('',(0.054235463463815,0.025296379251622,0.00635));
#15300=CARTESIAN_POINT('',(0.0731,0.013767950057983,0.00635));
#15301=CARTESIAN_POINT('',(0.0731,0.013767950057983,-0.001000000190735));
#15302=CARTESIAN_POINT('',(0.0731,0.013767950057983,0.));
#15303=CARTESIAN_POINT('',(0.059947799876573,0.021805476321756,0.));
#15304=CARTESIAN_POINT('',(0.073143789505959,0.013744105041027,0.003175));
#15305=CARTESIAN_POINT('',(0.052263812426964,0.025114030245655,0.00635));
#15306=CARTESIAN_POINT('',(0.073187579011917,0.013720260024071,0.00635));
#15307=CARTESIAN_POINT('',(0.073187579011917,0.013720260024071,-0.001000000190735));
#15308=CARTESIAN_POINT('',(0.073187579011917,0.013720260024071,0.));
#15309=CARTESIAN_POINT('',(0.058858199553083,0.02152314084426,0.));
#15310=CARTESIAN_POINT('',(0.073232502496243,0.013698625028133,0.003175));
#15311=CARTESIAN_POINT('',(0.050321588966558,0.024732442386225,0.00635));
#15312=CARTESIAN_POINT('',(0.073277425980568,0.013676990032196,0.00635));
#15313=CARTESIAN_POINT('',(0.073277425980568,0.013676990032196,-0.001000000190735));
#15314=CARTESIAN_POINT('',(0.073277425980568,0.013676990032196,0.));
#15315=CARTESIAN_POINT('',(0.057801980291301,0.021129911586337,0.));
#15316=CARTESIAN_POINT('',(0.073323371982574,0.01365762001276,0.003175));
#15317=CARTESIAN_POINT('',(0.048424194336717,0.024154671635863,0.00635));
#15318=CARTESIAN_POINT('',(0.073369317984581,0.013638249993324,0.00635));
#15319=CARTESIAN_POINT('',(0.073369317984581,0.013638249993324,-0.001000000190735));
#15320=CARTESIAN_POINT('',(0.073369317984581,0.013638249993324,0.));
#15321=CARTESIAN_POINT('',(0.056787737505091,0.020628750192225,0.));
#15322=CARTESIAN_POINT('',(0.073416172480583,0.013621200025082,0.003175));
#15323=CARTESIAN_POINT('',(0.046587185106455,0.023384049308313,0.00635));
#15324=CARTESIAN_POINT('',(0.073463026976585,0.013604150056839,0.00635));
#15325=CARTESIAN_POINT('',(0.073463026976585,0.013604150056839,-0.001000000190735));
#15326=CARTESIAN_POINT('',(0.073463026976585,0.013604150056839,0.));
#15327=CARTESIAN_POINT('',(0.055824138454429,0.020022797461012,0.));
#15328=CARTESIAN_POINT('',(0.073510672992468,0.013589450001717,0.003175));
#15329=CARTESIAN_POINT('',(0.044843173622282,0.02243413120238,0.00635));
#15330=CARTESIAN_POINT('',(0.07355831900835,0.013574749946594,0.00635));
#15331=CARTESIAN_POINT('',(0.07355831900835,0.013574749946594,-0.001000000190735));
#15332=CARTESIAN_POINT('',(0.07355831900835,0.013574749946594,0.));
#15333=CARTESIAN_POINT('',(0.054928719590099,0.019322473723362,0.));
#15334=CARTESIAN_POINT('',(0.073606638497114,0.013562444984913,0.003175));
#15335=CARTESIAN_POINT('',(0.043195420599859,0.021306915807826,0.00635));
#15336=CARTESIAN_POINT('',(0.073654957985878,0.013550140023232,0.00635));
#15337=CARTESIAN_POINT('',(0.073654957985878,0.013550140023232,-0.001000000190735));
#15338=CARTESIAN_POINT('',(0.073654957985878,0.013550140023232,0.));
#15339=CARTESIAN_POINT('',(0.054103266577403,0.018529141658848,0.));
#15340=CARTESIAN_POINT('',(0.073703830993176,0.013540260016918,0.003175));
#15341=CARTESIAN_POINT('',(0.041667585857628,0.020016601901664,0.00635));
#15342=CARTESIAN_POINT('',(0.073752704000473,0.013530380010605,0.00635));
#15343=CARTESIAN_POINT('',(0.073752704000473,0.013530380010605,-0.001000000190735));
#15344=CARTESIAN_POINT('',(0.073752704000473,0.013530380010605,0.));
#15345=CARTESIAN_POINT('',(0.053360175214787,0.017652866517742,0.));
#15346=CARTESIAN_POINT('',(0.073802008500695,0.01352294999361,0.003175));
#15347=CARTESIAN_POINT('',(0.040274932087267,0.018575364000531,0.00635));
#15348=CARTESIAN_POINT('',(0.073851313000917,0.013515519976616,0.00635));
#15349=CARTESIAN_POINT('',(0.073851313000917,0.013515519976616,-0.001000000190735));
#15350=CARTESIAN_POINT('',(0.073851313000917,0.013515519976616,0.));
#15351=CARTESIAN_POINT('',(0.052707227318759,0.016701860275028,0.));
#15352=CARTESIAN_POINT('',(0.073900926499069,0.013510554969311,0.003175));
#15353=CARTESIAN_POINT('',(0.039033952584987,0.016999822742041,0.00635));
#15354=CARTESIAN_POINT('',(0.07395053999722,0.013505589962006,0.00635));
#15355=CARTESIAN_POINT('',(0.07395053999722,0.013505589962006,-0.001000000190735));
#15356=CARTESIAN_POINT('',(0.07395053999722,0.013505589962006,0.));
#15357=CARTESIAN_POINT('',(0.052152535203431,0.015686997382799,0.));
#15358=CARTESIAN_POINT('',(0.07400033929795,0.01350310498476,0.003175));
#15359=CARTESIAN_POINT('',(0.03795451577641,0.015301785888443,0.00635));
#15360=CARTESIAN_POINT('',(0.0740501385986796,0.013500620007515,0.00635));
#15361=CARTESIAN_POINT('',(0.07405013859868,0.013500620007515,-0.001000000190735));
#15362=CARTESIAN_POINT('',(0.0740501385986782,0.013500620007515,-3.84674930797876E-19));
#15363=CARTESIAN_POINT('',(0.051700838202753,0.014615846569305,-4.440892098501E-19));
#15364=CARTESIAN_POINT('',(0.045599999299645,0.013500620007515,0.003175));
#15365=CARTESIAN_POINT('',(0.07914986000061,0.013500620007515,0.007350000190735));
#15366=CARTESIAN_POINT('',(0.0791498600006019,0.013500620007515,0.00635));
#15367=CARTESIAN_POINT('',(0.0791498600006102,0.013500620007515,0.));
#15368=CARTESIAN_POINT('',(0.052608241170586,0.013500620007515,0.));
#15369=CARTESIAN_POINT('',(0.038299999649823,0.013500620007515,0.00635));
#15370=CARTESIAN_POINT('',(0.079199659919739,0.01350310498476,0.003175));
#15371=CARTESIAN_POINT('',(0.038835751864528,0.011488977355533,0.00635));
#15372=CARTESIAN_POINT('',(0.079249459838867,0.013505589962006,0.00635));
#15373=CARTESIAN_POINT('',(0.079249459838867,0.013505589962006,-0.001000000190735));
#15374=CARTESIAN_POINT('',(0.079249459838867,0.013505589962006,0.));
#15375=CARTESIAN_POINT('',(0.053634828961633,0.012227439796473,0.));
#15376=CARTESIAN_POINT('',(0.079299074983597,0.013510554969311,0.003175));
#15377=CARTESIAN_POINT('',(0.038325601549335,0.00941032315447,0.00635));
#15378=CARTESIAN_POINT('',(0.079348690128326,0.013515519976616,0.00635));
#15379=CARTESIAN_POINT('',(0.079348690128326,0.013515519976616,0.007350000190735));
#15380=CARTESIAN_POINT('',(0.079348690128326,0.013515519976616,0.));
#15381=CARTESIAN_POINT('',(0.053539731944556,0.010932807246079,-4.440892098501E-19));
#15382=CARTESIAN_POINT('',(0.079397995090485,0.01352294999361,0.003175));
#15383=CARTESIAN_POINT('',(0.038025992974484,0.007288391333347,0.00635));
#15384=CARTESIAN_POINT('',(0.079447300052643,0.013530380010605,0.00635));
#15385=CARTESIAN_POINT('',(0.079447300052643,0.013530380010605,0.007350000190735));
#15386=CARTESIAN_POINT('',(0.079447300052643,0.013530380010605,0.));
#15387=CARTESIAN_POINT('',(0.053574738603122,0.009631511360351,-4.440892098501E-19));
#15388=CARTESIAN_POINT('',(0.079496170139313,0.013540260016918,0.003175));
#15389=CARTESIAN_POINT('',(0.079545040225983,0.013550140023232,0.007350000190735));
#15390=CARTESIAN_POINT('',(0.079545040225983,0.013550140023232,0.00635));
#15391=CARTESIAN_POINT('',(0.079545040225983,0.013550140023232,0.));
#15392=CARTESIAN_POINT('',(0.053740316507189,0.008333230240009,0.));
#15393=CARTESIAN_POINT('',(0.037939936627126,0.005138886550334,0.00635));
#15394=CARTESIAN_POINT('',(0.079593360042572,0.013562444984913,0.003175));
#15395=CARTESIAN_POINT('',(0.038069617560756,0.002988148636731,0.00635));
#15396=CARTESIAN_POINT('',(0.079641679859161,0.013574749946594,0.00635));
#15397=CARTESIAN_POINT('',(0.079641679859161,0.013574749946594,0.007350000190735));
#15398=CARTESIAN_POINT('',(0.079641679859161,0.013574749946594,0.));
#15399=CARTESIAN_POINT('',(0.054035467583839,0.007053958207451,0.));
#15400=CARTESIAN_POINT('',(0.079689324951172,0.013589450001717,0.003175));
#15401=CARTESIAN_POINT('',(0.054458308320461,0.005804863602276,-4.440892098501E-19));
#15402=CARTESIAN_POINT('',(0.0797369700432082,0.0136041500568479,-1.480297366167E-19));
#15403=CARTESIAN_POINT('',(0.038414575551972,0.000854852045713,0.00635));
#15404=CARTESIAN_POINT('',(0.0797369700432123,0.0136041500568494,0.00635));
#15405=CARTESIAN_POINT('',(0.079736970479005,0.0136041501913047,0.003175));
#15406=CARTESIAN_POINT('',(0.079783824968017,0.0136212001570037,0.003175));
#15407=CARTESIAN_POINT('',(0.079783824968017,0.0136212001570037,0.00635));
#15408=CARTESIAN_POINT('',(0.07975,0.0136088915034018,0.00635));
#15409=CARTESIAN_POINT('',(0.07975,0.0136088915275294,0.003175));
#15410=CARTESIAN_POINT('',(0.07975,0.0136088915034018,0.));
#15411=CARTESIAN_POINT('',(0.079783824968017,0.0136212001570037,0.));
#15412=CARTESIAN_POINT('',(0.07975,-0.02115,0.));
#15413=CARTESIAN_POINT('',(0.07975,-0.02115,0.00635));
#15414=CARTESIAN_POINT('',(0.07975,-0.0136088915034009,0.00635));
#15415=CARTESIAN_POINT('',(0.07975,-0.0136088915275274,0.003175));
#15416=CARTESIAN_POINT('',(0.07975,-0.013608891503401,0.));
#15417=CARTESIAN_POINT('',(0.07975,-0.02115,0.));
#15418=CARTESIAN_POINT('',(0.079783824968017,-0.0136212001570017,0.003175));
#15419=CARTESIAN_POINT('',(0.079783824968017,-0.0136212001570017,0.00635));
#15420=CARTESIAN_POINT('',(0.0797369687628926,-0.0136041495668236,0.00635));
#15421=CARTESIAN_POINT('',(0.0797369653305453,-0.0136041483178203,0.003175));
#15422=CARTESIAN_POINT('',(0.0797369684723293,-0.013604149477175,4.33680868994202E-19));
#15423=CARTESIAN_POINT('',(0.079783824968017,-0.0136212001570017,0.));
#15424=CARTESIAN_POINT('',(0.079689324951172,-0.01358945000171,0.003175));
#15425=CARTESIAN_POINT('',(0.079689324951172,-0.01358945000171,0.00635));
#15426=CARTESIAN_POINT('',(0.0796416772136919,-0.0135747492729148,0.00635));
#15427=CARTESIAN_POINT('',(0.0796416761175832,-0.0135747490772507,0.003175));
#15428=CARTESIAN_POINT('',(0.079641675342873,-0.0135747488382322,0.));
#15429=CARTESIAN_POINT('',(0.079689324951172,-0.01358945000171,0.));
#15430=CARTESIAN_POINT('',(0.079593360042572,-0.01356244498491,0.003175));
#15431=CARTESIAN_POINT('',(0.079593360042572,-0.01356244498491,0.00635));
#15432=CARTESIAN_POINT('',(0.079545040225953,-0.0135501400232305,0.00635));
#15433=CARTESIAN_POINT('',(0.0795450418163593,-0.0135501403447478,0.003175));
#15434=CARTESIAN_POINT('',(0.0795450402259676,-0.0135501400232319,0.));
#15435=CARTESIAN_POINT('',(0.079593360042572,-0.01356244498491,0.));
#15436=CARTESIAN_POINT('',(0.079496170139313,-0.01354026001691,0.003175));
#15437=CARTESIAN_POINT('',(0.042047904769014,-0.005969389500961,0.00635));
#15438=CARTESIAN_POINT('',(0.0794473000527351,-0.0135303800106274,0.00635));
#15439=CARTESIAN_POINT('',(0.0794473014052152,-0.0135303802840445,0.003175));
#15440=CARTESIAN_POINT('',(0.079447300052697,-0.0135303800106182,-1.480297366167E-19));
#15441=CARTESIAN_POINT('',(0.053740316507189,-0.008333230240009,0.));
#15442=CARTESIAN_POINT('',(0.079397995090485,-0.01352294999361,0.003175));
#15443=CARTESIAN_POINT('',(0.079397995090485,-0.01352294999361,0.));
#15444=CARTESIAN_POINT('',(0.0793486901281507,-0.0135155199765911,-5.49907341884676E-19));
#15445=CARTESIAN_POINT('',(0.079397995090485,-0.01352294999361,0.00635));
#15446=CARTESIAN_POINT('',(0.0793486901281488,-0.0135155199765974,0.00635));
#15447=CARTESIAN_POINT('',(0.0793486947584732,-0.0135155206047503,0.003175));
#15448=CARTESIAN_POINT('',(0.079299074983597,-0.01351055496931,0.003175));
#15449=CARTESIAN_POINT('',(0.079299074983597,-0.01351055496931,0.));
#15450=CARTESIAN_POINT('',(0.0792494598389296,-0.0135055899620049,-1.480297366167E-19));
#15451=CARTESIAN_POINT('',(0.079299074983597,-0.01351055496931,0.00635));
#15452=CARTESIAN_POINT('',(0.0792494598387332,-0.0135055899619916,0.00635));
#15453=CARTESIAN_POINT('',(0.079249463738061,-0.0135055901874324,0.003175));
#15454=CARTESIAN_POINT('',(0.079199659919739,-0.01350310498476,0.003175));
#15455=CARTESIAN_POINT('',(0.0791498606189152,-0.01350062000751,0.003175));
#15456=CARTESIAN_POINT('',(0.0791498600006541,-0.01350062000751,0.00635));
#15457=CARTESIAN_POINT('',(0.0791498600005835,-0.01350062000751,0.));
#15458=CARTESIAN_POINT('',(0.079199659919739,-0.01350310498476,0.));
#15459=CARTESIAN_POINT('',(0.079199659919739,-0.01350310498476,0.00635));
#15460=CARTESIAN_POINT('',(0.045599999299645,-0.01350062000751,0.003175));
#15461=CARTESIAN_POINT('',(0.074050139217172,-0.01350062000751,0.003175));
#15462=CARTESIAN_POINT('',(0.074050138598706,-0.01350062000751,0.00635));
#15463=CARTESIAN_POINT('',(0.0740501385986776,-0.01350062000751,-1.480297366167E-19));
#15464=CARTESIAN_POINT('',(0.052608241170586,-0.01350062000751,0.));
#15465=CARTESIAN_POINT('',(0.038299999649823,-0.01350062000751,0.00635));
#15466=CARTESIAN_POINT('',(0.07400033929795,-0.01350310498476,0.003175));
#15467=CARTESIAN_POINT('',(0.07400033929795,-0.01350310498476,0.00635));
#15468=CARTESIAN_POINT('',(0.0739505399971881,-0.0135055899620027,0.00635));
#15469=CARTESIAN_POINT('',(0.0739505438964888,-0.0135055897365772,0.003175));
#15470=CARTESIAN_POINT('',(0.0739505399971822,-0.0135055899620022,-3.84674930797876E-19));
#15471=CARTESIAN_POINT('',(0.07400033929795,-0.01350310498476,0.));
#15472=CARTESIAN_POINT('',(0.073900926499069,-0.01351055496931,0.003175));
#15473=CARTESIAN_POINT('',(0.073900926499069,-0.01351055496931,0.00635));
#15474=CARTESIAN_POINT('',(0.0738513130008818,-0.0135155199766133,0.00635));
#15475=CARTESIAN_POINT('',(0.0738513176307812,-0.0135155193485291,0.003175));
#15476=CARTESIAN_POINT('',(0.0738513130008924,-0.0135155199766105,0.));
#15477=CARTESIAN_POINT('',(0.073900926499069,-0.01351055496931,0.));
#15478=CARTESIAN_POINT('',(0.073802008500695,-0.01352294999361,0.003175));
#15479=CARTESIAN_POINT('',(0.073802008500695,-0.01352294999361,0.00635));
#15480=CARTESIAN_POINT('',(0.0737527040006123,-0.0135303800105763,0.00635));
#15481=CARTESIAN_POINT('',(0.0737527053530121,-0.0135303797371719,0.003175));
#15482=CARTESIAN_POINT('',(0.0737527040006022,-0.0135303800105765,0.));
#15483=CARTESIAN_POINT('',(0.073802008500695,-0.01352294999361,0.));
#15484=CARTESIAN_POINT('',(0.073703830993176,-0.01354026001691,0.003175));
#15485=CARTESIAN_POINT('',(0.0736549595761299,-0.0135501397017433,0.003175));
#15486=CARTESIAN_POINT('',(0.0736549579855805,-0.0135501400232923,0.00635));
#15487=CARTESIAN_POINT('',(0.0736549579857311,-0.0135501400232602,4.33680868994202E-19));
#15488=CARTESIAN_POINT('',(0.053360175214787,-0.01765286651774,0.));
#15489=CARTESIAN_POINT('',(0.037559843928127,-0.02084700949148,0.00635));
#15490=CARTESIAN_POINT('',(0.073606638497114,-0.01356244498491,0.003175));
#15491=CARTESIAN_POINT('',(0.073606638497114,-0.01356244498491,0.00635));
#15492=CARTESIAN_POINT('',(0.0735583190085151,-0.0135747499465365,0.00635));
#15493=CARTESIAN_POINT('',(0.0735583152670555,-0.0135747508158539,0.003175));
#15494=CARTESIAN_POINT('',(0.07355831900845,-0.0135747499465583,0.));
#15495=CARTESIAN_POINT('',(0.073606638497114,-0.01356244498491,0.));
#15496=CARTESIAN_POINT('',(0.073510672992468,-0.01358945000171,0.003175));
#15497=CARTESIAN_POINT('',(0.073510672992468,-0.01358945000171,0.));
#15498=CARTESIAN_POINT('',(0.0734630244020659,-0.0136041509936759,0.));
#15499=CARTESIAN_POINT('',(0.073510672992468,-0.01358945000171,0.00635));
#15500=CARTESIAN_POINT('',(0.0734630235437175,-0.0136041513060122,0.00635));
#15501=CARTESIAN_POINT('',(0.0734630218276945,-0.0136041519304766,0.003175));
#15502=CARTESIAN_POINT('',(0.073416172480583,-0.01362120002508,0.003175));
#15503=CARTESIAN_POINT('',(0.039790827940397,-0.02585718814735,0.00635));
#15504=CARTESIAN_POINT('',(0.073369317984581,-0.01363824999332,0.00635));
#15505=CARTESIAN_POINT('',(0.073369317984581,-0.01363824999332,-0.001000000190735));
#15506=CARTESIAN_POINT('',(0.073369317984581,-0.01363824999332,0.));
#15507=CARTESIAN_POINT('',(0.055824138454429,-0.02002279746101,0.));
#15508=CARTESIAN_POINT('',(0.073323371982574,-0.01365762001276,0.003175));
#15509=CARTESIAN_POINT('',(0.056787737505091,-0.02062875019222,0.));
#15510=CARTESIAN_POINT('',(0.073277425980568,-0.01367699003219,0.));
#15511=CARTESIAN_POINT('',(0.040853314174036,-0.0273464204169,0.00635));
#15512=CARTESIAN_POINT('',(0.073277425980568,-0.01367699003219,0.00635));
#15513=CARTESIAN_POINT('',(0.073277425980568,-0.01367699003219,0.007350000190735));
#15514=CARTESIAN_POINT('',(0.073232502496243,-0.01369862502813,0.003175));
#15515=CARTESIAN_POINT('',(0.073187579011917,-0.01372026002407,0.007350000190735));
#15516=CARTESIAN_POINT('',(0.073187579011917,-0.01372026002407,0.00635));
#15517=CARTESIAN_POINT('',(0.073187579011917,-0.01372026002407,0.));
#15518=CARTESIAN_POINT('',(0.057801980291301,-0.02112991158633,0.));
#15519=CARTESIAN_POINT('',(0.042053486080269,-0.02871433237184,0.00635));
#15520=CARTESIAN_POINT('',(0.073143789505959,-0.01374410504102,0.003175));
#15521=CARTESIAN_POINT('',(0.0731,-0.01376795005798,-0.001000000190735));
#15522=CARTESIAN_POINT('',(0.0731,-0.01376795005798,0.));
#15523=CARTESIAN_POINT('',(0.0731,-0.01376795005798,0.00635));
#15524=CARTESIAN_POINT('',(0.058858199553083,-0.02152314084426,0.));
#15525=CARTESIAN_POINT('',(0.043380836821769,-0.02995114131352,0.00635));
#15526=CARTESIAN_POINT('',(0.07305745497942,-0.01379395002126,0.003175));
#15527=CARTESIAN_POINT('',(0.044824863940563,-0.03104735172133,0.00635));
#15528=CARTESIAN_POINT('',(0.073014909958839,-0.01381994998455,0.00635));
#15529=CARTESIAN_POINT('',(0.073014909958839,-0.01381994998455,-0.001000000190735));
#15530=CARTESIAN_POINT('',(0.073014909958839,-0.01381994998455,0.));
#15531=CARTESIAN_POINT('',(0.059947799876573,-0.02180547632175,0.));
#15532=CARTESIAN_POINT('',(0.072973709976673,-0.01384803497791,0.003175));
#15533=CARTESIAN_POINT('',(0.046363378298665,-0.03198762993046,0.00635));
#15534=CARTESIAN_POINT('',(0.072932509994507,-0.01387611997127,0.00635));
#15535=CARTESIAN_POINT('',(0.072932509994507,-0.01387611997127,0.007350000190735));
#15536=CARTESIAN_POINT('',(0.072932509994507,-0.01387611997127,0.));
#15537=CARTESIAN_POINT('',(0.061053920832742,-0.02197345594624,0.));
#15538=CARTESIAN_POINT('',(0.072892765021324,-0.01390622997283,0.003175));
#15539=CARTESIAN_POINT('',(0.047993112945281,-0.03276971138739,0.00635));
#15540=CARTESIAN_POINT('',(0.072853020048141,-0.0139363399744,0.00635));
#15541=CARTESIAN_POINT('',(0.072853020048141,-0.0139363399744,-0.001000000190735));
#15542=CARTESIAN_POINT('',(0.072853020048141,-0.0139363399744,0.));
#15543=CARTESIAN_POINT('',(0.062173975359023,-0.02202657193439,-4.440892098501E-19));
#15544=CARTESIAN_POINT('',(0.072814825034142,-0.01396838998794,0.003175));
#15545=CARTESIAN_POINT('',(0.049682272154913,-0.03337926474362,0.00635));
#15546=CARTESIAN_POINT('',(0.072776630020142,-0.01400044000148,0.00635));
#15547=CARTESIAN_POINT('',(0.072776630020142,-0.01400044000148,0.007350000190735));
#15548=CARTESIAN_POINT('',(0.072776630020142,-0.01400044000148,0.));
#15549=CARTESIAN_POINT('',(0.063285752598112,-0.02196437869525,0.));
#15550=CARTESIAN_POINT('',(0.072740080034733,-0.01403435498476,0.003175));
#15551=CARTESIAN_POINT('',(0.051422976662446,-0.03381464206845,0.00635));
#15552=CARTESIAN_POINT('',(0.072703530049324,-0.01406826996803,0.00635));
#15553=CARTESIAN_POINT('',(0.072703530049324,-0.01406826996803,0.007350000190735));
#15554=CARTESIAN_POINT('',(0.072703530049324,-0.01406826996803,0.));
#15555=CARTESIAN_POINT('',(0.064384132906033,-0.02178789589392,0.));
#15556=CARTESIAN_POINT('',(0.072668715035915,-0.01410395997762,0.003175));
#15557=CARTESIAN_POINT('',(0.072633900022507,-0.01413964998722,0.007350000190735));
#15558=CARTESIAN_POINT('',(0.072633900022507,-0.01413964998722,0.00635));
#15559=CARTESIAN_POINT('',(0.072633900022507,-0.01413964998722,0.));
#15560=CARTESIAN_POINT('',(0.065453872082794,-0.02150013160029,0.));
#15561=CARTESIAN_POINT('',(0.053191423601709,-0.03407076883654,0.00635));
#15562=CARTESIAN_POINT('',(0.072600905036926,-0.01417703497409,0.003175));
#15563=CARTESIAN_POINT('',(0.054976441183249,-0.03414644360697,0.00635));
#15564=CARTESIAN_POINT('',(0.072567910051346,-0.01421441996097,0.00635));
#15565=CARTESIAN_POINT('',(0.072567910051346,-0.01421441996097,-0.001000000190735));
#15566=CARTESIAN_POINT('',(0.072567910051346,-0.01421441996097,0.));
#15567=CARTESIAN_POINT('',(0.066488049066757,-0.02110320985213,0.));
#15568=CARTESIAN_POINT('',(0.072536825037003,-0.01425340497493,0.003175));
#15569=CARTESIAN_POINT('',(0.056759485859904,-0.03404042457566,0.00635));
#15570=CARTESIAN_POINT('',(0.072505740022659,-0.01429238998889,0.00635));
#15571=CARTESIAN_POINT('',(0.072505740022659,-0.01429238998889,-0.001000000190735));
#15572=CARTESIAN_POINT('',(0.072505740022659,-0.01429238998889,0.));
#15573=CARTESIAN_POINT('',(0.067475446756491,-0.02060109073608,0.));
#15574=CARTESIAN_POINT('',(0.072476630008221,-0.01433287501335,0.003175));
#15575=CARTESIAN_POINT('',(0.058510764029155,-0.03375603355732,0.00635));
#15576=CARTESIAN_POINT('',(0.072447519993782,-0.0143733600378,0.00635));
#15577=CARTESIAN_POINT('',(0.072447519993782,-0.0143733600378,-0.001000000190735));
#15578=CARTESIAN_POINT('',(0.072447519993782,-0.0143733600378,0.));
#15579=CARTESIAN_POINT('',(0.06839945853436,-0.02000323931918,0.));
#15580=CARTESIAN_POINT('',(0.072420469975471,-0.01441524499654,0.003175));
#15581=CARTESIAN_POINT('',(0.060228310956403,-0.03329390421414,0.00635));
#15582=CARTESIAN_POINT('',(0.072393419957161,-0.01445712995529,0.00635));
#15583=CARTESIAN_POINT('',(0.072393419957161,-0.01445712995529,0.007350000190735));
#15584=CARTESIAN_POINT('',(0.072393419957161,-0.01445712995529,0.));
#15585=CARTESIAN_POINT('',(0.069258989525404,-0.01931056435274,0.));
#15586=CARTESIAN_POINT('',(0.072368489956856,-0.01450031098723,0.003175));
#15587=CARTESIAN_POINT('',(0.061883061299496,-0.03266202876663,0.00635));
#15588=CARTESIAN_POINT('',(0.072343559956551,-0.01454349201917,0.00635));
#15589=CARTESIAN_POINT('',(0.072343559956551,-0.01454349201917,0.007350000190735));
#15590=CARTESIAN_POINT('',(0.072343559956551,-0.01454349201917,0.));
#15591=CARTESIAN_POINT('',(0.070039052873088,-0.0185351082552,0.));
#15592=CARTESIAN_POINT('',(0.072320809996128,-0.01458786252141,0.003175));
#15593=CARTESIAN_POINT('',(0.063461386265311,-0.03186688512782,0.00635));
#15594=CARTESIAN_POINT('',(0.072298060035706,-0.01463223302364,0.00635));
#15595=CARTESIAN_POINT('',(0.072298060035706,-0.01463223302364,-0.001000000190735));
#15596=CARTESIAN_POINT('',(0.072298060035706,-0.01463223302364,0.));
#15597=CARTESIAN_POINT('',(0.07073326015144,-0.01768414852021,0.));
#15598=CARTESIAN_POINT('',(0.072277555024624,-0.01467768150568,0.003175));
#15599=CARTESIAN_POINT('',(0.064952354974892,-0.03091367482205,0.00635));
#15600=CARTESIAN_POINT('',(0.072257050013542,-0.01472312998771,0.00635));
#15601=CARTESIAN_POINT('',(0.072257050013542,-0.01472312998771,-0.001000000190735));
#15602=CARTESIAN_POINT('',(0.072257050013542,-0.01472312998771,0.));
#15603=CARTESIAN_POINT('',(0.071336474881403,-0.01676354548369,0.));
#15604=CARTESIAN_POINT('',(0.072238830006123,-0.01476954498887,0.003175));
#15605=CARTESIAN_POINT('',(0.06633113302399,-0.02981925138734,0.00635));
#15606=CARTESIAN_POINT('',(0.072220609998703,-0.01481595999002,0.00635));
#15607=CARTESIAN_POINT('',(0.072220609998703,-0.01481595999002,0.007350000190735));
#15608=CARTESIAN_POINT('',(0.072220609998703,-0.01481595999002,0.));
#15609=CARTESIAN_POINT('',(0.071838455493984,-0.01578948878005,0.));
#15610=CARTESIAN_POINT('',(0.072204730010033,-0.01486322498321,0.003175));
#15611=CARTESIAN_POINT('',(0.072237718742521,-0.01476503774588,0.));
#15612=CARTESIAN_POINT('',(0.072188850021362,-0.0149104899764,0.));
#15613=CARTESIAN_POINT('',(0.067593830737829,-0.02858704602793,0.00635));
#15614=CARTESIAN_POINT('',(0.072188850021362,-0.0149104899764,0.00635));
#15615=CARTESIAN_POINT('',(0.072188850021362,-0.0149104899764,0.007350000190735));
#15616=CARTESIAN_POINT('',(0.072175349986553,-0.01495848748087,0.003175));
#15617=CARTESIAN_POINT('',(0.072528119187789,-0.0137042654323,0.));
#15618=CARTESIAN_POINT('',(0.072161849951744,-0.01500648498535,0.));
#15619=CARTESIAN_POINT('',(0.068722846227823,-0.02723338654187,0.00635));
#15620=CARTESIAN_POINT('',(0.072161849951744,-0.01500648498535,0.00635));
#15621=CARTESIAN_POINT('',(0.072161849951744,-0.01500648498535,0.007350000190735));
#15622=CARTESIAN_POINT('',(0.072150749957561,-0.01505509649217,0.003175));
#15623=CARTESIAN_POINT('',(0.072139649963379,-0.01510370799899,-0.001000000190735));
#15624=CARTESIAN_POINT('',(0.072139649963379,-0.01510370799899,0.));
#15625=CARTESIAN_POINT('',(0.072139649963379,-0.01510370799899,0.00635));
#15626=CARTESIAN_POINT('',(0.072705731741066,-0.01262459965497,0.));
#15627=CARTESIAN_POINT('',(0.069701633905932,-0.0257807977572,0.00635));
#15628=CARTESIAN_POINT('',(0.07213099501133,-0.01515281149745,0.003175));
#15629=CARTESIAN_POINT('',(0.070531690747658,-0.02422639549878,0.00635));
#15630=CARTESIAN_POINT('',(0.07212234005928,-0.0152019149959,0.00635));
#15631=CARTESIAN_POINT('',(0.07212234005928,-0.0152019149959,-0.001000000190735));
#15632=CARTESIAN_POINT('',(0.07212234005928,-0.0152019149959,0.));
#15633=CARTESIAN_POINT('',(0.07277059616612,-0.011524061836,-4.440892098501E-19));
#15634=CARTESIAN_POINT('',(0.072116140043735,-0.01525138949602,0.003175));
#15635=CARTESIAN_POINT('',(0.071194738736572,-0.02260393059071,0.00635));
#15636=CARTESIAN_POINT('',(0.072109940028191,-0.01530086399614,0.00635));
#15637=CARTESIAN_POINT('',(0.072109940028191,-0.01530086399614,-0.001000000190735));
#15638=CARTESIAN_POINT('',(0.072109940028191,-0.01530086399614,0.));
#15639=CARTESIAN_POINT('',(0.072720708745777,-0.01042708960437,0.));
#15640=CARTESIAN_POINT('',(0.072106215035915,-0.01535058609768,0.003175));
#15641=CARTESIAN_POINT('',(0.07255664922057,-0.009338081208723,0.));
#15642=CARTESIAN_POINT('',(0.07210249004364,-0.01540030819922,0.));
#15643=CARTESIAN_POINT('',(0.071688975716688,-0.02091999786123,0.00635));
#15644=CARTESIAN_POINT('',(0.07210249004364,-0.01540030819922,0.00635));
#15645=CARTESIAN_POINT('',(0.07210249004364,-0.01540030819922,0.007350000190735));
#15646=CARTESIAN_POINT('',(0.07210124502182,-0.01545015409961,0.003175));
#15647=CARTESIAN_POINT('',(0.072280521195971,-0.008272623413498,0.));
#15648=CARTESIAN_POINT('',(0.0721,-0.0155,0.));
#15649=CARTESIAN_POINT('',(0.072007628763313,-0.01919819017488,0.00635));
#15650=CARTESIAN_POINT('',(0.0721,-0.0155,0.00635));
#15651=CARTESIAN_POINT('',(0.0721,-0.0155,0.007350000190735));
#15652=CARTESIAN_POINT('',(0.07210124502182,-0.01554984590038,0.003175));
#15653=CARTESIAN_POINT('',(0.071893612619747,-0.007237040563198,0.));
#15654=CARTESIAN_POINT('',(0.07210249004364,-0.01559969180077,0.));
#15655=CARTESIAN_POINT('',(0.072148663179808,-0.01744828714973,0.00635));
#15656=CARTESIAN_POINT('',(0.07210249004364,-0.01559969180077,0.00635));
#15657=CARTESIAN_POINT('',(0.07210249004364,-0.01559969180077,0.007350000190735));
#15658=CARTESIAN_POINT('',(0.072106215035915,-0.01564941390231,0.003175));
#15659=CARTESIAN_POINT('',(0.072109890045676,-0.0156984688251,0.00635));
#15660=CARTESIAN_POINT('',(0.072109940028191,-0.01569913600385,0.00635));
#15661=CARTESIAN_POINT('',(0.072109940028191,-0.01569913600385,-0.001000000190735));
#15662=CARTESIAN_POINT('',(0.072109940028191,-0.01569913600385,0.));
#15663=CARTESIAN_POINT('',(0.071401928495031,-0.006248426111956,0.));
#15664=CARTESIAN_POINT('',(0.072116140043735,-0.01574861050397,0.003175));
#15665=CARTESIAN_POINT('',(0.071891834520645,-0.01395871118055,0.00635));
#15666=CARTESIAN_POINT('',(0.07212234005928,-0.01579808500409,0.00635));
#15667=CARTESIAN_POINT('',(0.07212234005928,-0.01579808500409,-0.001000000190735));
#15668=CARTESIAN_POINT('',(0.07212234005928,-0.01579808500409,0.));
#15669=CARTESIAN_POINT('',(0.070808322081505,-0.00531256571337,0.));
#15670=CARTESIAN_POINT('',(0.07213099501133,-0.01584718850255,0.003175));
#15671=CARTESIAN_POINT('',(0.071497549537523,-0.01225336283259,0.00635));
#15672=CARTESIAN_POINT('',(0.072139649963379,-0.015896292001,0.00635));
#15673=CARTESIAN_POINT('',(0.072139649963379,-0.015896292001,-0.001000000190735));
#15674=CARTESIAN_POINT('',(0.072139649963379,-0.015896292001,0.));
#15675=CARTESIAN_POINT('',(0.07012089506118,-0.004442972830112,-4.440892098501E-19));
#15676=CARTESIAN_POINT('',(0.072150749957561,-0.01594490350782,0.003175));
#15677=CARTESIAN_POINT('',(0.070927826720619,-0.01058921229801,0.00635));
#15678=CARTESIAN_POINT('',(0.072161849951744,-0.01599351501464,0.00635));
#15679=CARTESIAN_POINT('',(0.072161849951744,-0.01599351501464,-0.001000000190735));
#15680=CARTESIAN_POINT('',(0.072161849951744,-0.01599351501464,0.));
#15681=CARTESIAN_POINT('',(0.069341839948561,-0.003643514352803,0.));
#15682=CARTESIAN_POINT('',(0.072175349986553,-0.01604151251912,0.003175));
#15683=CARTESIAN_POINT('',(0.070195493991844,-0.009002408671976,0.00635));
#15684=CARTESIAN_POINT('',(0.072188850021362,-0.01608951002359,0.00635));
#15685=CARTESIAN_POINT('',(0.072188850021362,-0.01608951002359,-0.001000000190735));
#15686=CARTESIAN_POINT('',(0.072188850021362,-0.01608951002359,0.));
#15687=CARTESIAN_POINT('',(0.068488112047554,-0.002932048582801,0.));
#15688=CARTESIAN_POINT('',(0.072204730010033,-0.01613677501678,0.003175));
#15689=CARTESIAN_POINT('',(0.069299560688242,-0.007489866567232,0.00635));
#15690=CARTESIAN_POINT('',(0.072220609998703,-0.01618404000997,0.00635));
#15691=CARTESIAN_POINT('',(0.072220609998703,-0.01618404000997,-0.001000000190735));
#15692=CARTESIAN_POINT('',(0.072220609998703,-0.01618404000997,0.));
#15693=CARTESIAN_POINT('',(0.067558282595369,-0.002307148939948,0.));
#15694=CARTESIAN_POINT('',(0.072238830006123,-0.01623045501112,0.003175));
#15695=CARTESIAN_POINT('',(0.068252888664051,-0.006076371770035,0.00635));
#15696=CARTESIAN_POINT('',(0.072257050013542,-0.01627687001228,0.00635));
#15697=CARTESIAN_POINT('',(0.072257050013542,-0.01627687001228,-0.001000000190735));
#15698=CARTESIAN_POINT('',(0.072257050013542,-0.01627687001228,0.));
#15699=CARTESIAN_POINT('',(0.066566382499127,-0.001780040611194,0.));
#15700=CARTESIAN_POINT('',(0.072277555024624,-0.01632231849432,0.003175));
#15701=CARTESIAN_POINT('',(0.067070341636084,-0.004780752230013,0.00635));
#15702=CARTESIAN_POINT('',(0.072298060035706,-0.01636776697635,0.00635));
#15703=CARTESIAN_POINT('',(0.072298060035706,-0.01636776697635,-0.001000000190735));
#15704=CARTESIAN_POINT('',(0.072298060035706,-0.01636776697635,0.));
#15705=CARTESIAN_POINT('',(0.065526068996717,-0.001357937824781,0.));
#15706=CARTESIAN_POINT('',(0.072320809996128,-0.01641213747859,0.003175));
#15707=CARTESIAN_POINT('',(0.06575526010863,-0.003606983511856,0.00635));
#15708=CARTESIAN_POINT('',(0.072343559956551,-0.01645650798082,0.00635));
#15709=CARTESIAN_POINT('',(0.072343559956551,-0.01645650798082,-0.001000000190735));
#15710=CARTESIAN_POINT('',(0.072343559956551,-0.01645650798082,0.));
#15711=CARTESIAN_POINT('',(0.064440331908707,-0.00104240653906,0.));
#15712=CARTESIAN_POINT('',(0.072368489956856,-0.01649968901276,0.003175));
#15713=CARTESIAN_POINT('',(0.06432955460042,-0.002575520534644,0.00635));
#15714=CARTESIAN_POINT('',(0.072393419957161,-0.0165428700447,0.00635));
#15715=CARTESIAN_POINT('',(0.072393419957161,-0.0165428700447,-0.001000000190735));
#15716=CARTESIAN_POINT('',(0.072393419957161,-0.0165428700447,0.));
#15717=CARTESIAN_POINT('',(0.063327434082942,-0.000839756493505,0.));
#15718=CARTESIAN_POINT('',(0.072420469975471,-0.01658475500345,0.003175));
#15719=CARTESIAN_POINT('',(0.062803230566731,-0.001693168933446,0.00635));
#15720=CARTESIAN_POINT('',(0.072447519993782,-0.01662663996219,0.00635));
#15721=CARTESIAN_POINT('',(0.072447519993782,-0.01662663996219,-0.001000000190735));
#15722=CARTESIAN_POINT('',(0.072447519993782,-0.01662663996219,0.));
#15723=CARTESIAN_POINT('',(0.062195050771408,-0.000751447366251,0.));
#15724=CARTESIAN_POINT('',(0.072476630008221,-0.01666712498664,0.003175));
#15725=CARTESIAN_POINT('',(0.061188754405802,-0.000968406569972,0.00635));
#15726=CARTESIAN_POINT('',(0.072505740022659,-0.0167076100111,0.00635));
#15727=CARTESIAN_POINT('',(0.072505740022659,-0.0167076100111,-0.001000000190735));
#15728=CARTESIAN_POINT('',(0.072505740022659,-0.0167076100111,0.));
#15729=CARTESIAN_POINT('',(0.061052759270993,-0.000779270066116,0.));
#15730=CARTESIAN_POINT('',(0.072536825037003,-0.01674659502506,0.003175));
#15731=CARTESIAN_POINT('',(0.059513568533891,-0.000413585459897,0.00635));
#15732=CARTESIAN_POINT('',(0.072567910051346,-0.01678558003902,0.00635));
#15733=CARTESIAN_POINT('',(0.072567910051346,-0.01678558003902,-0.001000000190735));
#15734=CARTESIAN_POINT('',(0.072567910051346,-0.01678558003902,0.));
#15735=CARTESIAN_POINT('',(0.059919998712808,-0.000923306511482,0.));
#15736=CARTESIAN_POINT('',(0.072600905036926,-0.0168229650259,0.003175));
#15737=CARTESIAN_POINT('',(0.057779543754806,-2.961333047651E-05,0.00635));
#15738=CARTESIAN_POINT('',(0.072633900022507,-0.01686035001277,0.00635));
#15739=CARTESIAN_POINT('',(0.072633900022507,-0.01686035001277,-0.001000000190735));
#15740=CARTESIAN_POINT('',(0.072633900022507,-0.01686035001277,0.));
#15741=CARTESIAN_POINT('',(0.058798121658061,-0.001183713593803,0.));
#15742=CARTESIAN_POINT('',(0.072668715035915,-0.01689604002237,0.003175));
#15743=CARTESIAN_POINT('',(0.056015553532568,0.00017566082254,0.00635));
#15744=CARTESIAN_POINT('',(0.072703530049324,-0.01693173003196,0.00635));
#15745=CARTESIAN_POINT('',(0.072703530049324,-0.01693173003196,-0.001000000190735));
#15746=CARTESIAN_POINT('',(0.072703530049324,-0.01693173003196,0.));
#15747=CARTESIAN_POINT('',(0.057706258998137,-0.001557536679883,0.));
#15748=CARTESIAN_POINT('',(0.072740080034733,-0.01696564501524,0.003175));
#15749=CARTESIAN_POINT('',(0.054240087025956,0.000200625953619,0.00635));
#15750=CARTESIAN_POINT('',(0.072776630020142,-0.01699955999851,0.00635));
#15751=CARTESIAN_POINT('',(0.072776630020142,-0.01699955999851,-0.001000000190735));
#15752=CARTESIAN_POINT('',(0.072776630020142,-0.01699955999851,0.));
#15753=CARTESIAN_POINT('',(0.056655777041535,-0.002040909454774,0.));
#15754=CARTESIAN_POINT('',(0.072814825034142,-0.01703161001205,0.003175));
#15755=CARTESIAN_POINT('',(0.052464362970962,4.477029024045E-05,0.00635));
#15756=CARTESIAN_POINT('',(0.072853020048141,-0.01706366002559,0.00635));
#15757=CARTESIAN_POINT('',(0.072853020048141,-0.01706366002559,-0.001000000190735));
#15758=CARTESIAN_POINT('',(0.072853020048141,-0.01706366002559,0.));
#15759=CARTESIAN_POINT('',(0.05565346805851,-0.00263125599014,0.));
#15760=CARTESIAN_POINT('',(0.072892765021324,-0.01709377002716,0.003175));
#15761=CARTESIAN_POINT('',(0.050712632937485,-0.000290542895389,0.00635));
#15762=CARTESIAN_POINT('',(0.072932509994507,-0.01712388002872,0.00635));
#15763=CARTESIAN_POINT('',(0.072932509994507,-0.01712388002872,-0.001000000190735));
#15764=CARTESIAN_POINT('',(0.072932509994507,-0.01712388002872,0.));
#15765=CARTESIAN_POINT('',(0.054713345291915,-0.003321403042041,-4.440892098501E-19));
#15766=CARTESIAN_POINT('',(0.072973709976673,-0.01715196502208,0.003175));
#15767=CARTESIAN_POINT('',(0.048992936568718,-0.000804873917292,0.00635));
#15768=CARTESIAN_POINT('',(0.073014909958839,-0.01718005001545,0.00635));
#15769=CARTESIAN_POINT('',(0.073014909958839,-0.01718005001545,-0.001000000190735));
#15770=CARTESIAN_POINT('',(0.073014909958839,-0.01718005001545,0.));
#15771=CARTESIAN_POINT('',(0.053840088410475,-0.004109055621861,0.));
#15772=CARTESIAN_POINT('',(0.07305745497942,-0.01720604997873,0.003175));
#15773=CARTESIAN_POINT('',(0.047338806602803,-0.001488960073175,0.00635));
#15774=CARTESIAN_POINT('',(0.0731,-0.01723204994201,0.00635));
#15775=CARTESIAN_POINT('',(0.0731,-0.01723204994201,-0.001000000190735));
#15776=CARTESIAN_POINT('',(0.0731,-0.01723204994201,0.));
#15777=CARTESIAN_POINT('',(0.053051143015561,-0.00497986300304,0.));
#15778=CARTESIAN_POINT('',(0.073143789505959,-0.01725589495897,0.003175));
#15779=CARTESIAN_POINT('',(0.045753830304953,-0.002341042021393,0.00635));
#15780=CARTESIAN_POINT('',(0.073187579011917,-0.01727973997592,0.00635));
#15781=CARTESIAN_POINT('',(0.073187579011917,-0.01727973997592,-0.001000000190735));
#15782=CARTESIAN_POINT('',(0.073187579011917,-0.01727973997592,0.));
#15783=CARTESIAN_POINT('',(0.052348217431072,-0.005931931422788,0.));
#15784=CARTESIAN_POINT('',(0.073232502496243,-0.01730137497186,0.003175));
#15785=CARTESIAN_POINT('',(0.044262222785117,-0.003349387647956,0.00635));
#15786=CARTESIAN_POINT('',(0.073277425980568,-0.0173230099678,0.00635));
#15787=CARTESIAN_POINT('',(0.073277425980568,-0.0173230099678,-0.001000000190735));
#15788=CARTESIAN_POINT('',(0.073277425980568,-0.0173230099678,0.));
#15789=CARTESIAN_POINT('',(0.05174261410986,-0.006951918447844,0.));
#15790=CARTESIAN_POINT('',(0.073323371982574,-0.01734237998724,0.003175));
#15791=CARTESIAN_POINT('',(0.042875795163121,-0.004506221692455,0.00635));
#15792=CARTESIAN_POINT('',(0.073369317984581,-0.01736175000667,0.00635));
#15793=CARTESIAN_POINT('',(0.073369317984581,-0.01736175000667,-0.001000000190735));
#15794=CARTESIAN_POINT('',(0.073369317984581,-0.01736175000667,0.));
#15795=CARTESIAN_POINT('',(0.051239338331495,-0.008032143136092,0.));
#15796=CARTESIAN_POINT('',(0.073416172480583,-0.01737879997491,0.003175));
#15797=CARTESIAN_POINT('',(0.04160640325899,-0.005803484875838,0.00635));
#15798=CARTESIAN_POINT('',(0.073463026976585,-0.01739584994316,0.00635));
#15799=CARTESIAN_POINT('',(0.073463026976585,-0.01739584994316,-0.001000000190735));
#15800=CARTESIAN_POINT('',(0.073463026976585,-0.01739584994316,0.));
#15801=CARTESIAN_POINT('',(0.050843356606963,-0.009164736723139,0.));
#15802=CARTESIAN_POINT('',(0.073510672992468,-0.01741054999828,0.003175));
#15803=CARTESIAN_POINT('',(0.040476656447243,-0.007218682847714,0.00635));
#15804=CARTESIAN_POINT('',(0.07355831900835,-0.0174252500534,0.00635));
#15805=CARTESIAN_POINT('',(0.07355831900835,-0.0174252500534,-0.001000000190735));
#15806=CARTESIAN_POINT('',(0.07355831900835,-0.0174252500534,0.));
#15807=CARTESIAN_POINT('',(0.05056220241506,-0.01033034032673,0.));
#15808=CARTESIAN_POINT('',(0.073606638497114,-0.01743755501508,0.003175));
#15809=CARTESIAN_POINT('',(0.039488606219083,-0.008749112927529,0.00635));
#15810=CARTESIAN_POINT('',(0.073654957985878,-0.01744985997676,0.00635));
#15811=CARTESIAN_POINT('',(0.073654957985878,-0.01744985997676,-0.001000000190735));
#15812=CARTESIAN_POINT('',(0.073654957985878,-0.01744985997676,0.));
#15813=CARTESIAN_POINT('',(0.050396452196627,-0.0115268870765,0.));
#15814=CARTESIAN_POINT('',(0.073703830993176,-0.01745973998308,0.003175));
#15815=CARTESIAN_POINT('',(0.03865718397076,-0.01037482516017,0.00635));
#15816=CARTESIAN_POINT('',(0.073752704000473,-0.01746961998939,0.00635));
#15817=CARTESIAN_POINT('',(0.073752704000473,-0.01746961998939,-0.001000000190735));
#15818=CARTESIAN_POINT('',(0.073752704000473,-0.01746961998939,0.));
#15819=CARTESIAN_POINT('',(0.050349773327919,-0.01273856054409,0.));
#15820=CARTESIAN_POINT('',(0.073802008500695,-0.01747705000639,0.003175));
#15821=CARTESIAN_POINT('',(0.037991002670568,-0.01208045576635,0.00635));
#15822=CARTESIAN_POINT('',(0.073851313000917,-0.01748448002338,0.00635));
#15823=CARTESIAN_POINT('',(0.073851313000917,-0.01748448002338,-0.001000000190735));
#15824=CARTESIAN_POINT('',(0.073851313000917,-0.01748448002338,0.));
#15825=CARTESIAN_POINT('',(0.050423297902059,-0.01395395949185,0.));
#15826=CARTESIAN_POINT('',(0.073900926499069,-0.01748944503068,0.003175));
#15827=CARTESIAN_POINT('',(0.037498190205634,-0.01384648780415,0.00635));
#15828=CARTESIAN_POINT('',(0.07395053999722,-0.01749441003799,0.00635));
#15829=CARTESIAN_POINT('',(0.07395053999722,-0.01749441003799,-0.001000000190735));
#15830=CARTESIAN_POINT('',(0.07395053999722,-0.01749441003799,0.));
#15831=CARTESIAN_POINT('',(0.050616772824078,-0.01515931316339,0.));
#15832=CARTESIAN_POINT('',(0.07400033929795,-0.01749689501524,0.003175));
#15833=CARTESIAN_POINT('',(0.037182989319613,-0.01565971506315,0.00635));
#15834=CARTESIAN_POINT('',(0.0740501385986494,-0.01749937999248,0.00635));
#15835=CARTESIAN_POINT('',(0.07405013859868,-0.01749937999248,-0.001000000190735));
#15836=CARTESIAN_POINT('',(0.0740501385986208,-0.01749937999248,-1.480297366167E-19));
#15837=CARTESIAN_POINT('',(0.050929311745956,-0.01634565438229,-4.440892098501E-19));
#15838=CARTESIAN_POINT('',(0.045599999299645,-0.01749937999248,0.003175));
#15839=CARTESIAN_POINT('',(0.07914986000061,-0.01749937999248,0.007350000190735));
#15840=CARTESIAN_POINT('',(0.0791498600005652,-0.01749937999248,0.00635));
#15841=CARTESIAN_POINT('',(0.0791498600005734,-0.01749937999248,0.));
#15842=CARTESIAN_POINT('',(0.052608241170586,-0.01749937999248,0.));
#15843=CARTESIAN_POINT('',(0.038299999649823,-0.01749937999248,0.00635));
#15844=CARTESIAN_POINT('',(0.079199659919739,-0.01749689501524,0.003175));
#15845=CARTESIAN_POINT('',(0.039607268788368,-0.01947252454981,0.00635));
#15846=CARTESIAN_POINT('',(0.079249459838867,-0.01749441003799,0.00635));
#15847=CARTESIAN_POINT('',(0.079249459838867,-0.01749441003799,-0.001000000190735));
#15848=CARTESIAN_POINT('',(0.079249459838867,-0.01749441003799,0.));
#15849=CARTESIAN_POINT('',(0.054406345885473,-0.01873406210887,0.));
#15850=CARTESIAN_POINT('',(0.079299074983597,-0.01748944503068,0.003175));
#15851=CARTESIAN_POINT('',(0.039861313972006,-0.02143599749139,0.00635));
#15852=CARTESIAN_POINT('',(0.079348690128326,-0.01748448002338,0.00635));
#15853=CARTESIAN_POINT('',(0.079348690128326,-0.01748448002338,0.007350000190735));
#15854=CARTESIAN_POINT('',(0.079348690128326,-0.01748448002338,0.));
#15855=CARTESIAN_POINT('',(0.055075444367226,-0.01991351339979,-4.440892098501E-19));
#15856=CARTESIAN_POINT('',(0.079397995090485,-0.01747705000639,0.003175));
#15857=CARTESIAN_POINT('',(0.040309901943431,-0.02336743473952,0.00635));
#15858=CARTESIAN_POINT('',(0.079447300052643,-0.01746961998939,0.00635));
#15859=CARTESIAN_POINT('',(0.079447300052643,-0.01746961998939,0.007350000190735));
#15860=CARTESIAN_POINT('',(0.079447300052643,-0.01746961998939,0.));
#15861=CARTESIAN_POINT('',(0.055858647572069,-0.02102431471251,-4.440892098501E-19));
#15862=CARTESIAN_POINT('',(0.079496170139313,-0.01745973998308,0.003175));
#15863=CARTESIAN_POINT('',(0.079545040225983,-0.01744985997676,0.007350000190735));
#15864=CARTESIAN_POINT('',(0.079545040225983,-0.01744985997676,0.00635));
#15865=CARTESIAN_POINT('',(0.079545040225983,-0.01744985997676,0.));
#15866=CARTESIAN_POINT('',(0.056750884176185,-0.02205812693565,0.));
#15867=CARTESIAN_POINT('',(0.040950504296122,-0.02525247062532,0.00635));
#15868=CARTESIAN_POINT('',(0.079593360042572,-0.01743755501508,0.003175));
#15869=CARTESIAN_POINT('',(0.041776409855841,-0.02706789212726,0.00635));
#15870=CARTESIAN_POINT('',(0.079641679859161,-0.0174252500534,0.00635));
#15871=CARTESIAN_POINT('',(0.079641679859161,-0.0174252500534,0.007350000190735));
#15872=CARTESIAN_POINT('',(0.079641679859161,-0.0174252500534,0.));
#15873=CARTESIAN_POINT('',(0.057742259878923,-0.02300208255653,0.));
#15874=CARTESIAN_POINT('',(0.079689324951172,-0.01741054999828,0.003175));
#15875=CARTESIAN_POINT('',(0.058824895446777,-0.02384790274269,-4.440892098501E-19));
#15876=CARTESIAN_POINT('',(0.0797369700431764,-0.0173958499431584,-1.480297366167E-19));
#15877=CARTESIAN_POINT('',(0.042781162678288,-0.02879791429925,0.00635));
#15878=CARTESIAN_POINT('',(0.0797369700432714,-0.0173958499431287,0.00635));
#15879=CARTESIAN_POINT('',(0.0797369704789146,-0.0173958498087202,0.003175));
#15880=CARTESIAN_POINT('',(0.079783824968017,-0.0173787998429882,0.003175));
#15881=CARTESIAN_POINT('',(0.079783824968017,-0.0173787998429882,0.00635));
#15882=CARTESIAN_POINT('',(0.07975,-0.0173911084965955,0.00635));
#15883=CARTESIAN_POINT('',(0.07975,-0.0173911084724626,0.003175));
#15884=CARTESIAN_POINT('',(0.07975,-0.0173911084965908,0.));
#15885=CARTESIAN_POINT('',(0.079783824968017,-0.0173787998429882,0.));
#15886=CARTESIAN_POINT('',(0.07975,-0.02115,0.));
#15887=CARTESIAN_POINT('',(0.07975,-0.02115,0.00635));
#15888=CARTESIAN_POINT('',(0.07975,-0.02115,0.00635));
#15889=CARTESIAN_POINT('',(0.07975,-0.02115,0.));
#15890=CARTESIAN_POINT('',(0.07975,-0.02115,0.));
#15891=CARTESIAN_POINT('',(0.07975,-0.02115,0.));
#15892=CARTESIAN_POINT('',(0.,-0.02115,0.));
#15893=CARTESIAN_POINT('',(0.,-0.02115,0.00635));
#15894=CARTESIAN_POINT('',(0.022821496992967,-0.02115,0.00635));
#15895=CARTESIAN_POINT('',(0.022821496992967,-0.02115,0.));
#15896=CARTESIAN_POINT('',(0.022821496992966,-0.02115,0.));
#15897=CARTESIAN_POINT('',(0.,-0.02115,0.));
#15898=CARTESIAN_POINT('',(0.,0.,0.));
#15899=CARTESIAN_POINT('',(0.,0.,0.));
#15900=CARTESIAN_POINT('',(0.022821496992966,0.02115,0.));
#15901=CARTESIAN_POINT('',(0.,0.,0.00635));
#15902=CARTESIAN_POINT('',(0.022821496992967,0.02115,0.00635));
#15903=CARTESIAN_POINT('',(0.022821496992967,0.02115,0.));
#15904=CARTESIAN_POINT('',(0.,-0.02115,0.00635));
#15905=CARTESIAN_POINT('',(0.,0.02115,0.00635));
#15906=CARTESIAN_POINT('',(0.07975,0.02115,0.00635));
#15907=CARTESIAN_POINT('',(0.07975,-0.02115,0.00635));
#15908=CARTESIAN_POINT('',(0.07975,-0.02115,0.));
#15909=CARTESIAN_POINT('',(0.07975,-0.02115,0.));
#15910=CARTESIAN_POINT('',(0.07975,0.02115,0.));
#15911=CARTESIAN_POINT('',(0.07975,0.02115,0.));
#15912=CARTESIAN_POINT('',(0.028616483041527,9.80640437276E-19,0.));
#15913=CARTESIAN_POINT('',(0.,0.02115,0.));
#15914=CARTESIAN_POINT('',(0.,0.02115,0.));
#15915=CARTESIAN_POINT('',(0.0363418490818209,-0.0242799170412334,0.0356959869951465));
#15916=CARTESIAN_POINT('',(0.,-0.0034671,1.38777878078144E-17));
#15917=CARTESIAN_POINT('',(0.,-0.0546862,7.11251303096014E-18));
#15918=CARTESIAN_POINT('',(0.,-0.0546862,-0.028575));
#15919=CARTESIAN_POINT('',(0.,-0.1085342,-1.54074395550979E-33));
#15920=CARTESIAN_POINT('',(0.,-0.1085342,-0.028575));
#15921=CARTESIAN_POINT('',(0.,-0.1085342,0.0142875));
#15922=CARTESIAN_POINT('',(0.,-0.1085342,1.55530143491713E-18));
#15923=CARTESIAN_POINT('',(0.,-0.1085342,-0.0254));
#15924=CARTESIAN_POINT('',(0.,0.1016,0.0711835));
#15925=CARTESIAN_POINT('',(0.,0.1016,2.77555756156289E-17));
#15926=CARTESIAN_POINT('',(0.,0.1016,-0.142367));
#15927=CARTESIAN_POINT('',(0.,-0.0034671,1.38777878078144E-17));
#15928=CARTESIAN_POINT('',(0.,-5.07406616723216E-17,1.43357397081569E-17));
#15929=CARTESIAN_POINT('',(0.,-3.19361166069765E-17,-0.142367));
#15930=CARTESIAN_POINT('',(0.,-3.46944695195361E-17,0.108077));
#15931=CARTESIAN_POINT('',(0.106553,-2.08166817117217E-17,1.2520176551083E-18));
#15932=CARTESIAN_POINT('',(0.106553,-2.34167749187944E-17,0.019685));
#15933=CARTESIAN_POINT('',(0.,9.54097911787244E-18,1.43357397081569E-17));
#15934=CARTESIAN_POINT('',(0.,1.9287134945674E-17,-0.073787));
#15935=CARTESIAN_POINT('',(0.,-0.0034671,1.38777878078144E-17));
#15936=CARTESIAN_POINT('',(0.,-0.03175,1.01420409870719E-17));
#15937=CARTESIAN_POINT('',(0.,-0.03175,-0.073787));
#15938=CARTESIAN_POINT('',(0.,-0.03175,0.063373));
#15939=CARTESIAN_POINT('',(0.,-0.03175,1.01420409870719E-17));
#15940=CARTESIAN_POINT('',(0.,-0.03175,-0.052959));
#15941=CARTESIAN_POINT('',(0.,-0.0034671,1.38777878078144E-17));
#15942=CARTESIAN_POINT('',(0.,-0.038735,9.21942726843324E-18));
#15943=CARTESIAN_POINT('',(0.,-0.038735,-0.052959));
#15944=CARTESIAN_POINT('',(0.,-0.038735,0.0481965));
#15945=CARTESIAN_POINT('',(0.,-0.038735,9.21942726843324E-18));
#15946=CARTESIAN_POINT('',(0.,-0.038735,-0.043434));
#15947=CARTESIAN_POINT('',(0.,-0.0034671,1.38777878078144E-17));
#15948=CARTESIAN_POINT('',(0.,-0.0546862,7.11251303096014E-18));
#15949=CARTESIAN_POINT('',(0.,-0.0546862,-0.043434));
#15950=CARTESIAN_POINT('',(0.,-0.0546862,0.0360045));
#15951=CARTESIAN_POINT('',(0.106553,-0.023622,-1.86809419337894E-18));
#15952=CARTESIAN_POINT('',(0.106553,-0.023622,-1.86809419337894E-18));
#15953=CARTESIAN_POINT('',(0.106553,-0.023622,-0.019685));
#15954=CARTESIAN_POINT('',(0.,-0.023622,2.46354637671417E-17));
#15955=CARTESIAN_POINT('',(0.106553,-0.023622,-8.18265724809868E-19));
#15956=CARTESIAN_POINT('',(0.106553,-0.023622,-0.017145));
#15957=CARTESIAN_POINT('',(0.106553,-0.036322,-2.49574521324387E-18));
#15958=CARTESIAN_POINT('',(0.106553,-0.036322,-2.49574521324387E-18));
#15959=CARTESIAN_POINT('',(0.106553,-0.036322,-0.017145));
#15960=CARTESIAN_POINT('',(0.106553,-0.036322,-4.79759133692123E-18));
#15961=CARTESIAN_POINT('',(0.116169750106191,-0.036322,-0.00555223326253901));
#15962=CARTESIAN_POINT('',(0.112964166737461,-0.036322,-0.011104466525078));
#15963=CARTESIAN_POINT('',(0.119375333474922,-0.036322,-3.46944695195361E-18));
#15964=CARTESIAN_POINT('',(0.106553,-0.036322,-0.011104466525078));
#15965=CARTESIAN_POINT('',(0.100141833262539,-0.036322,-0.011104466525078));
#15966=CARTESIAN_POINT('',(0.0969362498938086,-0.036322,-0.00555223326253902));
#15967=CARTESIAN_POINT('',(0.0937306665250781,-0.036322,-4.33680868994202E-19));
#15968=CARTESIAN_POINT('',(0.0969362498938086,-0.036322,0.00555223326253901));
#15969=CARTESIAN_POINT('',(0.100141833262539,-0.036322,0.011104466525078));
#15970=CARTESIAN_POINT('',(0.106553,-0.036322,0.011104466525078));
#15971=CARTESIAN_POINT('',(0.112964166737461,-0.036322,0.011104466525078));
#15972=CARTESIAN_POINT('',(0.116169750106191,-0.036322,0.00555223326253901));
#15973=CARTESIAN_POINT('',(0.116169750106191,-0.0600456,-0.00555223326253902));
#15974=CARTESIAN_POINT('',(0.119375333474922,-0.0600456,-6.60297863634832E-18));
#15975=CARTESIAN_POINT('',(0.119375333474922,-0.0600456,-6.60297863634832E-18));
#15976=CARTESIAN_POINT('',(0.116169750106191,-0.0600456,-0.00555223326253902));
#15977=CARTESIAN_POINT('',(0.112964166737461,-0.0600456,-0.011104466525078));
#15978=CARTESIAN_POINT('',(0.112964166737461,-0.0600456,-0.011104466525078));
#15979=CARTESIAN_POINT('',(0.116169750106191,-0.0600456,0.00555223326253901));
#15980=CARTESIAN_POINT('',(0.112964166737461,-0.0600456,0.011104466525078));
#15981=CARTESIAN_POINT('',(0.112964166737461,-0.0600456,0.011104466525078));
#15982=CARTESIAN_POINT('',(0.116169750106191,-0.0600456,0.00555223326253901));
#15983=CARTESIAN_POINT('',(0.106553,-0.0600456,0.011104466525078));
#15984=CARTESIAN_POINT('',(0.100141833262539,-0.0600456,0.011104466525078));
#15985=CARTESIAN_POINT('',(0.100141833262539,-0.0600456,0.011104466525078));
#15986=CARTESIAN_POINT('',(0.106553,-0.0600456,0.011104466525078));
#15987=CARTESIAN_POINT('',(0.0969362498938086,-0.0600456,0.00555223326253901));
#15988=CARTESIAN_POINT('',(0.0937306665250781,-0.0600456,-3.56721255338891E-18));
#15989=CARTESIAN_POINT('',(0.0937306665250781,-0.0600456,-3.56721255338891E-18));
#15990=CARTESIAN_POINT('',(0.0969362498938086,-0.0600456,0.00555223326253901));
#15991=CARTESIAN_POINT('',(0.0969362498938086,-0.0600456,-0.00555223326253903));
#15992=CARTESIAN_POINT('',(0.100141833262539,-0.0600456,-0.011104466525078));
#15993=CARTESIAN_POINT('',(0.100141833262539,-0.0600456,-0.011104466525078));
#15994=CARTESIAN_POINT('',(0.0969362498938086,-0.0600456,-0.00555223326253903));
#15995=CARTESIAN_POINT('',(0.106553,-0.0600456,-0.011104466525078));
#15996=CARTESIAN_POINT('',(0.106553,-0.0600456,-0.011104466525078));
#15997=CARTESIAN_POINT('',(0.106553,-0.0600456,-4.46167606936233E-18));
#15998=CARTESIAN_POINT('',(0.,-0.0546862,8.66781446587728E-18));
#15999=CARTESIAN_POINT('',(0.,-0.0546862,8.66781446587728E-18));
#16000=CARTESIAN_POINT('',(0.,-0.0546862,-0.0254));
#16001=CARTESIAN_POINT('',(0.,-0.0546862,6.65456113061767E-18));
#16002=CARTESIAN_POINT('',(-0.0702111509181791,-0.00395991704123336,0.0356959869951465));
#16003=MECHANICAL_DESIGN_GEOMETRIC_PRESENTATION_REPRESENTATION('',(#9839,#9840,#9841),#16004);
#16004=(
GEOMETRIC_REPRESENTATION_CONTEXT(3)
GLOBAL_UNCERTAINTY_ASSIGNED_CONTEXT((#16008))
GLOBAL_UNIT_ASSIGNED_CONTEXT((#16014,#16013,#16012))
REPRESENTATION_CONTEXT('Assembly 1','TOP_LEVEL_ASSEMBLY_PART')
);
#16005=(
GEOMETRIC_REPRESENTATION_CONTEXT(3)
GLOBAL_UNCERTAINTY_ASSIGNED_CONTEXT((#16009))
GLOBAL_UNIT_ASSIGNED_CONTEXT((#16014,#16013,#16012))
REPRESENTATION_CONTEXT('difference','COMPONENT_PART')
);
#16006=(
GEOMETRIC_REPRESENTATION_CONTEXT(3)
GLOBAL_UNCERTAINTY_ASSIGNED_CONTEXT((#16010))
GLOBAL_UNIT_ASSIGNED_CONTEXT((#16014,#16013,#16012))
REPRESENTATION_CONTEXT('difference','COMPONENT_PART')
);
#16007=(
GEOMETRIC_REPRESENTATION_CONTEXT(3)
GLOBAL_UNCERTAINTY_ASSIGNED_CONTEXT((#16011))
GLOBAL_UNIT_ASSIGNED_CONTEXT((#16014,#16013,#16012))
REPRESENTATION_CONTEXT('BackOfScope','COMPONENT_PART')
);
#16008=UNCERTAINTY_MEASURE_WITH_UNIT(LENGTH_MEASURE(1.E-08),#16014,'DISTANCE_ACCURACY_VALUE','Maximum Tolerance applied to model');
#16009=UNCERTAINTY_MEASURE_WITH_UNIT(LENGTH_MEASURE(1.E-06),#16014,'DISTANCE_ACCURACY_VALUE','Maximum Tolerance applied to model');
#16010=UNCERTAINTY_MEASURE_WITH_UNIT(LENGTH_MEASURE(1.E-06),#16014,'DISTANCE_ACCURACY_VALUE','Maximum Tolerance applied to model');
#16011=UNCERTAINTY_MEASURE_WITH_UNIT(LENGTH_MEASURE(1.E-08),#16014,'DISTANCE_ACCURACY_VALUE','Maximum Tolerance applied to model');
#16012=(
NAMED_UNIT(*)
SI_UNIT($,.STERADIAN.)
SOLID_ANGLE_UNIT()
);
#16013=(
NAMED_UNIT(*)
PLANE_ANGLE_UNIT()
SI_UNIT($,.RADIAN.)
);
#16014=(
LENGTH_UNIT()
NAMED_UNIT(*)
SI_UNIT($,.METRE.)
);
#16015=PRODUCT_DEFINITION_SHAPE('','',#16022);
#16016=PRODUCT_DEFINITION_SHAPE('','',#16023);
#16017=PRODUCT_DEFINITION_SHAPE(' ','NAUO PRDDFN',#13);
#16018=PRODUCT_DEFINITION_SHAPE('','',#16024);
#16019=PRODUCT_DEFINITION_SHAPE(' ','NAUO PRDDFN',#14);
#16020=PRODUCT_DEFINITION_SHAPE('','',#16025);
#16021=PRODUCT_DEFINITION_SHAPE(' ','NAUO PRDDFN',#15);
#16022=PRODUCT_DEFINITION('','',#16030,#16026);
#16023=PRODUCT_DEFINITION('','',#16031,#16027);
#16024=PRODUCT_DEFINITION('','',#16032,#16028);
#16025=PRODUCT_DEFINITION('','',#16033,#16029);
#16026=PRODUCT_DEFINITION_CONTEXT('',#16051,'design');
#16027=PRODUCT_DEFINITION_CONTEXT('',#16051,'design');
#16028=PRODUCT_DEFINITION_CONTEXT('',#16051,'design');
#16029=PRODUCT_DEFINITION_CONTEXT('',#16051,'design');
#16030=PRODUCT_DEFINITION_FORMATION_WITH_SPECIFIED_SOURCE('','',#16038,.NOT_KNOWN.);
#16031=PRODUCT_DEFINITION_FORMATION_WITH_SPECIFIED_SOURCE('','',#16039,.NOT_KNOWN.);
#16032=PRODUCT_DEFINITION_FORMATION_WITH_SPECIFIED_SOURCE('','',#16040,.NOT_KNOWN.);
#16033=PRODUCT_DEFINITION_FORMATION_WITH_SPECIFIED_SOURCE('','',#16041,.NOT_KNOWN.);
#16034=PRODUCT_RELATED_PRODUCT_CATEGORY('','',(#16038));
#16035=PRODUCT_RELATED_PRODUCT_CATEGORY('','',(#16039));
#16036=PRODUCT_RELATED_PRODUCT_CATEGORY('','',(#16040));
#16037=PRODUCT_RELATED_PRODUCT_CATEGORY('','',(#16041));
#16038=PRODUCT('Assembly 1','Assembly 1','Assembly 1',(#16046));
#16039=PRODUCT('difference','difference','difference',(#16047));
#16040=PRODUCT('difference','difference','difference',(#16048));
#16041=PRODUCT('BackOfScope','BackOfScope','BackOfScope',(#16049));
#16042=PRODUCT_CATEGORY('','');
#16043=PRODUCT_CATEGORY('','');
#16044=PRODUCT_CATEGORY('','');
#16045=PRODUCT_CATEGORY('','');
#16046=PRODUCT_CONTEXT('',#16051,'mechanical');
#16047=PRODUCT_CONTEXT('',#16051,'mechanical');
#16048=PRODUCT_CONTEXT('',#16051,'mechanical');
#16049=PRODUCT_CONTEXT('',#16051,'mechanical');
#16050=APPLICATION_PROTOCOL_DEFINITION('international standard','ap242_managed_model_based_3d_engineering',2020,#16051);
#16051=APPLICATION_CONTEXT('managed model based 3d engineering');
ENDSEC;
END-ISO-10303-21;
